[10Mar2026 09:59:05.560] [main/INFO] [cpw.mods.modlauncher.Launcher/MODLAUNCHER]: ModLauncher running: args [--launchTarget, forgeserver, --fml.forgeVersion, 47.3.7, --fml.mcVersion, 1.20.1, --fml.forgeGroup, net.minecraftforge, --fml.mcpVersion, 20230612.114412, nogui]
[10Mar2026 09:59:05.566] [main/INFO] [cpw.mods.modlauncher.Launcher/MODLAUNCHER]: ModLauncher 10.0.9+10.0.9+main.dcd20f30 starting: java version 17.0.18 by Ubuntu; OS Linux arch amd64 version 6.8.0-1044-azure
[10Mar2026 09:59:05.592] [main/DEBUG] [cpw.mods.modlauncher.LaunchServiceHandler/MODLAUNCHER]: Found launch services [fmlclientdev,forgeclient,minecraft,forgegametestserverdev,fmlserveruserdev,fmlclient,fmldatauserdev,forgeserverdev,forgeserveruserdev,forgeclientdev,forgeclientuserdev,forgeserver,forgedatadev,fmlserver,fmlclientuserdev,fmlserverdev,forgedatauserdev,testharness,forgegametestserveruserdev]
[10Mar2026 09:59:05.605] [main/DEBUG] [cpw.mods.modlauncher.NameMappingServiceHandler/MODLAUNCHER]: Found naming services : [srgtomcp]
[10Mar2026 09:59:05.621] [main/DEBUG] [cpw.mods.modlauncher.LaunchPluginHandler/MODLAUNCHER]: Found launch plugins: [mixin,eventbus,slf4jfixer,object_holder_definalize,runtime_enum_extender,capability_token_subclass,accesstransformer,runtimedistcleaner]
[10Mar2026 09:59:05.634] [main/DEBUG] [cpw.mods.modlauncher.TransformationServicesHandler/MODLAUNCHER]: Discovering transformation services
[10Mar2026 09:59:05.640] [main/DEBUG] [net.minecraftforge.fml.loading.FMLPaths/CORE]: Path GAMEDIR is /workspaces/Mine-cra/servidor_minecraft
[10Mar2026 09:59:05.640] [main/DEBUG] [net.minecraftforge.fml.loading.FMLPaths/CORE]: Path MODSDIR is /workspaces/Mine-cra/servidor_minecraft/mods
[10Mar2026 09:59:05.640] [main/DEBUG] [net.minecraftforge.fml.loading.FMLPaths/CORE]: Path CONFIGDIR is /workspaces/Mine-cra/servidor_minecraft/config
[10Mar2026 09:59:05.640] [main/DEBUG] [net.minecraftforge.fml.loading.FMLPaths/CORE]: Path FMLCONFIG is /workspaces/Mine-cra/servidor_minecraft/config/fml.toml
[10Mar2026 09:59:06.410] [main/DEBUG] [cpw.mods.modlauncher.TransformationServicesHandler/MODLAUNCHER]: Found additional transformation services from discovery services: 
[10Mar2026 09:59:06.416] [main/INFO] [net.minecraftforge.fml.loading.ImmediateWindowHandler/]: ImmediateWindowProvider not loading because launch target is forgeserver
[10Mar2026 09:59:06.423] [main/DEBUG] [cpw.mods.modlauncher.TransformationServicesHandler/MODLAUNCHER]: Found transformer services : [mixin,fml]
[10Mar2026 09:59:06.424] [main/DEBUG] [cpw.mods.modlauncher.TransformationServicesHandler/MODLAUNCHER]: Transformation services loading
[10Mar2026 09:59:06.424] [main/DEBUG] [cpw.mods.modlauncher.TransformationServiceDecorator/MODLAUNCHER]: Loading service mixin
[10Mar2026 09:59:06.425] [main/DEBUG] [cpw.mods.modlauncher.TransformationServiceDecorator/MODLAUNCHER]: Loaded service mixin
[10Mar2026 09:59:06.425] [main/DEBUG] [cpw.mods.modlauncher.TransformationServiceDecorator/MODLAUNCHER]: Loading service fml
[10Mar2026 09:59:06.426] [main/DEBUG] [net.minecraftforge.fml.loading.LauncherVersion/CORE]: Found FMLLauncher version 1.0
[10Mar2026 09:59:06.426] [main/DEBUG] [net.minecraftforge.fml.loading.FMLLoader/CORE]: FML 1.0 loading
[10Mar2026 09:59:06.426] [main/DEBUG] [net.minecraftforge.fml.loading.FMLLoader/CORE]: FML found ModLauncher version : 10.0.9+10.0.9+main.dcd20f30
[10Mar2026 09:59:06.427] [main/DEBUG] [net.minecraftforge.fml.loading.FMLLoader/CORE]: FML found AccessTransformer version : 8.0.4+66+master.c09db6d7
[10Mar2026 09:59:06.427] [main/DEBUG] [net.minecraftforge.fml.loading.FMLLoader/CORE]: FML found EventBus version : 6.0.5+6.0.5+master.eb8e549b
[10Mar2026 09:59:06.427] [main/DEBUG] [net.minecraftforge.fml.loading.FMLLoader/CORE]: Found Runtime Dist Cleaner
[10Mar2026 09:59:06.429] [main/DEBUG] [net.minecraftforge.fml.loading.FMLLoader/CORE]: FML found CoreMod version : 5.1.6
[10Mar2026 09:59:06.429] [main/DEBUG] [net.minecraftforge.fml.loading.FMLLoader/CORE]: Found ForgeSPI package implementation version 7.0.1+7.0.1+master.d2b38bf6
[10Mar2026 09:59:06.429] [main/DEBUG] [net.minecraftforge.fml.loading.FMLLoader/CORE]: Found ForgeSPI package specification 5
[10Mar2026 09:59:06.430] [main/DEBUG] [cpw.mods.modlauncher.TransformationServiceDecorator/MODLAUNCHER]: Loaded service fml
[10Mar2026 09:59:06.430] [main/DEBUG] [cpw.mods.modlauncher.TransformationServicesHandler/MODLAUNCHER]: Configuring option handling for services
[10Mar2026 09:59:06.439] [main/DEBUG] [cpw.mods.modlauncher.TransformationServicesHandler/MODLAUNCHER]: Transformation services initializing
[10Mar2026 09:59:06.440] [main/DEBUG] [cpw.mods.modlauncher.TransformationServiceDecorator/MODLAUNCHER]: Initializing transformation service mixin
[10Mar2026 09:59:06.455] [main/DEBUG] [mixin/]: MixinService [ModLauncher] was successfully booted in cpw.mods.cl.ModuleClassLoader@7a3d45bd
[10Mar2026 09:59:06.477] [main/INFO] [mixin/]: SpongePowered MIXIN Subsystem Version=0.8.5 Source=union:/workspaces/Mine-cra/servidor_minecraft/libraries/org/spongepowered/mixin/0.8.5/mixin-0.8.5.jar%2365!/ Service=ModLauncher Env=SERVER
[10Mar2026 09:59:06.481] [main/DEBUG] [mixin/]: Initialising Mixin Platform Manager
[10Mar2026 09:59:06.481] [main/DEBUG] [mixin/]: Adding mixin platform agents for container ModLauncher Root Container(ModLauncher:4f56a0a2)
[10Mar2026 09:59:06.482] [main/DEBUG] [mixin/]: Instancing new MixinPlatformAgentMinecraftForge for ModLauncher Root Container(ModLauncher:4f56a0a2)
[10Mar2026 09:59:06.482] [main/DEBUG] [mixin/]: MixinPlatformAgentMinecraftForge rejected container ModLauncher Root Container(ModLauncher:4f56a0a2)
[10Mar2026 09:59:06.483] [main/DEBUG] [mixin/]: Instancing new MixinPlatformAgentDefault for ModLauncher Root Container(ModLauncher:4f56a0a2)
[10Mar2026 09:59:06.483] [main/DEBUG] [mixin/]: MixinPlatformAgentDefault accepted container ModLauncher Root Container(ModLauncher:4f56a0a2)
[10Mar2026 09:59:06.486] [main/DEBUG] [cpw.mods.modlauncher.TransformationServiceDecorator/MODLAUNCHER]: Initialized transformation service mixin
[10Mar2026 09:59:06.486] [main/DEBUG] [cpw.mods.modlauncher.TransformationServiceDecorator/MODLAUNCHER]: Initializing transformation service fml
[10Mar2026 09:59:06.487] [main/DEBUG] [net.minecraftforge.fml.loading.FMLServiceProvider/CORE]: Setting up basic FML game directories
[10Mar2026 09:59:06.487] [main/DEBUG] [net.minecraftforge.fml.loading.FMLPaths/CORE]: Path GAMEDIR is /workspaces/Mine-cra/servidor_minecraft
[10Mar2026 09:59:06.487] [main/DEBUG] [net.minecraftforge.fml.loading.FMLPaths/CORE]: Path MODSDIR is /workspaces/Mine-cra/servidor_minecraft/mods
[10Mar2026 09:59:06.487] [main/DEBUG] [net.minecraftforge.fml.loading.FMLPaths/CORE]: Path CONFIGDIR is /workspaces/Mine-cra/servidor_minecraft/config
[10Mar2026 09:59:06.488] [main/DEBUG] [net.minecraftforge.fml.loading.FMLPaths/CORE]: Path FMLCONFIG is /workspaces/Mine-cra/servidor_minecraft/config/fml.toml
[10Mar2026 09:59:06.488] [main/DEBUG] [net.minecraftforge.fml.loading.FMLServiceProvider/CORE]: Loading configuration
[10Mar2026 09:59:06.490] [main/DEBUG] [net.minecraftforge.fml.loading.FMLServiceProvider/CORE]: Preparing ModFile
[10Mar2026 09:59:06.493] [main/DEBUG] [net.minecraftforge.fml.loading.FMLServiceProvider/CORE]: Preparing launch handler
[10Mar2026 09:59:06.493] [main/DEBUG] [net.minecraftforge.fml.loading.FMLLoader/CORE]: Using forgeserver as launch service
[10Mar2026 09:59:06.505] [main/DEBUG] [net.minecraftforge.fml.loading.FMLLoader/CORE]: Received command line version data  : VersionInfo[forgeVersion=47.3.7, mcVersion=1.20.1, mcpVersion=20230612.114412, forgeGroup=net.minecraftforge]
[10Mar2026 09:59:06.507] [main/DEBUG] [cpw.mods.modlauncher.TransformationServiceDecorator/MODLAUNCHER]: Initialized transformation service fml
[10Mar2026 09:59:06.507] [main/DEBUG] [cpw.mods.modlauncher.NameMappingServiceHandler/MODLAUNCHER]: Current naming domain is 'srg'
[10Mar2026 09:59:06.508] [main/DEBUG] [cpw.mods.modlauncher.NameMappingServiceHandler/MODLAUNCHER]: Identified name mapping providers {}
[10Mar2026 09:59:06.508] [main/DEBUG] [cpw.mods.modlauncher.TransformationServicesHandler/MODLAUNCHER]: Transformation services begin scanning
[10Mar2026 09:59:06.509] [main/DEBUG] [cpw.mods.modlauncher.TransformationServiceDecorator/MODLAUNCHER]: Beginning scan trigger - transformation service mixin
[10Mar2026 09:59:06.509] [main/DEBUG] [cpw.mods.modlauncher.TransformationServiceDecorator/MODLAUNCHER]: End scan trigger - transformation service mixin
[10Mar2026 09:59:06.509] [main/DEBUG] [cpw.mods.modlauncher.TransformationServiceDecorator/MODLAUNCHER]: Beginning scan trigger - transformation service fml
[10Mar2026 09:59:06.509] [main/DEBUG] [net.minecraftforge.fml.loading.FMLServiceProvider/CORE]: Initiating mod scan
[10Mar2026 09:59:06.519] [main/DEBUG] [net.minecraftforge.fml.loading.moddiscovery.ModListHandler/CORE]: Found mod coordinates from lists: []
[10Mar2026 09:59:06.525] [main/DEBUG] [net.minecraftforge.fml.loading.moddiscovery.ModDiscoverer/CORE]: Found Mod Locators : (mods folder:null),(maven libs:null),(exploded directory:null),(minecraft:null),(userdev classpath:null)
[10Mar2026 09:59:06.526] [main/DEBUG] [net.minecraftforge.fml.loading.moddiscovery.ModDiscoverer/CORE]: Found Dependency Locators : (JarInJar:null)
[10Mar2026 09:59:06.536] [main/DEBUG] [net.minecraftforge.fml.loading.moddiscovery.ModFileParser/LOADING]: Considering mod file candidate /workspaces/Mine-cra/servidor_minecraft/mods/aether-1.20.1-1.5.2-neoforge.jar
[10Mar2026 09:59:06.596] [main/DEBUG] [net.minecraftforge.fml.loading.moddiscovery.ModFileInfo/LOADING]: Found valid mod file aether-1.20.1-1.5.2-neoforge.jar with {aether} mods - versions {1.20.1-1.5.2-neoforge}
[10Mar2026 09:59:06.597] [main/DEBUG] [net.minecraftforge.fml.loading.moddiscovery.ModFileParser/LOADING]: Considering mod file candidate /workspaces/Mine-cra/servidor_minecraft/mods/appleskin-forge-mc1.20.1-2.5.1.jar
[10Mar2026 09:59:06.599] [main/DEBUG] [net.minecraftforge.fml.loading.moddiscovery.ModFileInfo/LOADING]: Found valid mod file appleskin-forge-mc1.20.1-2.5.1.jar with {appleskin} mods - versions {2.5.1+mc1.20.1}
[10Mar2026 09:59:06.600] [main/DEBUG] [net.minecraftforge.fml.loading.moddiscovery.ModFileParser/LOADING]: Considering mod file candidate /workspaces/Mine-cra/servidor_minecraft/mods/balm-forge-1.20.1-7.3.38-all.jar
[10Mar2026 09:59:06.602] [main/DEBUG] [net.minecraftforge.fml.loading.moddiscovery.ModFileInfo/LOADING]: Found valid mod file balm-forge-1.20.1-7.3.38-all.jar with {balm} mods - versions {7.3.38}
[10Mar2026 09:59:06.604] [main/DEBUG] [net.minecraftforge.fml.loading.moddiscovery.ModFileParser/LOADING]: Considering mod file candidate /workspaces/Mine-cra/servidor_minecraft/mods/cookingforblockheads-forge-1.20.1-16.0.15.jar
[10Mar2026 09:59:06.605] [main/DEBUG] [net.minecraftforge.fml.loading.moddiscovery.ModFileInfo/LOADING]: Found valid mod file cookingforblockheads-forge-1.20.1-16.0.15.jar with {cookingforblockheads} mods - versions {16.0.15}
[10Mar2026 09:59:06.606] [main/DEBUG] [net.minecraftforge.fml.loading.moddiscovery.ModFileParser/LOADING]: Considering mod file candidate /workspaces/Mine-cra/servidor_minecraft/mods/culturaldelights-0.16.5.jar
[10Mar2026 09:59:06.610] [main/DEBUG] [net.minecraftforge.fml.loading.moddiscovery.ModFileInfo/LOADING]: Found valid mod file culturaldelights-0.16.5.jar with {culturaldelights} mods - versions {0.16.5}
[10Mar2026 09:59:06.611] [main/DEBUG] [net.minecraftforge.fml.loading.moddiscovery.ModFileParser/LOADING]: Considering mod file candidate /workspaces/Mine-cra/servidor_minecraft/mods/curios-forge-5.14.1+1.20.1.jar
[10Mar2026 09:59:06.613] [main/DEBUG] [net.minecraftforge.fml.loading.moddiscovery.ModFileInfo/LOADING]: Found valid mod file curios-forge-5.14.1+1.20.1.jar with {curios} mods - versions {5.14.1+1.20.1}
[10Mar2026 09:59:06.615] [main/DEBUG] [net.minecraftforge.fml.loading.moddiscovery.ModFileParser/LOADING]: Considering mod file candidate /workspaces/Mine-cra/servidor_minecraft/mods/enemyexpansion-2.3.1-forge-1.20.1.jar
[10Mar2026 09:59:06.616] [main/DEBUG] [net.minecraftforge.fml.loading.moddiscovery.ModFileInfo/LOADING]: Found valid mod file enemyexpansion-2.3.1-forge-1.20.1.jar with {enemyexpansion} mods - versions {2.3.1}
[10Mar2026 09:59:06.620] [main/DEBUG] [net.minecraftforge.fml.loading.moddiscovery.ModFileParser/LOADING]: Considering mod file candidate /workspaces/Mine-cra/servidor_minecraft/mods/FallingTree-1.20.1-4.3.4.jar
[10Mar2026 09:59:06.623] [main/DEBUG] [net.minecraftforge.fml.loading.moddiscovery.ModFileInfo/LOADING]: Found valid mod file FallingTree-1.20.1-4.3.4.jar with {fallingtree} mods - versions {4.3.4}
[10Mar2026 09:59:06.625] [main/DEBUG] [net.minecraftforge.fml.loading.moddiscovery.ModFileParser/LOADING]: Considering mod file candidate /workspaces/Mine-cra/servidor_minecraft/mods/FarmersDelight-1.20.1-1.2.10.jar
[10Mar2026 09:59:06.627] [main/DEBUG] [net.minecraftforge.fml.loading.moddiscovery.ModFileInfo/LOADING]: Found valid mod file FarmersDelight-1.20.1-1.2.10.jar with {farmersdelight} mods - versions {1.20.1-1.2.10}
[10Mar2026 09:59:06.630] [main/DEBUG] [net.minecraftforge.fml.loading.moddiscovery.ModFileParser/LOADING]: Considering mod file candidate /workspaces/Mine-cra/servidor_minecraft/mods/framework-forge-1.20.1-0.8.0.jar
[10Mar2026 09:59:06.631] [main/DEBUG] [net.minecraftforge.fml.loading.moddiscovery.ModFileInfo/LOADING]: Found valid mod file framework-forge-1.20.1-0.8.0.jar with {framework} mods - versions {0.8.0}
[10Mar2026 09:59:06.633] [main/DEBUG] [net.minecraftforge.fml.loading.moddiscovery.ModFileParser/LOADING]: Considering mod file candidate /workspaces/Mine-cra/servidor_minecraft/mods/fruitsdelight-1.1.1.jar
[10Mar2026 09:59:06.636] [main/DEBUG] [net.minecraftforge.fml.loading.moddiscovery.ModFileInfo/LOADING]: Found valid mod file fruitsdelight-1.1.1.jar with {fruitsdelight} mods - versions {1.1.1}
[10Mar2026 09:59:06.637] [main/DEBUG] [net.minecraftforge.fml.loading.moddiscovery.ModFileParser/LOADING]: Considering mod file candidate /workspaces/Mine-cra/servidor_minecraft/mods/geckolib-forge-1.20.1-4.8.3.jar
[10Mar2026 09:59:06.638] [main/DEBUG] [net.minecraftforge.fml.loading.moddiscovery.ModFileInfo/LOADING]: Found valid mod file geckolib-forge-1.20.1-4.8.3.jar with {geckolib} mods - versions {4.8.3}
[10Mar2026 09:59:06.648] [main/DEBUG] [net.minecraftforge.fml.loading.moddiscovery.ModFileParser/LOADING]: Considering mod file candidate /workspaces/Mine-cra/servidor_minecraft/mods/handcrafted-forge-1.20.1-3.0.6.jar
[10Mar2026 09:59:06.650] [main/DEBUG] [net.minecraftforge.fml.loading.moddiscovery.ModFileInfo/LOADING]: Found valid mod file handcrafted-forge-1.20.1-3.0.6.jar with {handcrafted} mods - versions {3.0.6}
[10Mar2026 09:59:06.651] [main/DEBUG] [net.minecraftforge.fml.loading.moddiscovery.ModFileParser/LOADING]: Considering mod file candidate /workspaces/Mine-cra/servidor_minecraft/mods/jei-1.20.1-forge-15.20.0.129.jar
[10Mar2026 09:59:06.653] [main/DEBUG] [net.minecraftforge.fml.loading.moddiscovery.ModFileInfo/LOADING]: Found valid mod file jei-1.20.1-forge-15.20.0.129.jar with {jei} mods - versions {15.20.0.129}
[10Mar2026 09:59:06.656] [main/DEBUG] [net.minecraftforge.fml.loading.moddiscovery.ModFileParser/LOADING]: Considering mod file candidate /workspaces/Mine-cra/servidor_minecraft/mods/journeymap-1.20.1-5.10.3-forge.jar
[10Mar2026 09:59:06.657] [main/DEBUG] [net.minecraftforge.fml.loading.moddiscovery.ModFileInfo/LOADING]: Found valid mod file journeymap-1.20.1-5.10.3-forge.jar with {journeymap} mods - versions {5.10.3}
[10Mar2026 09:59:06.705] [main/DEBUG] [net.minecraftforge.fml.loading.moddiscovery.ModFileParser/LOADING]: Considering mod file candidate /workspaces/Mine-cra/servidor_minecraft/mods/refurbished_furniture-forge-1.20.1-1.0.20.jar
[10Mar2026 09:59:06.707] [main/DEBUG] [net.minecraftforge.fml.loading.moddiscovery.ModFileInfo/LOADING]: Found valid mod file refurbished_furniture-forge-1.20.1-1.0.20.jar with {refurbished_furniture} mods - versions {1.0.20}
[10Mar2026 09:59:06.708] [main/DEBUG] [net.minecraftforge.fml.loading.moddiscovery.ModFileParser/LOADING]: Considering mod file candidate /workspaces/Mine-cra/servidor_minecraft/mods/resourcefullib-forge-1.20.1-2.1.29.jar
[10Mar2026 09:59:06.709] [main/DEBUG] [net.minecraftforge.fml.loading.moddiscovery.ModFileInfo/LOADING]: Found valid mod file resourcefullib-forge-1.20.1-2.1.29.jar with {resourcefullib} mods - versions {2.1.29}
[10Mar2026 09:59:06.711] [main/DEBUG] [net.minecraftforge.fml.loading.moddiscovery.ModFileParser/LOADING]: Considering mod file candidate /workspaces/Mine-cra/servidor_minecraft/mods/sophisticatedbackpacks-1.20.1-3.24.24.1538.jar
[10Mar2026 09:59:06.712] [main/DEBUG] [net.minecraftforge.fml.loading.moddiscovery.ModFileInfo/LOADING]: Found valid mod file sophisticatedbackpacks-1.20.1-3.24.24.1538.jar with {sophisticatedbackpacks} mods - versions {3.24.24.1538}
[10Mar2026 09:59:06.713] [main/DEBUG] [net.minecraftforge.fml.loading.moddiscovery.ModFileParser/LOADING]: Considering mod file candidate /workspaces/Mine-cra/servidor_minecraft/mods/sophisticatedcore-1.20.1-1.3.5.1505.jar
[10Mar2026 09:59:06.714] [main/DEBUG] [net.minecraftforge.fml.loading.moddiscovery.ModFileInfo/LOADING]: Found valid mod file sophisticatedcore-1.20.1-1.3.5.1505.jar with {sophisticatedcore} mods - versions {1.3.5.1505}
[10Mar2026 09:59:06.854] [main/DEBUG] [net.minecraftforge.fml.loading.moddiscovery.ModFileInfo/LOADING]: Found valid mod file server-1.20.1-20230612.114412-srg.jar with {minecraft} mods - versions {1.20.1}
[10Mar2026 09:59:06.856] [main/DEBUG] [net.minecraftforge.fml.loading.moddiscovery.ModFileParser/LOADING]: Considering mod file candidate /workspaces/Mine-cra/servidor_minecraft/libraries/net/minecraftforge/fmlcore/1.20.1-47.3.7/fmlcore-1.20.1-47.3.7.jar
[10Mar2026 09:59:06.857] [main/WARN] [net.minecraftforge.fml.loading.moddiscovery.ModFileParser/LOADING]: Mod file /workspaces/Mine-cra/servidor_minecraft/libraries/net/minecraftforge/fmlcore/1.20.1-47.3.7/fmlcore-1.20.1-47.3.7.jar is missing mods.toml file
[10Mar2026 09:59:06.858] [main/DEBUG] [net.minecraftforge.fml.loading.moddiscovery.ModFileParser/LOADING]: Considering mod file candidate /workspaces/Mine-cra/servidor_minecraft/libraries/net/minecraftforge/javafmllanguage/1.20.1-47.3.7/javafmllanguage-1.20.1-47.3.7.jar
[10Mar2026 09:59:06.858] [main/WARN] [net.minecraftforge.fml.loading.moddiscovery.ModFileParser/LOADING]: Mod file /workspaces/Mine-cra/servidor_minecraft/libraries/net/minecraftforge/javafmllanguage/1.20.1-47.3.7/javafmllanguage-1.20.1-47.3.7.jar is missing mods.toml file
[10Mar2026 09:59:06.860] [main/DEBUG] [net.minecraftforge.fml.loading.moddiscovery.ModFileParser/LOADING]: Considering mod file candidate /workspaces/Mine-cra/servidor_minecraft/libraries/net/minecraftforge/lowcodelanguage/1.20.1-47.3.7/lowcodelanguage-1.20.1-47.3.7.jar
[10Mar2026 09:59:06.860] [main/WARN] [net.minecraftforge.fml.loading.moddiscovery.ModFileParser/LOADING]: Mod file /workspaces/Mine-cra/servidor_minecraft/libraries/net/minecraftforge/lowcodelanguage/1.20.1-47.3.7/lowcodelanguage-1.20.1-47.3.7.jar is missing mods.toml file
[10Mar2026 09:59:06.861] [main/DEBUG] [net.minecraftforge.fml.loading.moddiscovery.ModFileParser/LOADING]: Considering mod file candidate /workspaces/Mine-cra/servidor_minecraft/libraries/net/minecraftforge/mclanguage/1.20.1-47.3.7/mclanguage-1.20.1-47.3.7.jar
[10Mar2026 09:59:06.861] [main/WARN] [net.minecraftforge.fml.loading.moddiscovery.ModFileParser/LOADING]: Mod file /workspaces/Mine-cra/servidor_minecraft/libraries/net/minecraftforge/mclanguage/1.20.1-47.3.7/mclanguage-1.20.1-47.3.7.jar is missing mods.toml file
[10Mar2026 09:59:06.908] [main/DEBUG] [net.minecraftforge.fml.loading.moddiscovery.ModFileParser/LOADING]: Considering mod file candidate /workspaces/Mine-cra/servidor_minecraft/libraries/net/minecraftforge/forge/1.20.1-47.3.7/forge-1.20.1-47.3.7-universal.jar
[10Mar2026 09:59:06.909] [main/DEBUG] [net.minecraftforge.fml.loading.moddiscovery.ModFileInfo/LOADING]: Found valid mod file forge-1.20.1-47.3.7-universal.jar with {forge} mods - versions {47.3.7}
[10Mar2026 09:59:06.921] [main/DEBUG] [net.minecraftforge.fml.loading.moddiscovery.AbstractJarFileDependencyLocator/]: Failed to load resource META-INF/jarjar/metadata.json from server-1.20.1-20230612.114412-srg.jar, it does not contain dependency information.
[10Mar2026 09:59:06.921] [main/DEBUG] [net.minecraftforge.fml.loading.moddiscovery.AbstractJarFileDependencyLocator/]: Failed to load resource META-INF/jarjar/metadata.json from FarmersDelight-1.20.1-1.2.10.jar, it does not contain dependency information.
[10Mar2026 09:59:06.921] [main/DEBUG] [net.minecraftforge.fml.loading.moddiscovery.AbstractJarFileDependencyLocator/]: Failed to load resource META-INF/jarjar/metadata.json from handcrafted-forge-1.20.1-3.0.6.jar, it does not contain dependency information.
[10Mar2026 09:59:06.921] [main/DEBUG] [net.minecraftforge.fml.loading.moddiscovery.AbstractJarFileDependencyLocator/]: Failed to load resource META-INF/jarjar/metadata.json from sophisticatedbackpacks-1.20.1-3.24.24.1538.jar, it does not contain dependency information.
[10Mar2026 09:59:06.922] [main/DEBUG] [net.minecraftforge.fml.loading.moddiscovery.AbstractJarFileDependencyLocator/]: Failed to load resource META-INF/jarjar/metadata.json from culturaldelights-0.16.5.jar, it does not contain dependency information.
[10Mar2026 09:59:06.922] [main/DEBUG] [net.minecraftforge.fml.loading.moddiscovery.AbstractJarFileDependencyLocator/]: Failed to load resource META-INF/jarjar/metadata.json from appleskin-forge-mc1.20.1-2.5.1.jar, it does not contain dependency information.
[10Mar2026 09:59:06.923] [main/DEBUG] [net.minecraftforge.fml.loading.moddiscovery.AbstractJarFileDependencyLocator/]: Failed to load resource META-INF/jarjar/metadata.json from refurbished_furniture-forge-1.20.1-1.0.20.jar, it does not contain dependency information.
[10Mar2026 09:59:06.923] [main/DEBUG] [net.minecraftforge.fml.loading.moddiscovery.AbstractJarFileDependencyLocator/]: Failed to load resource META-INF/jarjar/metadata.json from jei-1.20.1-forge-15.20.0.129.jar, it does not contain dependency information.
[10Mar2026 09:59:06.923] [main/DEBUG] [net.minecraftforge.fml.loading.moddiscovery.AbstractJarFileDependencyLocator/]: Failed to load resource META-INF/jarjar/metadata.json from framework-forge-1.20.1-0.8.0.jar, it does not contain dependency information.
[10Mar2026 09:59:06.923] [main/DEBUG] [net.minecraftforge.fml.loading.moddiscovery.AbstractJarFileDependencyLocator/]: Failed to load resource META-INF/jarjar/metadata.json from FallingTree-1.20.1-4.3.4.jar, it does not contain dependency information.
[10Mar2026 09:59:06.923] [main/DEBUG] [net.minecraftforge.fml.loading.moddiscovery.AbstractJarFileDependencyLocator/]: Failed to load resource META-INF/jarjar/metadata.json from forge-1.20.1-47.3.7-universal.jar, it does not contain dependency information.
[10Mar2026 09:59:06.924] [main/DEBUG] [net.minecraftforge.fml.loading.moddiscovery.AbstractJarFileDependencyLocator/]: Failed to load resource META-INF/jarjar/metadata.json from sophisticatedcore-1.20.1-1.3.5.1505.jar, it does not contain dependency information.
[10Mar2026 09:59:06.924] [main/DEBUG] [net.minecraftforge.fml.loading.moddiscovery.AbstractJarFileDependencyLocator/]: Failed to load resource META-INF/jarjar/metadata.json from curios-forge-5.14.1+1.20.1.jar, it does not contain dependency information.
[10Mar2026 09:59:06.925] [main/DEBUG] [net.minecraftforge.fml.loading.moddiscovery.AbstractJarFileDependencyLocator/]: Failed to load resource META-INF/jarjar/metadata.json from journeymap-1.20.1-5.10.3-forge.jar, it does not contain dependency information.
[10Mar2026 09:59:06.925] [main/DEBUG] [net.minecraftforge.fml.loading.moddiscovery.AbstractJarFileDependencyLocator/]: Failed to load resource META-INF/jarjar/metadata.json from enemyexpansion-2.3.1-forge-1.20.1.jar, it does not contain dependency information.
[10Mar2026 09:59:06.925] [main/DEBUG] [net.minecraftforge.fml.loading.moddiscovery.AbstractJarFileDependencyLocator/]: Failed to load resource META-INF/jarjar/metadata.json from cookingforblockheads-forge-1.20.1-16.0.15.jar, it does not contain dependency information.
[10Mar2026 09:59:06.925] [main/DEBUG] [net.minecraftforge.fml.loading.moddiscovery.AbstractJarFileDependencyLocator/]: Failed to load resource META-INF/jarjar/metadata.json from mclanguage-1.20.1-47.3.7.jar, it does not contain dependency information.
[10Mar2026 09:59:06.925] [main/DEBUG] [net.minecraftforge.fml.loading.moddiscovery.AbstractJarFileDependencyLocator/]: Failed to load resource META-INF/jarjar/metadata.json from javafmllanguage-1.20.1-47.3.7.jar, it does not contain dependency information.
[10Mar2026 09:59:06.925] [main/DEBUG] [net.minecraftforge.fml.loading.moddiscovery.AbstractJarFileDependencyLocator/]: Failed to load resource META-INF/jarjar/metadata.json from fmlcore-1.20.1-47.3.7.jar, it does not contain dependency information.
[10Mar2026 09:59:06.926] [main/DEBUG] [net.minecraftforge.fml.loading.moddiscovery.AbstractJarFileDependencyLocator/]: Failed to load resource META-INF/jarjar/metadata.json from lowcodelanguage-1.20.1-47.3.7.jar, it does not contain dependency information.
[10Mar2026 09:59:06.968] [main/DEBUG] [net.minecraftforge.fml.loading.moddiscovery.ModFileParser/LOADING]: Considering mod file candidate 
[10Mar2026 09:59:06.969] [main/DEBUG] [net.minecraftforge.fml.loading.moddiscovery.ModFileInfo/LOADING]: Found valid mod file kuma-api-forge-20.1.12+1.20.1.jar with {kuma_api} mods - versions {20.1.12}
[10Mar2026 09:59:06.972] [main/DEBUG] [net.minecraftforge.fml.loading.moddiscovery.ModFileParser/LOADING]: Considering mod file candidate 
[10Mar2026 09:59:06.972] [main/DEBUG] [net.minecraftforge.fml.loading.moddiscovery.ModFileInfo/LOADING]: Found valid mod file mixinextras-forge-0.2.0-beta.8.jar with {mixinextras} mods - versions {0.2.0-beta.8}
[10Mar2026 09:59:06.979] [main/DEBUG] [net.minecraftforge.fml.loading.moddiscovery.ModFileParser/LOADING]: Considering mod file candidate 
[10Mar2026 09:59:06.980] [main/DEBUG] [net.minecraftforge.fml.loading.moddiscovery.ModFileInfo/LOADING]: Found valid mod file l2harvester-0.1.2.jar with {l2harvester} mods - versions {0.1.2}
[10Mar2026 09:59:06.987] [main/DEBUG] [net.minecraftforge.fml.loading.moddiscovery.ModFileParser/LOADING]: Considering mod file candidate 
[10Mar2026 09:59:06.988] [main/DEBUG] [net.minecraftforge.fml.loading.moddiscovery.ModFileInfo/LOADING]: Found valid mod file l2library-2.4.11-slim.jar with {l2library} mods - versions {2.4.11}
[10Mar2026 09:59:06.997] [main/DEBUG] [net.minecraftforge.fml.loading.moddiscovery.ModFileParser/LOADING]: Considering mod file candidate 
[10Mar2026 09:59:06.998] [main/DEBUG] [net.minecraftforge.fml.loading.moddiscovery.ModFileInfo/LOADING]: Found valid mod file mixinextras-forge-0.2.0-beta.9.jar with {mixinextras} mods - versions {0.2.0-beta.9}
[10Mar2026 09:59:07.005] [main/DEBUG] [net.minecraftforge.fml.loading.moddiscovery.ModFileParser/LOADING]: Considering mod file candidate 
[10Mar2026 09:59:07.006] [main/DEBUG] [net.minecraftforge.fml.loading.moddiscovery.ModFileInfo/LOADING]: Found valid mod file nitrogen_internals-1.20.1-1.0.12-neoforge.jar with {nitrogen_internals} mods - versions {1.20.1-1.0.12-neoforge}
[10Mar2026 09:59:07.011] [main/DEBUG] [net.minecraftforge.fml.loading.moddiscovery.ModFileParser/LOADING]: Considering mod file candidate 
[10Mar2026 09:59:07.012] [main/DEBUG] [net.minecraftforge.fml.loading.moddiscovery.ModFileInfo/LOADING]: Found valid mod file cumulus_menus-1.20.1-1.0.1-neoforge.jar with {cumulus_menus} mods - versions {1.20.1-1.0.1-neoforge}
[10Mar2026 09:59:07.017] [main/DEBUG] [net.minecraftforge.fml.loading.moddiscovery.ModFileParser/LOADING]: Considering mod file candidate 
[10Mar2026 09:59:07.018] [main/DEBUG] [net.minecraftforge.fml.loading.moddiscovery.ModFileInfo/LOADING]: Found valid mod file curios-forge-5.6.1+1.20.1.jar with {curios} mods - versions {5.6.1+1.20.1}
[10Mar2026 09:59:07.018] [main/DEBUG] [net.minecraftforge.fml.loading.moddiscovery.AbstractJarFileDependencyLocator/]: Failed to load resource META-INF/jarjar/metadata.json from kuma-api-forge-20.1.12+1.20.1.jar, it does not contain dependency information.
[10Mar2026 09:59:07.021] [main/DEBUG] [net.minecraftforge.fml.loading.moddiscovery.AbstractJarFileDependencyLocator/]: Failed to load resource META-INF/jarjar/metadata.json from Registrate-MC1.20-1.3.11.jar, it does not contain dependency information.
[10Mar2026 09:59:07.023] [main/DEBUG] [net.minecraftforge.fml.loading.moddiscovery.ModFileParser/LOADING]: Considering mod file candidate 
[10Mar2026 09:59:07.024] [main/DEBUG] [net.minecraftforge.fml.loading.moddiscovery.ModFileInfo/LOADING]: Found valid mod file l2harvester05x-0.1.2.jar with {l2harvester05x} mods - versions {0.1.2}
[10Mar2026 09:59:07.025] [main/DEBUG] [net.minecraftforge.fml.loading.moddiscovery.ModFileParser/LOADING]: Considering mod file candidate 
[10Mar2026 09:59:07.026] [main/DEBUG] [net.minecraftforge.fml.loading.moddiscovery.ModFileInfo/LOADING]: Found valid mod file l2harvester60x-0.1.2.jar with {l2harvester60x} mods - versions {0.1.2}
[10Mar2026 09:59:07.026] [main/DEBUG] [net.minecraftforge.fml.loading.moddiscovery.AbstractJarFileDependencyLocator/]: Failed to load resource META-INF/jarjar/metadata.json from l2serial-1.2.0.jar, it does not contain dependency information.
[10Mar2026 09:59:07.027] [main/DEBUG] [net.minecraftforge.fml.loading.moddiscovery.AbstractJarFileDependencyLocator/]: Failed to load resource META-INF/jarjar/metadata.json from l2library-2.4.11-slim.jar, it does not contain dependency information.
[10Mar2026 09:59:07.027] [main/DEBUG] [net.minecraftforge.fml.loading.moddiscovery.AbstractJarFileDependencyLocator/]: Failed to load resource META-INF/jarjar/metadata.json from mclib-20.jar, it does not contain dependency information.
[10Mar2026 09:59:07.027] [main/DEBUG] [net.minecraftforge.fml.loading.moddiscovery.AbstractJarFileDependencyLocator/]: Failed to load resource META-INF/jarjar/metadata.json from yabn-1.0.3.jar, it does not contain dependency information.
[10Mar2026 09:59:07.027] [main/DEBUG] [net.minecraftforge.fml.loading.moddiscovery.AbstractJarFileDependencyLocator/]: Failed to load resource META-INF/jarjar/metadata.json from bytecodecs-1.0.2.jar, it does not contain dependency information.
[10Mar2026 09:59:07.030] [main/DEBUG] [net.minecraftforge.fml.loading.moddiscovery.AbstractJarFileDependencyLocator/]: Failed to load resource META-INF/jarjar/metadata.json from nitrogen_internals-1.20.1-1.0.12-neoforge.jar, it does not contain dependency information.
[10Mar2026 09:59:07.030] [main/DEBUG] [net.minecraftforge.fml.loading.moddiscovery.AbstractJarFileDependencyLocator/]: Failed to load resource META-INF/jarjar/metadata.json from cumulus_menus-1.20.1-1.0.1-neoforge.jar, it does not contain dependency information.
[10Mar2026 09:59:07.031] [main/DEBUG] [net.minecraftforge.fml.loading.moddiscovery.AbstractJarFileDependencyLocator/]: Failed to load resource META-INF/jarjar/metadata.json from curios-forge-5.6.1+1.20.1.jar, it does not contain dependency information.
[10Mar2026 09:59:07.031] [main/DEBUG] [net.minecraftforge.fml.loading.moddiscovery.AbstractJarFileDependencyLocator/]: Failed to load resource META-INF/jarjar/metadata.json from MixinExtras-0.2.0-beta.8.jar, it does not contain dependency information.
[10Mar2026 09:59:07.031] [main/DEBUG] [net.minecraftforge.fml.loading.moddiscovery.AbstractJarFileDependencyLocator/]: Failed to load resource META-INF/jarjar/metadata.json from l2harvester05x-0.1.2.jar, it does not contain dependency information.
[10Mar2026 09:59:07.031] [main/DEBUG] [net.minecraftforge.fml.loading.moddiscovery.AbstractJarFileDependencyLocator/]: Failed to load resource META-INF/jarjar/metadata.json from l2harvester60x-0.1.2.jar, it does not contain dependency information.
[10Mar2026 09:59:07.031] [main/DEBUG] [net.minecraftforge.fml.loading.moddiscovery.AbstractJarFileDependencyLocator/]: Failed to load resource META-INF/jarjar/metadata.json from MixinExtras-0.2.0-beta.9.jar, it does not contain dependency information.
[10Mar2026 09:59:07.061] [main/DEBUG] [net.minecraftforge.fml.loading.moddiscovery.ModFileParser/LOADING]: Considering mod file candidate 
[10Mar2026 09:59:07.062] [main/DEBUG] [net.minecraftforge.fml.loading.moddiscovery.ModFileInfo/LOADING]: Found valid mod file mixinextras-forge-0.2.0-beta.9.jar with {mixinextras} mods - versions {0.2.0-beta.9}
[10Mar2026 09:59:07.065] [main/DEBUG] [net.minecraftforge.fml.loading.moddiscovery.ModFileParser/LOADING]: Considering mod file candidate 
[10Mar2026 09:59:07.066] [main/DEBUG] [net.minecraftforge.fml.loading.moddiscovery.ModFileInfo/LOADING]: Found valid mod file l2harvester60x-0.1.2.jar with {l2harvester60x} mods - versions {0.1.2}
[10Mar2026 09:59:07.067] [main/DEBUG] [net.minecraftforge.fml.loading.moddiscovery.ModFileParser/LOADING]: Considering mod file candidate 
[10Mar2026 09:59:07.068] [main/DEBUG] [net.minecraftforge.fml.loading.moddiscovery.ModFileInfo/LOADING]: Found valid mod file l2harvester05x-0.1.2.jar with {l2harvester05x} mods - versions {0.1.2}
[10Mar2026 09:59:07.071] [main/DEBUG] [net.minecraftforge.fml.loading.moddiscovery.ModFileParser/LOADING]: Considering mod file candidate 
[10Mar2026 09:59:07.072] [main/DEBUG] [net.minecraftforge.fml.loading.moddiscovery.ModFileInfo/LOADING]: Found valid mod file nitrogen_internals-1.20.1-1.0.12-neoforge.jar with {nitrogen_internals} mods - versions {1.20.1-1.0.12-neoforge}
[10Mar2026 09:59:07.074] [main/DEBUG] [net.minecraftforge.fml.loading.moddiscovery.ModFileParser/LOADING]: Considering mod file candidate 
[10Mar2026 09:59:07.075] [main/DEBUG] [net.minecraftforge.fml.loading.moddiscovery.ModFileInfo/LOADING]: Found valid mod file cumulus_menus-1.20.1-1.0.1-neoforge.jar with {cumulus_menus} mods - versions {1.20.1-1.0.1-neoforge}
[10Mar2026 09:59:07.078] [main/DEBUG] [net.minecraftforge.fml.loading.moddiscovery.ModFileParser/LOADING]: Considering mod file candidate 
[10Mar2026 09:59:07.079] [main/DEBUG] [net.minecraftforge.fml.loading.moddiscovery.ModFileInfo/LOADING]: Found valid mod file curios-forge-5.6.1+1.20.1.jar with {curios} mods - versions {5.6.1+1.20.1}
[10Mar2026 09:59:07.080] [main/DEBUG] [net.minecraftforge.fml.loading.moddiscovery.ModFileParser/LOADING]: Considering mod file candidate 
[10Mar2026 09:59:07.081] [main/DEBUG] [net.minecraftforge.fml.loading.moddiscovery.ModFileInfo/LOADING]: Found valid mod file l2harvester-0.1.2.jar with {l2harvester} mods - versions {0.1.2}
[10Mar2026 09:59:07.088] [main/DEBUG] [net.minecraftforge.fml.loading.moddiscovery.ModFileParser/LOADING]: Considering mod file candidate 
[10Mar2026 09:59:07.089] [main/DEBUG] [net.minecraftforge.fml.loading.moddiscovery.ModFileInfo/LOADING]: Found valid mod file l2library-2.4.11-slim.jar with {l2library} mods - versions {2.4.11}
[10Mar2026 09:59:07.090] [main/DEBUG] [net.minecraftforge.fml.loading.moddiscovery.ModFileParser/LOADING]: Considering mod file candidate 
[10Mar2026 09:59:07.091] [main/DEBUG] [net.minecraftforge.fml.loading.moddiscovery.ModFileInfo/LOADING]: Found valid mod file kuma-api-forge-20.1.12+1.20.1.jar with {kuma_api} mods - versions {20.1.12}
[10Mar2026 09:59:07.092] [main/WARN] [net.minecraftforge.jarjar.selection.JarSelector/]: Attempted to select a dependency jar for JarJar which was passed in as source: curios. Using Mod File: /workspaces/Mine-cra/servidor_minecraft/mods/curios-forge-5.14.1+1.20.1.jar
[10Mar2026 09:59:07.093] [main/INFO] [net.minecraftforge.fml.loading.moddiscovery.JarInJarDependencyLocator/]: Found 14 dependencies adding them to mods collection
[10Mar2026 09:59:07.095] [main/DEBUG] [net.minecraftforge.fml.loading.moddiscovery.ModFileParser/LOADING]: Considering mod file candidate /workspaces/Mine-cra/servidor_minecraft/mods/FarmersDelight-1.20.1-1.2.10.jar
[10Mar2026 09:59:07.096] [main/DEBUG] [net.minecraftforge.fml.loading.moddiscovery.ModFileInfo/LOADING]: Found valid mod file FarmersDelight-1.20.1-1.2.10.jar with {farmersdelight} mods - versions {1.20.1-1.2.10}
[10Mar2026 09:59:07.099] [main/DEBUG] [net.minecraftforge.fml.loading.moddiscovery.ModFile/LOADING]: Loading mod file /workspaces/Mine-cra/servidor_minecraft/mods/FarmersDelight-1.20.1-1.2.10.jar with languages [LanguageSpec[languageName=javafml, acceptedVersions=[46,)]]
[10Mar2026 09:59:07.100] [main/DEBUG] [net.minecraftforge.fml.loading.moddiscovery.ModFileInfo/LOADING]: Found valid mod file server-1.20.1-20230612.114412-srg.jar with {minecraft} mods - versions {1.20.1}
[10Mar2026 09:59:07.100] [main/DEBUG] [net.minecraftforge.fml.loading.moddiscovery.ModFile/LOADING]: Loading mod file /workspaces/Mine-cra/servidor_minecraft/libraries/net/minecraft/server/1.20.1-20230612.114412/server-1.20.1-20230612.114412-srg.jar with languages [LanguageSpec[languageName=minecraft, acceptedVersions=1]]
[10Mar2026 09:59:07.100] [main/DEBUG] [net.minecraftforge.fml.loading.moddiscovery.ModFileParser/LOADING]: Considering mod file candidate /workspaces/Mine-cra/servidor_minecraft/mods/handcrafted-forge-1.20.1-3.0.6.jar
[10Mar2026 09:59:07.101] [main/DEBUG] [net.minecraftforge.fml.loading.moddiscovery.ModFileInfo/LOADING]: Found valid mod file handcrafted-forge-1.20.1-3.0.6.jar with {handcrafted} mods - versions {3.0.6}
[10Mar2026 09:59:07.101] [main/DEBUG] [net.minecraftforge.fml.loading.moddiscovery.ModFile/LOADING]: Loading mod file /workspaces/Mine-cra/servidor_minecraft/mods/handcrafted-forge-1.20.1-3.0.6.jar with languages [LanguageSpec[languageName=javafml, acceptedVersions=[47,)]]
[10Mar2026 09:59:07.101] [main/DEBUG] [net.minecraftforge.fml.loading.moddiscovery.ModFileParser/LOADING]: Considering mod file candidate 
[10Mar2026 09:59:07.102] [main/DEBUG] [net.minecraftforge.fml.loading.moddiscovery.ModFileInfo/LOADING]: Found valid mod file kuma-api-forge-20.1.12+1.20.1.jar with {kuma_api} mods - versions {20.1.12}
[10Mar2026 09:59:07.102] [main/DEBUG] [net.minecraftforge.fml.loading.moddiscovery.ModFile/LOADING]: Loading mod file  with languages [LanguageSpec[languageName=javafml, acceptedVersions=[47,)]]
[10Mar2026 09:59:07.102] [main/DEBUG] [net.minecraftforge.fml.loading.moddiscovery.ModFileParser/LOADING]: Considering mod file candidate /workspaces/Mine-cra/servidor_minecraft/mods/culturaldelights-0.16.5.jar
[10Mar2026 09:59:07.103] [main/DEBUG] [net.minecraftforge.fml.loading.moddiscovery.ModFileInfo/LOADING]: Found valid mod file culturaldelights-0.16.5.jar with {culturaldelights} mods - versions {0.16.5}
[10Mar2026 09:59:07.103] [main/DEBUG] [net.minecraftforge.fml.loading.moddiscovery.ModFile/LOADING]: Loading mod file /workspaces/Mine-cra/servidor_minecraft/mods/culturaldelights-0.16.5.jar with languages [LanguageSpec[languageName=javafml, acceptedVersions=[47,)]]
[10Mar2026 09:59:07.103] [main/DEBUG] [net.minecraftforge.fml.loading.moddiscovery.ModFileParser/LOADING]: Considering mod file candidate 
[10Mar2026 09:59:07.104] [main/DEBUG] [net.minecraftforge.fml.loading.moddiscovery.ModFileInfo/LOADING]: Found valid mod file l2harvester-0.1.2.jar with {l2harvester} mods - versions {0.1.2}
[10Mar2026 09:59:07.104] [main/DEBUG] [net.minecraftforge.fml.loading.moddiscovery.ModFile/LOADING]: Loading mod file  with languages [LanguageSpec[languageName=javafml, acceptedVersions=[46,)]]
[10Mar2026 09:59:07.105] [main/DEBUG] [net.minecraftforge.fml.loading.moddiscovery.ModFileParser/LOADING]: Considering mod file candidate /workspaces/Mine-cra/servidor_minecraft/mods/geckolib-forge-1.20.1-4.8.3.jar
[10Mar2026 09:59:07.105] [main/DEBUG] [net.minecraftforge.fml.loading.moddiscovery.ModFileInfo/LOADING]: Found valid mod file geckolib-forge-1.20.1-4.8.3.jar with {geckolib} mods - versions {4.8.3}
[10Mar2026 09:59:07.105] [main/DEBUG] [net.minecraftforge.fml.loading.moddiscovery.ModFile/LOADING]: Loading mod file /workspaces/Mine-cra/servidor_minecraft/mods/geckolib-forge-1.20.1-4.8.3.jar with languages [LanguageSpec[languageName=javafml, acceptedVersions=[47,)]]
[10Mar2026 09:59:07.106] [main/DEBUG] [net.minecraftforge.fml.loading.moddiscovery.ModFileParser/LOADING]: Considering mod file candidate /workspaces/Mine-cra/servidor_minecraft/mods/aether-1.20.1-1.5.2-neoforge.jar
[10Mar2026 09:59:07.106] [main/DEBUG] [net.minecraftforge.fml.loading.moddiscovery.ModFileInfo/LOADING]: Found valid mod file aether-1.20.1-1.5.2-neoforge.jar with {aether} mods - versions {1.20.1-1.5.2-neoforge}
[10Mar2026 09:59:07.106] [main/DEBUG] [net.minecraftforge.fml.loading.moddiscovery.ModFile/LOADING]: Loading mod file /workspaces/Mine-cra/servidor_minecraft/mods/aether-1.20.1-1.5.2-neoforge.jar with languages [LanguageSpec[languageName=javafml, acceptedVersions=[47,)]]
[10Mar2026 09:59:07.107] [main/DEBUG] [net.minecraftforge.fml.loading.moddiscovery.ModFileParser/LOADING]: Considering mod file candidate /workspaces/Mine-cra/servidor_minecraft/mods/jei-1.20.1-forge-15.20.0.129.jar
[10Mar2026 09:59:07.107] [main/DEBUG] [net.minecraftforge.fml.loading.moddiscovery.ModFileInfo/LOADING]: Found valid mod file jei-1.20.1-forge-15.20.0.129.jar with {jei} mods - versions {15.20.0.129}
[10Mar2026 09:59:07.107] [main/DEBUG] [net.minecraftforge.fml.loading.moddiscovery.ModFile/LOADING]: Loading mod file /workspaces/Mine-cra/servidor_minecraft/mods/jei-1.20.1-forge-15.20.0.129.jar with languages [LanguageSpec[languageName=javafml, acceptedVersions=[47,)]]
[10Mar2026 09:59:07.108] [main/DEBUG] [net.minecraftforge.fml.loading.moddiscovery.ModFileParser/LOADING]: Considering mod file candidate /workspaces/Mine-cra/servidor_minecraft/mods/sophisticatedcore-1.20.1-1.3.5.1505.jar
[10Mar2026 09:59:07.108] [main/DEBUG] [net.minecraftforge.fml.loading.moddiscovery.ModFileInfo/LOADING]: Found valid mod file sophisticatedcore-1.20.1-1.3.5.1505.jar with {sophisticatedcore} mods - versions {1.3.5.1505}
[10Mar2026 09:59:07.109] [main/DEBUG] [net.minecraftforge.fml.loading.moddiscovery.ModFile/LOADING]: Loading mod file /workspaces/Mine-cra/servidor_minecraft/mods/sophisticatedcore-1.20.1-1.3.5.1505.jar with languages [LanguageSpec[languageName=javafml, acceptedVersions=[47,)]]
[10Mar2026 09:59:07.109] [main/DEBUG] [net.minecraftforge.fml.loading.moddiscovery.ModFileParser/LOADING]: Considering mod file candidate /workspaces/Mine-cra/servidor_minecraft/mods/curios-forge-5.14.1+1.20.1.jar
[10Mar2026 09:59:07.109] [main/DEBUG] [net.minecraftforge.fml.loading.moddiscovery.ModFileInfo/LOADING]: Found valid mod file curios-forge-5.14.1+1.20.1.jar with {curios} mods - versions {5.14.1+1.20.1}
[10Mar2026 09:59:07.109] [main/DEBUG] [net.minecraftforge.fml.loading.moddiscovery.ModFile/LOADING]: Loading mod file /workspaces/Mine-cra/servidor_minecraft/mods/curios-forge-5.14.1+1.20.1.jar with languages [LanguageSpec[languageName=javafml, acceptedVersions=[41,)]]
[10Mar2026 09:59:07.110] [main/DEBUG] [net.minecraftforge.fml.loading.moddiscovery.ModFileParser/LOADING]: Considering mod file candidate 
[10Mar2026 09:59:07.110] [main/DEBUG] [net.minecraftforge.fml.loading.moddiscovery.ModFileInfo/LOADING]: Found valid mod file l2harvester60x-0.1.2.jar with {l2harvester60x} mods - versions {0.1.2}
[10Mar2026 09:59:07.110] [main/DEBUG] [net.minecraftforge.fml.loading.moddiscovery.ModFile/LOADING]: Loading mod file  with languages [LanguageSpec[languageName=javafml, acceptedVersions=[46,)]]
[10Mar2026 09:59:07.111] [main/DEBUG] [net.minecraftforge.fml.loading.moddiscovery.ModFileParser/LOADING]: Considering mod file candidate /workspaces/Mine-cra/servidor_minecraft/mods/cookingforblockheads-forge-1.20.1-16.0.15.jar
[10Mar2026 09:59:07.111] [main/DEBUG] [net.minecraftforge.fml.loading.moddiscovery.ModFileInfo/LOADING]: Found valid mod file cookingforblockheads-forge-1.20.1-16.0.15.jar with {cookingforblockheads} mods - versions {16.0.15}
[10Mar2026 09:59:07.111] [main/DEBUG] [net.minecraftforge.fml.loading.moddiscovery.ModFile/LOADING]: Loading mod file /workspaces/Mine-cra/servidor_minecraft/mods/cookingforblockheads-forge-1.20.1-16.0.15.jar with languages [LanguageSpec[languageName=javafml, acceptedVersions=[46,)]]
[10Mar2026 09:59:07.111] [main/DEBUG] [net.minecraftforge.fml.loading.moddiscovery.ModFileParser/LOADING]: Considering mod file candidate /workspaces/Mine-cra/servidor_minecraft/mods/journeymap-1.20.1-5.10.3-forge.jar
[10Mar2026 09:59:07.112] [main/DEBUG] [net.minecraftforge.fml.loading.moddiscovery.ModFileInfo/LOADING]: Found valid mod file journeymap-1.20.1-5.10.3-forge.jar with {journeymap} mods - versions {5.10.3}
[10Mar2026 09:59:07.112] [main/DEBUG] [net.minecraftforge.fml.loading.moddiscovery.ModFile/LOADING]: Loading mod file /workspaces/Mine-cra/servidor_minecraft/mods/journeymap-1.20.1-5.10.3-forge.jar with languages [LanguageSpec[languageName=javafml, acceptedVersions=[44,)]]
[10Mar2026 09:59:07.115] [main/DEBUG] [net.minecraftforge.fml.loading.moddiscovery.ModFileParser/LOADING]: Found coremod journeymap potion effect transformer with Javascript path potion-effects-shift.js
[10Mar2026 09:59:07.115] [main/DEBUG] [net.minecraftforge.fml.loading.moddiscovery.ModFile/LOADING]: Found coremod potion-effects-shift.js
[10Mar2026 09:59:07.115] [main/DEBUG] [net.minecraftforge.fml.loading.moddiscovery.ModFileParser/LOADING]: Considering mod file candidate /workspaces/Mine-cra/servidor_minecraft/mods/resourcefullib-forge-1.20.1-2.1.29.jar
[10Mar2026 09:59:07.116] [main/DEBUG] [net.minecraftforge.fml.loading.moddiscovery.ModFileInfo/LOADING]: Found valid mod file resourcefullib-forge-1.20.1-2.1.29.jar with {resourcefullib} mods - versions {2.1.29}
[10Mar2026 09:59:07.116] [main/DEBUG] [net.minecraftforge.fml.loading.moddiscovery.ModFile/LOADING]: Loading mod file /workspaces/Mine-cra/servidor_minecraft/mods/resourcefullib-forge-1.20.1-2.1.29.jar with languages [LanguageSpec[languageName=javafml, acceptedVersions=[46,)]]
[10Mar2026 09:59:07.116] [main/DEBUG] [net.minecraftforge.fml.loading.moddiscovery.ModFileParser/LOADING]: Considering mod file candidate /workspaces/Mine-cra/servidor_minecraft/mods/sophisticatedbackpacks-1.20.1-3.24.24.1538.jar
[10Mar2026 09:59:07.117] [main/DEBUG] [net.minecraftforge.fml.loading.moddiscovery.ModFileInfo/LOADING]: Found valid mod file sophisticatedbackpacks-1.20.1-3.24.24.1538.jar with {sophisticatedbackpacks} mods - versions {3.24.24.1538}
[10Mar2026 09:59:07.117] [main/DEBUG] [net.minecraftforge.fml.loading.moddiscovery.ModFile/LOADING]: Loading mod file /workspaces/Mine-cra/servidor_minecraft/mods/sophisticatedbackpacks-1.20.1-3.24.24.1538.jar with languages [LanguageSpec[languageName=javafml, acceptedVersions=[47,)]]
[10Mar2026 09:59:07.117] [main/DEBUG] [net.minecraftforge.fml.loading.moddiscovery.ModFileParser/LOADING]: Considering mod file candidate 
[10Mar2026 09:59:07.118] [main/DEBUG] [net.minecraftforge.fml.loading.moddiscovery.ModFileInfo/LOADING]: Found valid mod file cumulus_menus-1.20.1-1.0.1-neoforge.jar with {cumulus_menus} mods - versions {1.20.1-1.0.1-neoforge}
[10Mar2026 09:59:07.118] [main/DEBUG] [net.minecraftforge.fml.loading.moddiscovery.ModFile/LOADING]: Loading mod file  with languages [LanguageSpec[languageName=javafml, acceptedVersions=[47,)]]
[10Mar2026 09:59:07.118] [main/DEBUG] [net.minecraftforge.fml.loading.moddiscovery.ModFileParser/LOADING]: Considering mod file candidate /workspaces/Mine-cra/servidor_minecraft/mods/appleskin-forge-mc1.20.1-2.5.1.jar
[10Mar2026 09:59:07.119] [main/DEBUG] [net.minecraftforge.fml.loading.moddiscovery.ModFileInfo/LOADING]: Found valid mod file appleskin-forge-mc1.20.1-2.5.1.jar with {appleskin} mods - versions {2.5.1+mc1.20.1}
[10Mar2026 09:59:07.119] [main/DEBUG] [net.minecraftforge.fml.loading.moddiscovery.ModFile/LOADING]: Loading mod file /workspaces/Mine-cra/servidor_minecraft/mods/appleskin-forge-mc1.20.1-2.5.1.jar with languages [LanguageSpec[languageName=javafml, acceptedVersions=[47,)]]
[10Mar2026 09:59:07.119] [main/DEBUG] [net.minecraftforge.fml.loading.moddiscovery.ModFileParser/LOADING]: Considering mod file candidate /workspaces/Mine-cra/servidor_minecraft/mods/balm-forge-1.20.1-7.3.38-all.jar
[10Mar2026 09:59:07.119] [main/DEBUG] [net.minecraftforge.fml.loading.moddiscovery.ModFileInfo/LOADING]: Found valid mod file balm-forge-1.20.1-7.3.38-all.jar with {balm} mods - versions {7.3.38}
[10Mar2026 09:59:07.120] [main/DEBUG] [net.minecraftforge.fml.loading.moddiscovery.ModFile/LOADING]: Loading mod file /workspaces/Mine-cra/servidor_minecraft/mods/balm-forge-1.20.1-7.3.38-all.jar with languages [LanguageSpec[languageName=javafml, acceptedVersions=[46,)]]
[10Mar2026 09:59:07.120] [main/DEBUG] [net.minecraftforge.fml.loading.moddiscovery.ModFileParser/LOADING]: Considering mod file candidate /workspaces/Mine-cra/servidor_minecraft/mods/refurbished_furniture-forge-1.20.1-1.0.20.jar
[10Mar2026 09:59:07.120] [main/DEBUG] [net.minecraftforge.fml.loading.moddiscovery.ModFileInfo/LOADING]: Found valid mod file refurbished_furniture-forge-1.20.1-1.0.20.jar with {refurbished_furniture} mods - versions {1.0.20}
[10Mar2026 09:59:07.120] [main/DEBUG] [net.minecraftforge.fml.loading.moddiscovery.ModFile/LOADING]: Loading mod file /workspaces/Mine-cra/servidor_minecraft/mods/refurbished_furniture-forge-1.20.1-1.0.20.jar with languages [LanguageSpec[languageName=javafml, acceptedVersions=[39,)]]
[10Mar2026 09:59:07.121] [main/DEBUG] [net.minecraftforge.fml.loading.moddiscovery.ModFileParser/LOADING]: Considering mod file candidate 
[10Mar2026 09:59:07.121] [main/DEBUG] [net.minecraftforge.fml.loading.moddiscovery.ModFileInfo/LOADING]: Found valid mod file nitrogen_internals-1.20.1-1.0.12-neoforge.jar with {nitrogen_internals} mods - versions {1.20.1-1.0.12-neoforge}
[10Mar2026 09:59:07.121] [main/DEBUG] [net.minecraftforge.fml.loading.moddiscovery.ModFile/LOADING]: Loading mod file  with languages [LanguageSpec[languageName=javafml, acceptedVersions=[47,)]]
[10Mar2026 09:59:07.122] [main/DEBUG] [net.minecraftforge.fml.loading.moddiscovery.ModFileParser/LOADING]: Considering mod file candidate /workspaces/Mine-cra/servidor_minecraft/mods/FallingTree-1.20.1-4.3.4.jar
[10Mar2026 09:59:07.122] [main/DEBUG] [net.minecraftforge.fml.loading.moddiscovery.ModFileInfo/LOADING]: Found valid mod file FallingTree-1.20.1-4.3.4.jar with {fallingtree} mods - versions {4.3.4}
[10Mar2026 09:59:07.122] [main/DEBUG] [net.minecraftforge.fml.loading.moddiscovery.ModFile/LOADING]: Loading mod file /workspaces/Mine-cra/servidor_minecraft/mods/FallingTree-1.20.1-4.3.4.jar with languages [LanguageSpec[languageName=javafml, acceptedVersions=[47,)]]
[10Mar2026 09:59:07.122] [main/DEBUG] [net.minecraftforge.fml.loading.moddiscovery.ModFileParser/LOADING]: Considering mod file candidate /workspaces/Mine-cra/servidor_minecraft/mods/framework-forge-1.20.1-0.8.0.jar
[10Mar2026 09:59:07.123] [main/DEBUG] [net.minecraftforge.fml.loading.moddiscovery.ModFileInfo/LOADING]: Found valid mod file framework-forge-1.20.1-0.8.0.jar with {framework} mods - versions {0.8.0}
[10Mar2026 09:59:07.123] [main/DEBUG] [net.minecraftforge.fml.loading.moddiscovery.ModFile/LOADING]: Loading mod file /workspaces/Mine-cra/servidor_minecraft/mods/framework-forge-1.20.1-0.8.0.jar with languages [LanguageSpec[languageName=javafml, acceptedVersions=[39,)]]
[10Mar2026 09:59:07.123] [main/DEBUG] [net.minecraftforge.fml.loading.moddiscovery.ModFileParser/LOADING]: Considering mod file candidate 
[10Mar2026 09:59:07.124] [main/DEBUG] [net.minecraftforge.fml.loading.moddiscovery.ModFileInfo/LOADING]: Found valid mod file l2library-2.4.11-slim.jar with {l2library} mods - versions {2.4.11}
[10Mar2026 09:59:07.124] [main/DEBUG] [net.minecraftforge.fml.loading.moddiscovery.ModFile/LOADING]: Loading mod file  with languages [LanguageSpec[languageName=javafml, acceptedVersions=[46,)]]
[10Mar2026 09:59:07.124] [main/DEBUG] [net.minecraftforge.fml.loading.moddiscovery.ModFileParser/LOADING]: Considering mod file candidate /workspaces/Mine-cra/servidor_minecraft/libraries/net/minecraftforge/forge/1.20.1-47.3.7/forge-1.20.1-47.3.7-universal.jar
[10Mar2026 09:59:07.125] [main/DEBUG] [net.minecraftforge.fml.loading.moddiscovery.ModFileInfo/LOADING]: Found valid mod file forge-1.20.1-47.3.7-universal.jar with {forge} mods - versions {47.3.7}
[10Mar2026 09:59:07.125] [main/DEBUG] [net.minecraftforge.fml.loading.moddiscovery.ModFile/LOADING]: Loading mod file /workspaces/Mine-cra/servidor_minecraft/libraries/net/minecraftforge/forge/1.20.1-47.3.7/forge-1.20.1-47.3.7-universal.jar with languages [LanguageSpec[languageName=javafml, acceptedVersions=[24,]]]
[10Mar2026 09:59:07.125] [main/DEBUG] [net.minecraftforge.fml.loading.moddiscovery.ModFileParser/LOADING]: Found coremod field_to_method with Javascript path coremods/field_to_method.js
[10Mar2026 09:59:07.125] [main/DEBUG] [net.minecraftforge.fml.loading.moddiscovery.ModFileParser/LOADING]: Found coremod field_to_instanceof with Javascript path coremods/field_to_instanceof.js
[10Mar2026 09:59:07.125] [main/DEBUG] [net.minecraftforge.fml.loading.moddiscovery.ModFileParser/LOADING]: Found coremod add_bouncer_method with Javascript path coremods/add_bouncer_method.js
[10Mar2026 09:59:07.125] [main/DEBUG] [net.minecraftforge.fml.loading.moddiscovery.ModFileParser/LOADING]: Found coremod method_redirector with Javascript path coremods/method_redirector.js
[10Mar2026 09:59:07.125] [main/DEBUG] [net.minecraftforge.fml.loading.moddiscovery.ModFile/LOADING]: Found coremod coremods/field_to_method.js
[10Mar2026 09:59:07.126] [main/DEBUG] [net.minecraftforge.fml.loading.moddiscovery.ModFile/LOADING]: Found coremod coremods/field_to_instanceof.js
[10Mar2026 09:59:07.126] [main/DEBUG] [net.minecraftforge.fml.loading.moddiscovery.ModFile/LOADING]: Found coremod coremods/add_bouncer_method.js
[10Mar2026 09:59:07.126] [main/DEBUG] [net.minecraftforge.fml.loading.moddiscovery.ModFile/LOADING]: Found coremod coremods/method_redirector.js
[10Mar2026 09:59:07.126] [main/DEBUG] [net.minecraftforge.fml.loading.moddiscovery.ModFileParser/LOADING]: Considering mod file candidate 
[10Mar2026 09:59:07.127] [main/DEBUG] [net.minecraftforge.fml.loading.moddiscovery.ModFileInfo/LOADING]: Found valid mod file l2harvester05x-0.1.2.jar with {l2harvester05x} mods - versions {0.1.2}
[10Mar2026 09:59:07.127] [main/DEBUG] [net.minecraftforge.fml.loading.moddiscovery.ModFile/LOADING]: Loading mod file  with languages [LanguageSpec[languageName=javafml, acceptedVersions=[46,)]]
[10Mar2026 09:59:07.127] [main/DEBUG] [net.minecraftforge.fml.loading.moddiscovery.ModFileParser/LOADING]: Considering mod file candidate /workspaces/Mine-cra/servidor_minecraft/mods/fruitsdelight-1.1.1.jar
[10Mar2026 09:59:07.128] [main/DEBUG] [net.minecraftforge.fml.loading.moddiscovery.ModFileInfo/LOADING]: Found valid mod file fruitsdelight-1.1.1.jar with {fruitsdelight} mods - versions {1.1.1}
[10Mar2026 09:59:07.128] [main/DEBUG] [net.minecraftforge.fml.loading.moddiscovery.ModFile/LOADING]: Loading mod file /workspaces/Mine-cra/servidor_minecraft/mods/fruitsdelight-1.1.1.jar with languages [LanguageSpec[languageName=javafml, acceptedVersions=[46,)]]
[10Mar2026 09:59:07.128] [main/DEBUG] [net.minecraftforge.fml.loading.moddiscovery.ModFileParser/LOADING]: Considering mod file candidate /workspaces/Mine-cra/servidor_minecraft/mods/enemyexpansion-2.3.1-forge-1.20.1.jar
[10Mar2026 09:59:07.129] [main/DEBUG] [net.minecraftforge.fml.loading.moddiscovery.ModFileInfo/LOADING]: Found valid mod file enemyexpansion-2.3.1-forge-1.20.1.jar with {enemyexpansion} mods - versions {2.3.1}
[10Mar2026 09:59:07.129] [main/DEBUG] [net.minecraftforge.fml.loading.moddiscovery.ModFile/LOADING]: Loading mod file /workspaces/Mine-cra/servidor_minecraft/mods/enemyexpansion-2.3.1-forge-1.20.1.jar with languages [LanguageSpec[languageName=javafml, acceptedVersions=[47,)]]
[10Mar2026 09:59:07.129] [main/DEBUG] [net.minecraftforge.fml.loading.moddiscovery.ModFile/LOADING]: Loading mod file  with languages []
[10Mar2026 09:59:07.129] [main/DEBUG] [net.minecraftforge.fml.loading.moddiscovery.ModFile/LOADING]: Loading mod file  with languages []
[10Mar2026 09:59:07.129] [main/DEBUG] [net.minecraftforge.fml.loading.moddiscovery.ModFile/LOADING]: Loading mod file  with languages []
[10Mar2026 09:59:07.130] [main/DEBUG] [net.minecraftforge.fml.loading.moddiscovery.ModFile/LOADING]: Loading mod file  with languages []
[10Mar2026 09:59:07.130] [main/DEBUG] [net.minecraftforge.fml.loading.moddiscovery.ModFileParser/LOADING]: Considering mod file candidate 
[10Mar2026 09:59:07.130] [main/DEBUG] [net.minecraftforge.fml.loading.moddiscovery.ModFileInfo/LOADING]: Found valid mod file mixinextras-forge-0.2.0-beta.9.jar with {mixinextras} mods - versions {0.2.0-beta.9}
[10Mar2026 09:59:07.130] [main/DEBUG] [net.minecraftforge.fml.loading.moddiscovery.ModFile/LOADING]: Loading mod file  with languages [LanguageSpec[languageName=javafml, acceptedVersions=*]]
[10Mar2026 09:59:07.131] [main/DEBUG] [net.minecraftforge.fml.loading.moddiscovery.ModFile/LOADING]: Loading mod file  with languages []
[10Mar2026 09:59:07.131] [main/DEBUG] [net.minecraftforge.fml.loading.moddiscovery.ModFile/LOADING]: Loading mod file  with languages []
[10Mar2026 09:59:07.131] [main/DEBUG] [net.minecraftforge.fml.loading.moddiscovery.ModFile/LOADING]: Loading mod file  with languages []
[10Mar2026 09:59:07.131] [main/DEBUG] [net.minecraftforge.fml.loading.moddiscovery.ModFile/LOADING]: Loading mod file  with languages []
[10Mar2026 09:59:07.131] [main/DEBUG] [net.minecraftforge.fml.loading.moddiscovery.ModFile/LOADING]: Loading mod file  with languages []
[10Mar2026 09:59:07.131] [main/DEBUG] [net.minecraftforge.fml.loading.moddiscovery.ModFile/LOADING]: Loading mod file  with languages []
[10Mar2026 09:59:07.131] [main/DEBUG] [net.minecraftforge.fml.loading.moddiscovery.ModFileParser/LOADING]: Considering mod file candidate 
[10Mar2026 09:59:07.132] [main/DEBUG] [net.minecraftforge.fml.loading.moddiscovery.ModFileInfo/LOADING]: Found valid mod file mixinextras-forge-0.2.0-beta.9.jar with {mixinextras} mods - versions {0.2.0-beta.9}
[10Mar2026 09:59:07.132] [main/DEBUG] [net.minecraftforge.fml.loading.moddiscovery.ModFile/LOADING]: Loading mod file  with languages [LanguageSpec[languageName=javafml, acceptedVersions=*]]
[10Mar2026 09:59:07.132] [main/DEBUG] [net.minecraftforge.fml.loading.moddiscovery.ModFile/LOADING]: Loading mod file  with languages []
[10Mar2026 09:59:07.132] [main/DEBUG] [net.minecraftforge.fml.loading.moddiscovery.ModFile/LOADING]: Loading mod file  with languages []
[10Mar2026 09:59:07.133] [main/DEBUG] [cpw.mods.modlauncher.TransformationServiceDecorator/MODLAUNCHER]: End scan trigger - transformation service fml
[10Mar2026 09:59:07.143] [main/DEBUG] [net.minecraftforge.fml.loading.LanguageLoadingProvider/CORE]: Found 3 language providers
[10Mar2026 09:59:07.144] [main/DEBUG] [net.minecraftforge.fml.loading.LanguageLoadingProvider/CORE]: Found language provider minecraft, version 1.0
[10Mar2026 09:59:07.144] [main/DEBUG] [net.minecraftforge.fml.loading.LanguageLoadingProvider/CORE]: Found language provider lowcodefml, version 47
[10Mar2026 09:59:07.144] [main/DEBUG] [net.minecraftforge.fml.loading.LanguageLoadingProvider/CORE]: Found language provider javafml, version 47
[10Mar2026 09:59:07.149] [main/DEBUG] [net.minecraftforge.fml.loading.UniqueModListBuilder/]: Found 2 mods for first modid mclib, selecting most recent based on version data
[10Mar2026 09:59:07.150] [main/DEBUG] [net.minecraftforge.fml.loading.UniqueModListBuilder/]: Selected file mclib-20.jar for modid mclib with version 0.0NONE
[10Mar2026 09:59:07.150] [main/DEBUG] [net.minecraftforge.fml.loading.UniqueModListBuilder/]: Found 2 mods for first modid l2serial, selecting most recent based on version data
[10Mar2026 09:59:07.150] [main/DEBUG] [net.minecraftforge.fml.loading.UniqueModListBuilder/]: Selected file l2serial-1.2.0.jar for modid l2serial with version 1.2.0
[10Mar2026 09:59:07.150] [main/DEBUG] [net.minecraftforge.fml.loading.UniqueModListBuilder/]: Found 2 mods for first modid MixinExtras.beta._9, selecting most recent based on version data
[10Mar2026 09:59:07.150] [main/DEBUG] [net.minecraftforge.fml.loading.UniqueModListBuilder/]: Selected file MixinExtras-0.2.0-beta.9.jar for modid MixinExtras.beta._9 with version 0.0NONE
[10Mar2026 09:59:07.150] [main/DEBUG] [net.minecraftforge.fml.loading.UniqueModListBuilder/]: Found 2 mods for first modid Registrate.MC1._20, selecting most recent based on version data
[10Mar2026 09:59:07.150] [main/DEBUG] [net.minecraftforge.fml.loading.UniqueModListBuilder/]: Selected file Registrate-MC1.20-1.3.11.jar for modid Registrate.MC1._20 with version 0.0NONE
[10Mar2026 09:59:07.150] [main/DEBUG] [net.minecraftforge.fml.loading.UniqueModListBuilder/]: Found 2 mods for first modid mixinextras, selecting most recent based on version data
[10Mar2026 09:59:07.150] [main/DEBUG] [net.minecraftforge.fml.loading.UniqueModListBuilder/]: Selected file mixinextras-forge-0.2.0-beta.9.jar for modid mixinextras with version 0.2.0-beta.9
[10Mar2026 09:59:07.151] [main/DEBUG] [net.minecraftforge.fml.loading.UniqueModListBuilder/]: Found 2 mods for first modid bytecodecs, selecting most recent based on version data
[10Mar2026 09:59:07.151] [main/DEBUG] [net.minecraftforge.fml.loading.UniqueModListBuilder/]: Selected file bytecodecs-1.0.2.jar for modid bytecodecs with version 0.0NONE
[10Mar2026 09:59:07.151] [main/DEBUG] [net.minecraftforge.fml.loading.UniqueModListBuilder/]: Found 2 mods for first modid yabn, selecting most recent based on version data
[10Mar2026 09:59:07.151] [main/DEBUG] [net.minecraftforge.fml.loading.UniqueModListBuilder/]: Selected file yabn-1.0.3.jar for modid yabn with version 0.0NONE
[10Mar2026 09:59:07.153] [main/DEBUG] [net.minecraftforge.fml.loading.ModSorter/]: Configured system mods: [minecraft, forge]
[10Mar2026 09:59:07.153] [main/DEBUG] [net.minecraftforge.fml.loading.ModSorter/]: Found system mod: minecraft
[10Mar2026 09:59:07.153] [main/DEBUG] [net.minecraftforge.fml.loading.ModSorter/]: Found system mod: forge
[10Mar2026 09:59:07.155] [main/DEBUG] [net.minecraftforge.fml.loading.ModSorter/LOADING]: Found 59 mod requirements (56 mandatory, 3 optional)
[10Mar2026 09:59:07.156] [main/DEBUG] [net.minecraftforge.fml.loading.ModSorter/LOADING]: Found 0 mod requirements missing (0 mandatory, 0 optional)
[10Mar2026 09:59:07.568] [main/DEBUG] [cpw.mods.modlauncher.TransformationServicesHandler/MODLAUNCHER]: Transformation services loading transformers
[10Mar2026 09:59:07.568] [main/DEBUG] [cpw.mods.modlauncher.TransformationServiceDecorator/MODLAUNCHER]: Initializing transformers for transformation service mixin
[10Mar2026 09:59:07.569] [main/DEBUG] [cpw.mods.modlauncher.TransformationServiceDecorator/MODLAUNCHER]: Initialized transformers for transformation service mixin
[10Mar2026 09:59:07.569] [main/DEBUG] [cpw.mods.modlauncher.TransformationServiceDecorator/MODLAUNCHER]: Initializing transformers for transformation service fml
[10Mar2026 09:59:07.569] [main/DEBUG] [net.minecraftforge.fml.loading.FMLServiceProvider/CORE]: Loading coremod transformers
[10Mar2026 09:59:07.570] [main/DEBUG] [net.minecraftforge.coremod.CoreModEngine/COREMOD]: Loading CoreMod from potion-effects-shift.js
[10Mar2026 09:59:07.817] [main/DEBUG] [net.minecraftforge.coremod.CoreModEngine/COREMOD]: CoreMod loaded successfully
[10Mar2026 09:59:07.817] [main/DEBUG] [net.minecraftforge.coremod.CoreModEngine/COREMOD]: Loading CoreMod from coremods/field_to_method.js
[10Mar2026 09:59:07.849] [main/DEBUG] [net.minecraftforge.coremod.CoreModEngine/COREMOD]: CoreMod loaded successfully
[10Mar2026 09:59:07.849] [main/DEBUG] [net.minecraftforge.coremod.CoreModEngine/COREMOD]: Loading CoreMod from coremods/field_to_instanceof.js
[10Mar2026 09:59:07.889] [main/DEBUG] [net.minecraftforge.coremod.CoreModEngine/COREMOD]: CoreMod loaded successfully
[10Mar2026 09:59:07.890] [main/DEBUG] [net.minecraftforge.coremod.CoreModEngine/COREMOD]: Loading CoreMod from coremods/add_bouncer_method.js
[10Mar2026 09:59:07.923] [main/DEBUG] [net.minecraftforge.coremod.CoreModEngine/COREMOD]: CoreMod loaded successfully
[10Mar2026 09:59:07.923] [main/DEBUG] [net.minecraftforge.coremod.CoreModEngine/COREMOD]: Loading CoreMod from coremods/method_redirector.js
[10Mar2026 09:59:07.994] [main/DEBUG] [net.minecraftforge.coremod.CoreModEngine/COREMOD]: CoreMod loaded successfully
[10Mar2026 09:59:08.006] [main/DEBUG] [cpw.mods.modlauncher.TransformStore/MODLAUNCHER]: Adding transformer net.minecraftforge.coremod.transformer.CoreModClassTransformer@2fd954f to Target : CLASS {Lnet/minecraft/world/level/biome/Biome;} {} {V}
[10Mar2026 09:59:08.007] [main/DEBUG] [cpw.mods.modlauncher.TransformStore/MODLAUNCHER]: Adding transformer net.minecraftforge.coremod.transformer.CoreModClassTransformer@7e9f2c32 to Target : CLASS {Lnet/minecraft/world/level/levelgen/structure/Structure;} {} {V}
[10Mar2026 09:59:08.008] [main/DEBUG] [cpw.mods.modlauncher.TransformStore/MODLAUNCHER]: Adding transformer net.minecraftforge.coremod.transformer.CoreModClassTransformer@19e0dffe to Target : CLASS {Lnet/minecraft/world/effect/MobEffectInstance;} {} {V}
[10Mar2026 09:59:08.008] [main/DEBUG] [cpw.mods.modlauncher.TransformStore/MODLAUNCHER]: Adding transformer net.minecraftforge.coremod.transformer.CoreModClassTransformer@5d4e13e1 to Target : CLASS {Lnet/minecraft/world/level/block/LiquidBlock;} {} {V}
[10Mar2026 09:59:08.008] [main/DEBUG] [cpw.mods.modlauncher.TransformStore/MODLAUNCHER]: Adding transformer net.minecraftforge.coremod.transformer.CoreModClassTransformer@3e0fbeb5 to Target : CLASS {Lnet/minecraft/world/item/BucketItem;} {} {V}
[10Mar2026 09:59:08.008] [main/DEBUG] [cpw.mods.modlauncher.TransformStore/MODLAUNCHER]: Adding transformer net.minecraftforge.coremod.transformer.CoreModClassTransformer@3976ebfa to Target : CLASS {Lnet/minecraft/world/level/block/StairBlock;} {} {V}
[10Mar2026 09:59:08.008] [main/DEBUG] [cpw.mods.modlauncher.TransformStore/MODLAUNCHER]: Adding transformer net.minecraftforge.coremod.transformer.CoreModClassTransformer@2676dc05 to Target : CLASS {Lnet/minecraft/world/level/block/FlowerPotBlock;} {} {V}
[10Mar2026 09:59:08.008] [main/DEBUG] [cpw.mods.modlauncher.TransformStore/MODLAUNCHER]: Adding transformer net.minecraftforge.coremod.transformer.CoreModClassTransformer@b0a1231 to Target : CLASS {Lnet/minecraft/world/item/ItemStack;} {} {V}
[10Mar2026 09:59:08.008] [main/DEBUG] [cpw.mods.modlauncher.TransformStore/MODLAUNCHER]: Adding transformer net.minecraftforge.coremod.transformer.CoreModClassTransformer@4833eff3 to Target : CLASS {Lnet/minecraft/network/play/client/CClientSettingsPacket;} {} {V}
[10Mar2026 09:59:08.009] [main/DEBUG] [cpw.mods.modlauncher.TransformStore/MODLAUNCHER]: Adding transformer net.minecraftforge.coremod.transformer.CoreModClassTransformer@4694f434 to Target : CLASS {Lnet/minecraft/world/level/levelgen/PatrolSpawner;} {} {V}
[10Mar2026 09:59:08.009] [main/DEBUG] [cpw.mods.modlauncher.TransformStore/MODLAUNCHER]: Adding transformer net.minecraftforge.coremod.transformer.CoreModClassTransformer@4694f434 to Target : CLASS {Lnet/minecraft/world/level/levelgen/structure/structures/WoodlandMansionPieces$WoodlandMansionPiece;} {} {V}
[10Mar2026 09:59:08.009] [main/DEBUG] [cpw.mods.modlauncher.TransformStore/MODLAUNCHER]: Adding transformer net.minecraftforge.coremod.transformer.CoreModClassTransformer@4694f434 to Target : CLASS {Lnet/minecraft/world/entity/animal/frog/Tadpole;} {} {V}
[10Mar2026 09:59:08.009] [main/DEBUG] [cpw.mods.modlauncher.TransformStore/MODLAUNCHER]: Adding transformer net.minecraftforge.coremod.transformer.CoreModClassTransformer@4694f434 to Target : CLASS {Lnet/minecraft/world/level/levelgen/PhantomSpawner;} {} {V}
[10Mar2026 09:59:08.009] [main/DEBUG] [cpw.mods.modlauncher.TransformStore/MODLAUNCHER]: Adding transformer net.minecraftforge.coremod.transformer.CoreModClassTransformer@4694f434 to Target : CLASS {Lnet/minecraft/world/entity/monster/ZombieVillager;} {} {V}
[10Mar2026 09:59:08.009] [main/DEBUG] [cpw.mods.modlauncher.TransformStore/MODLAUNCHER]: Adding transformer net.minecraftforge.coremod.transformer.CoreModClassTransformer@4694f434 to Target : CLASS {Lnet/minecraft/world/entity/npc/CatSpawner;} {} {V}
[10Mar2026 09:59:08.009] [main/DEBUG] [cpw.mods.modlauncher.TransformStore/MODLAUNCHER]: Adding transformer net.minecraftforge.coremod.transformer.CoreModClassTransformer@4694f434 to Target : CLASS {Lnet/minecraft/world/entity/monster/Zombie;} {} {V}
[10Mar2026 09:59:08.009] [main/DEBUG] [cpw.mods.modlauncher.TransformStore/MODLAUNCHER]: Adding transformer net.minecraftforge.coremod.transformer.CoreModClassTransformer@4694f434 to Target : CLASS {Lnet/minecraft/world/entity/EntityType;} {} {V}
[10Mar2026 09:59:08.010] [main/DEBUG] [cpw.mods.modlauncher.TransformStore/MODLAUNCHER]: Adding transformer net.minecraftforge.coremod.transformer.CoreModClassTransformer@4694f434 to Target : CLASS {Lnet/minecraft/world/entity/monster/Evoker$EvokerSummonSpellGoal;} {} {V}
[10Mar2026 09:59:08.010] [main/DEBUG] [cpw.mods.modlauncher.TransformStore/MODLAUNCHER]: Adding transformer net.minecraftforge.coremod.transformer.CoreModClassTransformer@4694f434 to Target : CLASS {Lnet/minecraft/world/entity/monster/Spider;} {} {V}
[10Mar2026 09:59:08.010] [main/DEBUG] [cpw.mods.modlauncher.TransformStore/MODLAUNCHER]: Adding transformer net.minecraftforge.coremod.transformer.CoreModClassTransformer@4694f434 to Target : CLASS {Lnet/minecraft/world/level/levelgen/structure/structures/OceanMonumentPieces$OceanMonumentPiece;} {} {V}
[10Mar2026 09:59:08.010] [main/DEBUG] [cpw.mods.modlauncher.TransformStore/MODLAUNCHER]: Adding transformer net.minecraftforge.coremod.transformer.CoreModClassTransformer@4694f434 to Target : CLASS {Lnet/minecraft/world/level/levelgen/structure/structures/OceanRuinPieces$OceanRuinPiece;} {} {V}
[10Mar2026 09:59:08.010] [main/DEBUG] [cpw.mods.modlauncher.TransformStore/MODLAUNCHER]: Adding transformer net.minecraftforge.coremod.transformer.CoreModClassTransformer@4694f434 to Target : CLASS {Lnet/minecraft/server/commands/RaidCommand;} {} {V}
[10Mar2026 09:59:08.010] [main/DEBUG] [cpw.mods.modlauncher.TransformStore/MODLAUNCHER]: Adding transformer net.minecraftforge.coremod.transformer.CoreModClassTransformer@4694f434 to Target : CLASS {Lnet/minecraft/world/entity/raid/Raid;} {} {V}
[10Mar2026 09:59:08.010] [main/DEBUG] [cpw.mods.modlauncher.TransformStore/MODLAUNCHER]: Adding transformer net.minecraftforge.coremod.transformer.CoreModClassTransformer@4694f434 to Target : CLASS {Lnet/minecraft/world/level/levelgen/structure/structures/SwampHutPiece;} {} {V}
[10Mar2026 09:59:08.010] [main/DEBUG] [cpw.mods.modlauncher.TransformStore/MODLAUNCHER]: Adding transformer net.minecraftforge.coremod.transformer.CoreModClassTransformer@4694f434 to Target : CLASS {Lnet/minecraft/world/level/levelgen/structure/templatesystem/StructureTemplate;} {} {V}
[10Mar2026 09:59:08.011] [main/DEBUG] [cpw.mods.modlauncher.TransformStore/MODLAUNCHER]: Adding transformer net.minecraftforge.coremod.transformer.CoreModClassTransformer@4694f434 to Target : CLASS {Lnet/minecraft/world/entity/ai/village/VillageSiege;} {} {V}
[10Mar2026 09:59:08.011] [main/DEBUG] [cpw.mods.modlauncher.TransformStore/MODLAUNCHER]: Adding transformer net.minecraftforge.coremod.transformer.CoreModClassTransformer@4694f434 to Target : CLASS {Lnet/minecraft/world/entity/monster/Strider;} {} {V}
[10Mar2026 09:59:08.011] [main/DEBUG] [cpw.mods.modlauncher.TransformStore/MODLAUNCHER]: Adding transformer net.minecraftforge.coremod.transformer.CoreModClassTransformer@4694f434 to Target : CLASS {Lnet/minecraft/world/entity/npc/Villager;} {} {V}
[10Mar2026 09:59:08.011] [main/DEBUG] [cpw.mods.modlauncher.TransformStore/MODLAUNCHER]: Adding transformer net.minecraftforge.coremod.transformer.CoreModClassTransformer@4694f434 to Target : CLASS {Lnet/minecraft/server/commands/SummonCommand;} {} {V}
[10Mar2026 09:59:08.011] [main/DEBUG] [cpw.mods.modlauncher.TransformStore/MODLAUNCHER]: Adding transformer net.minecraftforge.coremod.transformer.CoreModClassTransformer@4694f434 to Target : CLASS {Lnet/minecraft/world/entity/animal/horse/SkeletonTrapGoal;} {} {V}
[10Mar2026 09:59:08.011] [main/DEBUG] [cpw.mods.modlauncher.TransformStore/MODLAUNCHER]: Adding transformer net.minecraftforge.coremod.transformer.CoreModClassTransformer@4694f434 to Target : CLASS {Lnet/minecraft/world/level/NaturalSpawner;} {} {V}
[10Mar2026 09:59:08.011] [main/DEBUG] [cpw.mods.modlauncher.TransformStore/MODLAUNCHER]: Adding transformer net.minecraftforge.coremod.transformer.CoreModMethodTransformer@dd2856e to Target : METHOD {Lnet/minecraft/client/gui/Gui;} {m_93028_} {(Lcom/mojang/blaze3d/vertex/PoseStack;)V}
[10Mar2026 09:59:08.011] [main/DEBUG] [cpw.mods.modlauncher.TransformationServiceDecorator/MODLAUNCHER]: Initialized transformers for transformation service fml
[10Mar2026 09:59:09.026] [main/DEBUG] [mixin/]: Processing prepare() for PlatformAgent[MixinPlatformAgentDefault:ModLauncher Root Container(ModLauncher:4f56a0a2)]
[10Mar2026 09:59:09.026] [main/DEBUG] [mixin/]: Processing launch tasks for PlatformAgent[MixinPlatformAgentDefault:ModLauncher Root Container(ModLauncher:4f56a0a2)]
[10Mar2026 09:59:09.026] [main/DEBUG] [mixin/]: Adding mixin platform agents for container SecureJarResource(minecraft)
[10Mar2026 09:59:09.026] [main/DEBUG] [mixin/]: Instancing new MixinPlatformAgentMinecraftForge for SecureJarResource(minecraft)
[10Mar2026 09:59:09.026] [main/DEBUG] [mixin/]: MixinPlatformAgentMinecraftForge rejected container SecureJarResource(minecraft)
[10Mar2026 09:59:09.027] [main/DEBUG] [mixin/]: Instancing new MixinPlatformAgentDefault for SecureJarResource(minecraft)
[10Mar2026 09:59:09.027] [main/DEBUG] [mixin/]: MixinPlatformAgentDefault accepted container SecureJarResource(minecraft)
[10Mar2026 09:59:09.027] [main/DEBUG] [mixin/]: Processing prepare() for PlatformAgent[MixinPlatformAgentDefault:SecureJarResource(minecraft)]
[10Mar2026 09:59:09.027] [main/DEBUG] [mixin/]: Adding mixin platform agents for container SecureJarResource(farmersdelight)
[10Mar2026 09:59:09.027] [main/DEBUG] [mixin/]: Instancing new MixinPlatformAgentMinecraftForge for SecureJarResource(farmersdelight)
[10Mar2026 09:59:09.027] [main/DEBUG] [mixin/]: MixinPlatformAgentMinecraftForge rejected container SecureJarResource(farmersdelight)
[10Mar2026 09:59:09.027] [main/DEBUG] [mixin/]: Instancing new MixinPlatformAgentDefault for SecureJarResource(farmersdelight)
[10Mar2026 09:59:09.027] [main/DEBUG] [mixin/]: MixinPlatformAgentDefault accepted container SecureJarResource(farmersdelight)
[10Mar2026 09:59:09.027] [main/DEBUG] [mixin/]: Processing prepare() for PlatformAgent[MixinPlatformAgentDefault:SecureJarResource(farmersdelight)]
[10Mar2026 09:59:09.027] [main/DEBUG] [mixin/]: Registering mixin config: farmersdelight.mixins.json
[10Mar2026 09:59:09.043] [main/DEBUG] [mixin/]: Compatibility level JAVA_17 specified by farmersdelight.mixins.json is higher than the maximum level supported by this version of mixin (JAVA_13).
[10Mar2026 09:59:09.047] [main/INFO] [mixin/]: Compatibility level set to JAVA_17
[10Mar2026 09:59:09.047] [main/DEBUG] [mixin/]: Adding mixin platform agents for container SecureJarResource(handcrafted)
[10Mar2026 09:59:09.048] [main/DEBUG] [mixin/]: Instancing new MixinPlatformAgentMinecraftForge for SecureJarResource(handcrafted)
[10Mar2026 09:59:09.048] [main/DEBUG] [mixin/]: MixinPlatformAgentMinecraftForge rejected container SecureJarResource(handcrafted)
[10Mar2026 09:59:09.048] [main/DEBUG] [mixin/]: Instancing new MixinPlatformAgentDefault for SecureJarResource(handcrafted)
[10Mar2026 09:59:09.048] [main/DEBUG] [mixin/]: MixinPlatformAgentDefault accepted container SecureJarResource(handcrafted)
[10Mar2026 09:59:09.048] [main/DEBUG] [mixin/]: Processing prepare() for PlatformAgent[MixinPlatformAgentDefault:SecureJarResource(handcrafted)]
[10Mar2026 09:59:09.048] [main/DEBUG] [mixin/]: Registering mixin config: handcrafted-common.mixins.json
[10Mar2026 09:59:09.051] [main/DEBUG] [mixin/]: Registering mixin config: handcrafted.mixins.json
[10Mar2026 09:59:09.053] [main/DEBUG] [mixin/]: Adding mixin platform agents for container SecureJarResource(kuma_api)
[10Mar2026 09:59:09.053] [main/DEBUG] [mixin/]: Instancing new MixinPlatformAgentMinecraftForge for SecureJarResource(kuma_api)
[10Mar2026 09:59:09.053] [main/DEBUG] [mixin/]: MixinPlatformAgentMinecraftForge rejected container SecureJarResource(kuma_api)
[10Mar2026 09:59:09.053] [main/DEBUG] [mixin/]: Instancing new MixinPlatformAgentDefault for SecureJarResource(kuma_api)
[10Mar2026 09:59:09.053] [main/DEBUG] [mixin/]: MixinPlatformAgentDefault accepted container SecureJarResource(kuma_api)
[10Mar2026 09:59:09.053] [main/DEBUG] [mixin/]: Processing prepare() for PlatformAgent[MixinPlatformAgentDefault:SecureJarResource(kuma_api)]
[10Mar2026 09:59:09.053] [main/DEBUG] [mixin/]: Registering mixin config: kuma_api.mixins.json
[10Mar2026 09:59:09.056] [main/DEBUG] [mixin/]: Registering mixin config: kuma_api.forge.mixins.json
[10Mar2026 09:59:09.058] [main/DEBUG] [mixin/]: Adding mixin platform agents for container SecureJarResource(culturaldelights)
[10Mar2026 09:59:09.058] [main/DEBUG] [mixin/]: Instancing new MixinPlatformAgentMinecraftForge for SecureJarResource(culturaldelights)
[10Mar2026 09:59:09.058] [main/DEBUG] [mixin/]: MixinPlatformAgentMinecraftForge rejected container SecureJarResource(culturaldelights)
[10Mar2026 09:59:09.058] [main/DEBUG] [mixin/]: Instancing new MixinPlatformAgentDefault for SecureJarResource(culturaldelights)
[10Mar2026 09:59:09.059] [main/DEBUG] [mixin/]: MixinPlatformAgentDefault accepted container SecureJarResource(culturaldelights)
[10Mar2026 09:59:09.059] [main/DEBUG] [mixin/]: Processing prepare() for PlatformAgent[MixinPlatformAgentDefault:SecureJarResource(culturaldelights)]
[10Mar2026 09:59:09.059] [main/DEBUG] [mixin/]: Adding mixin platform agents for container SecureJarResource(geckolib)
[10Mar2026 09:59:09.059] [main/DEBUG] [mixin/]: Instancing new MixinPlatformAgentMinecraftForge for SecureJarResource(geckolib)
[10Mar2026 09:59:09.059] [main/DEBUG] [mixin/]: MixinPlatformAgentMinecraftForge rejected container SecureJarResource(geckolib)
[10Mar2026 09:59:09.059] [main/DEBUG] [mixin/]: Instancing new MixinPlatformAgentDefault for SecureJarResource(geckolib)
[10Mar2026 09:59:09.059] [main/DEBUG] [mixin/]: MixinPlatformAgentDefault accepted container SecureJarResource(geckolib)
[10Mar2026 09:59:09.059] [main/DEBUG] [mixin/]: Processing prepare() for PlatformAgent[MixinPlatformAgentDefault:SecureJarResource(geckolib)]
[10Mar2026 09:59:09.059] [main/DEBUG] [mixin/]: Registering mixin config: geckolib.mixins.json
[10Mar2026 09:59:09.061] [main/DEBUG] [mixin/]: Adding mixin platform agents for container SecureJarResource(l2harvester)
[10Mar2026 09:59:09.061] [main/DEBUG] [mixin/]: Instancing new MixinPlatformAgentMinecraftForge for SecureJarResource(l2harvester)
[10Mar2026 09:59:09.062] [main/DEBUG] [mixin/]: MixinPlatformAgentMinecraftForge rejected container SecureJarResource(l2harvester)
[10Mar2026 09:59:09.062] [main/DEBUG] [mixin/]: Instancing new MixinPlatformAgentDefault for SecureJarResource(l2harvester)
[10Mar2026 09:59:09.062] [main/DEBUG] [mixin/]: MixinPlatformAgentDefault accepted container SecureJarResource(l2harvester)
[10Mar2026 09:59:09.062] [main/DEBUG] [mixin/]: Processing prepare() for PlatformAgent[MixinPlatformAgentDefault:SecureJarResource(l2harvester)]
[10Mar2026 09:59:09.062] [main/DEBUG] [mixin/]: Adding mixin platform agents for container SecureJarResource(aether)
[10Mar2026 09:59:09.062] [main/DEBUG] [mixin/]: Instancing new MixinPlatformAgentMinecraftForge for SecureJarResource(aether)
[10Mar2026 09:59:09.062] [main/DEBUG] [mixin/]: MixinPlatformAgentMinecraftForge rejected container SecureJarResource(aether)
[10Mar2026 09:59:09.062] [main/DEBUG] [mixin/]: Instancing new MixinPlatformAgentDefault for SecureJarResource(aether)
[10Mar2026 09:59:09.062] [main/DEBUG] [mixin/]: MixinPlatformAgentDefault accepted container SecureJarResource(aether)
[10Mar2026 09:59:09.062] [main/DEBUG] [mixin/]: Processing prepare() for PlatformAgent[MixinPlatformAgentDefault:SecureJarResource(aether)]
[10Mar2026 09:59:09.063] [main/DEBUG] [mixin/]: Registering mixin config: aether.mixins.json
[10Mar2026 09:59:09.065] [main/DEBUG] [mixin/]: Adding mixin platform agents for container SecureJarResource(jei)
[10Mar2026 09:59:09.065] [main/DEBUG] [mixin/]: Instancing new MixinPlatformAgentMinecraftForge for SecureJarResource(jei)
[10Mar2026 09:59:09.065] [main/DEBUG] [mixin/]: MixinPlatformAgentMinecraftForge rejected container SecureJarResource(jei)
[10Mar2026 09:59:09.065] [main/DEBUG] [mixin/]: Instancing new MixinPlatformAgentDefault for SecureJarResource(jei)
[10Mar2026 09:59:09.066] [main/DEBUG] [mixin/]: MixinPlatformAgentDefault accepted container SecureJarResource(jei)
[10Mar2026 09:59:09.066] [main/DEBUG] [mixin/]: Processing prepare() for PlatformAgent[MixinPlatformAgentDefault:SecureJarResource(jei)]
[10Mar2026 09:59:09.066] [main/DEBUG] [mixin/]: Adding mixin platform agents for container SecureJarResource(sophisticatedcore)
[10Mar2026 09:59:09.066] [main/DEBUG] [mixin/]: Instancing new MixinPlatformAgentMinecraftForge for SecureJarResource(sophisticatedcore)
[10Mar2026 09:59:09.066] [main/DEBUG] [mixin/]: MixinPlatformAgentMinecraftForge rejected container SecureJarResource(sophisticatedcore)
[10Mar2026 09:59:09.066] [main/DEBUG] [mixin/]: Instancing new MixinPlatformAgentDefault for SecureJarResource(sophisticatedcore)
[10Mar2026 09:59:09.066] [main/DEBUG] [mixin/]: MixinPlatformAgentDefault accepted container SecureJarResource(sophisticatedcore)
[10Mar2026 09:59:09.066] [main/DEBUG] [mixin/]: Processing prepare() for PlatformAgent[MixinPlatformAgentDefault:SecureJarResource(sophisticatedcore)]
[10Mar2026 09:59:09.066] [main/DEBUG] [mixin/]: Registering mixin config: sophisticatedcore.mixins.json
[10Mar2026 09:59:09.069] [main/DEBUG] [mixin/]: Adding mixin platform agents for container SecureJarResource(curios)
[10Mar2026 09:59:09.069] [main/DEBUG] [mixin/]: Instancing new MixinPlatformAgentMinecraftForge for SecureJarResource(curios)
[10Mar2026 09:59:09.069] [main/DEBUG] [mixin/]: MixinPlatformAgentMinecraftForge rejected container SecureJarResource(curios)
[10Mar2026 09:59:09.069] [main/DEBUG] [mixin/]: Instancing new MixinPlatformAgentDefault for SecureJarResource(curios)
[10Mar2026 09:59:09.069] [main/DEBUG] [mixin/]: MixinPlatformAgentDefault accepted container SecureJarResource(curios)
[10Mar2026 09:59:09.069] [main/DEBUG] [mixin/]: Processing prepare() for PlatformAgent[MixinPlatformAgentDefault:SecureJarResource(curios)]
[10Mar2026 09:59:09.070] [main/DEBUG] [mixin/]: Registering mixin config: curios.mixins.json
[10Mar2026 09:59:09.071] [main/DEBUG] [mixin/]: Adding mixin platform agents for container SecureJarResource(l2harvester60x)
[10Mar2026 09:59:09.072] [main/DEBUG] [mixin/]: Instancing new MixinPlatformAgentMinecraftForge for SecureJarResource(l2harvester60x)
[10Mar2026 09:59:09.072] [main/DEBUG] [mixin/]: MixinPlatformAgentMinecraftForge rejected container SecureJarResource(l2harvester60x)
[10Mar2026 09:59:09.072] [main/DEBUG] [mixin/]: Instancing new MixinPlatformAgentDefault for SecureJarResource(l2harvester60x)
[10Mar2026 09:59:09.072] [main/DEBUG] [mixin/]: MixinPlatformAgentDefault accepted container SecureJarResource(l2harvester60x)
[10Mar2026 09:59:09.072] [main/DEBUG] [mixin/]: Processing prepare() for PlatformAgent[MixinPlatformAgentDefault:SecureJarResource(l2harvester60x)]
[10Mar2026 09:59:09.072] [main/DEBUG] [mixin/]: Registering mixin config: l2harvester60x.mixins.json
[10Mar2026 09:59:09.074] [main/DEBUG] [mixin/]: Adding mixin platform agents for container SecureJarResource(journeymap)
[10Mar2026 09:59:09.074] [main/DEBUG] [mixin/]: Instancing new MixinPlatformAgentMinecraftForge for SecureJarResource(journeymap)
[10Mar2026 09:59:09.074] [main/DEBUG] [mixin/]: MixinPlatformAgentMinecraftForge rejected container SecureJarResource(journeymap)
[10Mar2026 09:59:09.074] [main/DEBUG] [mixin/]: Instancing new MixinPlatformAgentDefault for SecureJarResource(journeymap)
[10Mar2026 09:59:09.075] [main/DEBUG] [mixin/]: MixinPlatformAgentDefault accepted container SecureJarResource(journeymap)
[10Mar2026 09:59:09.075] [main/DEBUG] [mixin/]: Processing prepare() for PlatformAgent[MixinPlatformAgentDefault:SecureJarResource(journeymap)]
[10Mar2026 09:59:09.075] [main/DEBUG] [mixin/]: Registering mixin config: journeymap.mixins.json
[10Mar2026 09:59:09.077] [main/DEBUG] [mixin/]: Adding mixin platform agents for container SecureJarResource(cookingforblockheads)
[10Mar2026 09:59:09.077] [main/DEBUG] [mixin/]: Instancing new MixinPlatformAgentMinecraftForge for SecureJarResource(cookingforblockheads)
[10Mar2026 09:59:09.077] [main/DEBUG] [mixin/]: MixinPlatformAgentMinecraftForge rejected container SecureJarResource(cookingforblockheads)
[10Mar2026 09:59:09.077] [main/DEBUG] [mixin/]: Instancing new MixinPlatformAgentDefault for SecureJarResource(cookingforblockheads)
[10Mar2026 09:59:09.078] [main/DEBUG] [mixin/]: MixinPlatformAgentDefault accepted container SecureJarResource(cookingforblockheads)
[10Mar2026 09:59:09.078] [main/DEBUG] [mixin/]: Processing prepare() for PlatformAgent[MixinPlatformAgentDefault:SecureJarResource(cookingforblockheads)]
[10Mar2026 09:59:09.078] [main/DEBUG] [mixin/]: Registering mixin config: cookingforblockheads.mixins.json
[10Mar2026 09:59:09.080] [main/DEBUG] [mixin/]: Adding mixin platform agents for container SecureJarResource(mixinextras)
[10Mar2026 09:59:09.080] [main/DEBUG] [mixin/]: Instancing new MixinPlatformAgentMinecraftForge for SecureJarResource(mixinextras)
[10Mar2026 09:59:09.080] [main/DEBUG] [mixin/]: MixinPlatformAgentMinecraftForge rejected container SecureJarResource(mixinextras)
[10Mar2026 09:59:09.080] [main/DEBUG] [mixin/]: Instancing new MixinPlatformAgentDefault for SecureJarResource(mixinextras)
[10Mar2026 09:59:09.080] [main/DEBUG] [mixin/]: MixinPlatformAgentDefault accepted container SecureJarResource(mixinextras)
[10Mar2026 09:59:09.081] [main/DEBUG] [mixin/]: Processing prepare() for PlatformAgent[MixinPlatformAgentDefault:SecureJarResource(mixinextras)]
[10Mar2026 09:59:09.081] [main/DEBUG] [mixin/]: Registering mixin config: mixinextras.init.mixins.json
[10Mar2026 09:59:09.082] [main/DEBUG] [mixin/]: Adding mixin platform agents for container SecureJarResource(sophisticatedbackpacks)
[10Mar2026 09:59:09.082] [main/DEBUG] [mixin/]: Instancing new MixinPlatformAgentMinecraftForge for SecureJarResource(sophisticatedbackpacks)
[10Mar2026 09:59:09.082] [main/DEBUG] [mixin/]: MixinPlatformAgentMinecraftForge rejected container SecureJarResource(sophisticatedbackpacks)
[10Mar2026 09:59:09.082] [main/DEBUG] [mixin/]: Instancing new MixinPlatformAgentDefault for SecureJarResource(sophisticatedbackpacks)
[10Mar2026 09:59:09.083] [main/DEBUG] [mixin/]: MixinPlatformAgentDefault accepted container SecureJarResource(sophisticatedbackpacks)
[10Mar2026 09:59:09.083] [main/DEBUG] [mixin/]: Processing prepare() for PlatformAgent[MixinPlatformAgentDefault:SecureJarResource(sophisticatedbackpacks)]
[10Mar2026 09:59:09.083] [main/DEBUG] [mixin/]: Adding mixin platform agents for container SecureJarResource(resourcefullib)
[10Mar2026 09:59:09.083] [main/DEBUG] [mixin/]: Instancing new MixinPlatformAgentMinecraftForge for SecureJarResource(resourcefullib)
[10Mar2026 09:59:09.083] [main/DEBUG] [mixin/]: MixinPlatformAgentMinecraftForge rejected container SecureJarResource(resourcefullib)
[10Mar2026 09:59:09.083] [main/DEBUG] [mixin/]: Instancing new MixinPlatformAgentDefault for SecureJarResource(resourcefullib)
[10Mar2026 09:59:09.083] [main/DEBUG] [mixin/]: MixinPlatformAgentDefault accepted container SecureJarResource(resourcefullib)
[10Mar2026 09:59:09.083] [main/DEBUG] [mixin/]: Processing prepare() for PlatformAgent[MixinPlatformAgentDefault:SecureJarResource(resourcefullib)]
[10Mar2026 09:59:09.083] [main/DEBUG] [mixin/]: Adding mixin platform agents for container SecureJarResource(cumulus_menus)
[10Mar2026 09:59:09.083] [main/DEBUG] [mixin/]: Instancing new MixinPlatformAgentMinecraftForge for SecureJarResource(cumulus_menus)
[10Mar2026 09:59:09.083] [main/DEBUG] [mixin/]: MixinPlatformAgentMinecraftForge rejected container SecureJarResource(cumulus_menus)
[10Mar2026 09:59:09.084] [main/DEBUG] [mixin/]: Instancing new MixinPlatformAgentDefault for SecureJarResource(cumulus_menus)
[10Mar2026 09:59:09.084] [main/DEBUG] [mixin/]: MixinPlatformAgentDefault accepted container SecureJarResource(cumulus_menus)
[10Mar2026 09:59:09.084] [main/DEBUG] [mixin/]: Processing prepare() for PlatformAgent[MixinPlatformAgentDefault:SecureJarResource(cumulus_menus)]
[10Mar2026 09:59:09.084] [main/DEBUG] [mixin/]: Registering mixin config: cumulus_menus.mixins.json
[10Mar2026 09:59:09.086] [main/DEBUG] [mixin/]: Adding mixin platform agents for container SecureJarResource(balm)
[10Mar2026 09:59:09.086] [main/DEBUG] [mixin/]: Instancing new MixinPlatformAgentMinecraftForge for SecureJarResource(balm)
[10Mar2026 09:59:09.086] [main/DEBUG] [mixin/]: MixinPlatformAgentMinecraftForge rejected container SecureJarResource(balm)
[10Mar2026 09:59:09.086] [main/DEBUG] [mixin/]: Instancing new MixinPlatformAgentDefault for SecureJarResource(balm)
[10Mar2026 09:59:09.087] [main/DEBUG] [mixin/]: MixinPlatformAgentDefault accepted container SecureJarResource(balm)
[10Mar2026 09:59:09.087] [main/DEBUG] [mixin/]: Processing prepare() for PlatformAgent[MixinPlatformAgentDefault:SecureJarResource(balm)]
[10Mar2026 09:59:09.087] [main/DEBUG] [mixin/]: Registering mixin config: balm.mixins.json
[10Mar2026 09:59:09.089] [main/DEBUG] [mixin/]: Adding mixin platform agents for container SecureJarResource(refurbished_furniture)
[10Mar2026 09:59:09.089] [main/DEBUG] [mixin/]: Instancing new MixinPlatformAgentMinecraftForge for SecureJarResource(refurbished_furniture)
[10Mar2026 09:59:09.089] [main/DEBUG] [mixin/]: MixinPlatformAgentMinecraftForge rejected container SecureJarResource(refurbished_furniture)
[10Mar2026 09:59:09.089] [main/DEBUG] [mixin/]: Instancing new MixinPlatformAgentDefault for SecureJarResource(refurbished_furniture)
[10Mar2026 09:59:09.089] [main/DEBUG] [mixin/]: MixinPlatformAgentDefault accepted container SecureJarResource(refurbished_furniture)
[10Mar2026 09:59:09.089] [main/DEBUG] [mixin/]: Processing prepare() for PlatformAgent[MixinPlatformAgentDefault:SecureJarResource(refurbished_furniture)]
[10Mar2026 09:59:09.090] [main/DEBUG] [mixin/]: Registering mixin config: refurbished_furniture.common.mixins.json
[10Mar2026 09:59:09.092] [main/DEBUG] [mixin/]: Adding mixin platform agents for container SecureJarResource(nitrogen_internals)
[10Mar2026 09:59:09.092] [main/DEBUG] [mixin/]: Instancing new MixinPlatformAgentMinecraftForge for SecureJarResource(nitrogen_internals)
[10Mar2026 09:59:09.093] [main/DEBUG] [mixin/]: MixinPlatformAgentMinecraftForge rejected container SecureJarResource(nitrogen_internals)
[10Mar2026 09:59:09.093] [main/DEBUG] [mixin/]: Instancing new MixinPlatformAgentDefault for SecureJarResource(nitrogen_internals)
[10Mar2026 09:59:09.093] [main/DEBUG] [mixin/]: MixinPlatformAgentDefault accepted container SecureJarResource(nitrogen_internals)
[10Mar2026 09:59:09.093] [main/DEBUG] [mixin/]: Processing prepare() for PlatformAgent[MixinPlatformAgentDefault:SecureJarResource(nitrogen_internals)]
[10Mar2026 09:59:09.093] [main/DEBUG] [mixin/]: Registering mixin config: nitrogen_internals.mixins.json
[10Mar2026 09:59:09.095] [main/DEBUG] [mixin/]: Adding mixin platform agents for container SecureJarResource(framework)
[10Mar2026 09:59:09.095] [main/DEBUG] [mixin/]: Instancing new MixinPlatformAgentMinecraftForge for SecureJarResource(framework)
[10Mar2026 09:59:09.095] [main/DEBUG] [mixin/]: MixinPlatformAgentMinecraftForge rejected container SecureJarResource(framework)
[10Mar2026 09:59:09.095] [main/DEBUG] [mixin/]: Instancing new MixinPlatformAgentDefault for SecureJarResource(framework)
[10Mar2026 09:59:09.095] [main/DEBUG] [mixin/]: MixinPlatformAgentDefault accepted container SecureJarResource(framework)
[10Mar2026 09:59:09.096] [main/DEBUG] [mixin/]: Processing prepare() for PlatformAgent[MixinPlatformAgentDefault:SecureJarResource(framework)]
[10Mar2026 09:59:09.096] [main/DEBUG] [mixin/]: Adding mixin platform agents for container SecureJarResource(fallingtree)
[10Mar2026 09:59:09.096] [main/DEBUG] [mixin/]: Instancing new MixinPlatformAgentMinecraftForge for SecureJarResource(fallingtree)
[10Mar2026 09:59:09.096] [main/DEBUG] [mixin/]: MixinPlatformAgentMinecraftForge rejected container SecureJarResource(fallingtree)
[10Mar2026 09:59:09.096] [main/DEBUG] [mixin/]: Instancing new MixinPlatformAgentDefault for SecureJarResource(fallingtree)
[10Mar2026 09:59:09.096] [main/DEBUG] [mixin/]: MixinPlatformAgentDefault accepted container SecureJarResource(fallingtree)
[10Mar2026 09:59:09.097] [main/DEBUG] [mixin/]: Processing prepare() for PlatformAgent[MixinPlatformAgentDefault:SecureJarResource(fallingtree)]
[10Mar2026 09:59:09.097] [main/DEBUG] [mixin/]: Adding mixin platform agents for container SecureJarResource(l2library)
[10Mar2026 09:59:09.097] [main/DEBUG] [mixin/]: Instancing new MixinPlatformAgentMinecraftForge for SecureJarResource(l2library)
[10Mar2026 09:59:09.097] [main/DEBUG] [mixin/]: MixinPlatformAgentMinecraftForge rejected container SecureJarResource(l2library)
[10Mar2026 09:59:09.097] [main/DEBUG] [mixin/]: Instancing new MixinPlatformAgentDefault for SecureJarResource(l2library)
[10Mar2026 09:59:09.097] [main/DEBUG] [mixin/]: MixinPlatformAgentDefault accepted container SecureJarResource(l2library)
[10Mar2026 09:59:09.098] [main/DEBUG] [mixin/]: Processing prepare() for PlatformAgent[MixinPlatformAgentDefault:SecureJarResource(l2library)]
[10Mar2026 09:59:09.098] [main/DEBUG] [mixin/]: Registering mixin config: l2library.mixins.json
[10Mar2026 09:59:09.100] [main/DEBUG] [mixin/]: Compatibility level JAVA_16 specified by l2library.mixins.json is higher than the maximum level supported by this version of mixin (JAVA_13).
[10Mar2026 09:59:09.101] [main/DEBUG] [mixin/]: Adding mixin platform agents for container SecureJarResource(forge)
[10Mar2026 09:59:09.101] [main/DEBUG] [mixin/]: Instancing new MixinPlatformAgentMinecraftForge for SecureJarResource(forge)
[10Mar2026 09:59:09.101] [main/DEBUG] [mixin/]: MixinPlatformAgentMinecraftForge rejected container SecureJarResource(forge)
[10Mar2026 09:59:09.101] [main/DEBUG] [mixin/]: Instancing new MixinPlatformAgentDefault for SecureJarResource(forge)
[10Mar2026 09:59:09.101] [main/DEBUG] [mixin/]: MixinPlatformAgentDefault accepted container SecureJarResource(forge)
[10Mar2026 09:59:09.101] [main/DEBUG] [mixin/]: Processing prepare() for PlatformAgent[MixinPlatformAgentDefault:SecureJarResource(forge)]
[10Mar2026 09:59:09.101] [main/DEBUG] [mixin/]: Adding mixin platform agents for container SecureJarResource(appleskin)
[10Mar2026 09:59:09.101] [main/DEBUG] [mixin/]: Instancing new MixinPlatformAgentMinecraftForge for SecureJarResource(appleskin)
[10Mar2026 09:59:09.101] [main/DEBUG] [mixin/]: MixinPlatformAgentMinecraftForge rejected container SecureJarResource(appleskin)
[10Mar2026 09:59:09.102] [main/DEBUG] [mixin/]: Instancing new MixinPlatformAgentDefault for SecureJarResource(appleskin)
[10Mar2026 09:59:09.102] [main/DEBUG] [mixin/]: MixinPlatformAgentDefault accepted container SecureJarResource(appleskin)
[10Mar2026 09:59:09.102] [main/DEBUG] [mixin/]: Processing prepare() for PlatformAgent[MixinPlatformAgentDefault:SecureJarResource(appleskin)]
[10Mar2026 09:59:09.102] [main/DEBUG] [mixin/]: Adding mixin platform agents for container SecureJarResource(l2harvester05x)
[10Mar2026 09:59:09.102] [main/DEBUG] [mixin/]: Instancing new MixinPlatformAgentMinecraftForge for SecureJarResource(l2harvester05x)
[10Mar2026 09:59:09.102] [main/DEBUG] [mixin/]: MixinPlatformAgentMinecraftForge rejected container SecureJarResource(l2harvester05x)
[10Mar2026 09:59:09.102] [main/DEBUG] [mixin/]: Instancing new MixinPlatformAgentDefault for SecureJarResource(l2harvester05x)
[10Mar2026 09:59:09.102] [main/DEBUG] [mixin/]: MixinPlatformAgentDefault accepted container SecureJarResource(l2harvester05x)
[10Mar2026 09:59:09.102] [main/DEBUG] [mixin/]: Processing prepare() for PlatformAgent[MixinPlatformAgentDefault:SecureJarResource(l2harvester05x)]
[10Mar2026 09:59:09.102] [main/DEBUG] [mixin/]: Registering mixin config: l2harvester05x.mixins.json
[10Mar2026 09:59:09.105] [main/DEBUG] [mixin/]: Adding mixin platform agents for container SecureJarResource(fruitsdelight)
[10Mar2026 09:59:09.105] [main/DEBUG] [mixin/]: Instancing new MixinPlatformAgentMinecraftForge for SecureJarResource(fruitsdelight)
[10Mar2026 09:59:09.105] [main/DEBUG] [mixin/]: MixinPlatformAgentMinecraftForge rejected container SecureJarResource(fruitsdelight)
[10Mar2026 09:59:09.105] [main/DEBUG] [mixin/]: Instancing new MixinPlatformAgentDefault for SecureJarResource(fruitsdelight)
[10Mar2026 09:59:09.105] [main/DEBUG] [mixin/]: MixinPlatformAgentDefault accepted container SecureJarResource(fruitsdelight)
[10Mar2026 09:59:09.105] [main/DEBUG] [mixin/]: Processing prepare() for PlatformAgent[MixinPlatformAgentDefault:SecureJarResource(fruitsdelight)]
[10Mar2026 09:59:09.105] [main/DEBUG] [mixin/]: Registering mixin config: fruitsdelight.mixins.json
[10Mar2026 09:59:09.107] [main/DEBUG] [mixin/]: Adding mixin platform agents for container SecureJarResource(enemyexpansion)
[10Mar2026 09:59:09.107] [main/DEBUG] [mixin/]: Instancing new MixinPlatformAgentMinecraftForge for SecureJarResource(enemyexpansion)
[10Mar2026 09:59:09.107] [main/DEBUG] [mixin/]: MixinPlatformAgentMinecraftForge rejected container SecureJarResource(enemyexpansion)
[10Mar2026 09:59:09.107] [main/DEBUG] [mixin/]: Instancing new MixinPlatformAgentDefault for SecureJarResource(enemyexpansion)
[10Mar2026 09:59:09.107] [main/DEBUG] [mixin/]: MixinPlatformAgentDefault accepted container SecureJarResource(enemyexpansion)
[10Mar2026 09:59:09.107] [main/DEBUG] [mixin/]: Processing prepare() for PlatformAgent[MixinPlatformAgentDefault:SecureJarResource(enemyexpansion)]
[10Mar2026 09:59:09.108] [main/DEBUG] [mixin/]: Adding mixin platform agents for container SecureJarResource(mclib)
[10Mar2026 09:59:09.108] [main/DEBUG] [mixin/]: Instancing new MixinPlatformAgentMinecraftForge for SecureJarResource(mclib)
[10Mar2026 09:59:09.108] [main/DEBUG] [mixin/]: MixinPlatformAgentMinecraftForge rejected container SecureJarResource(mclib)
[10Mar2026 09:59:09.108] [main/DEBUG] [mixin/]: Instancing new MixinPlatformAgentDefault for SecureJarResource(mclib)
[10Mar2026 09:59:09.108] [main/DEBUG] [mixin/]: MixinPlatformAgentDefault accepted container SecureJarResource(mclib)
[10Mar2026 09:59:09.108] [main/DEBUG] [mixin/]: Processing prepare() for PlatformAgent[MixinPlatformAgentDefault:SecureJarResource(mclib)]
[10Mar2026 09:59:09.108] [main/DEBUG] [mixin/]: Adding mixin platform agents for container SecureJarResource(l2serial)
[10Mar2026 09:59:09.108] [main/DEBUG] [mixin/]: Instancing new MixinPlatformAgentMinecraftForge for SecureJarResource(l2serial)
[10Mar2026 09:59:09.108] [main/DEBUG] [mixin/]: MixinPlatformAgentMinecraftForge rejected container SecureJarResource(l2serial)
[10Mar2026 09:59:09.108] [main/DEBUG] [mixin/]: Instancing new MixinPlatformAgentDefault for SecureJarResource(l2serial)
[10Mar2026 09:59:09.108] [main/DEBUG] [mixin/]: MixinPlatformAgentDefault accepted container SecureJarResource(l2serial)
[10Mar2026 09:59:09.108] [main/DEBUG] [mixin/]: Processing prepare() for PlatformAgent[MixinPlatformAgentDefault:SecureJarResource(l2serial)]
[10Mar2026 09:59:09.108] [main/DEBUG] [mixin/]: Adding mixin platform agents for container SecureJarResource(MixinExtras.beta._9)
[10Mar2026 09:59:09.108] [main/DEBUG] [mixin/]: Instancing new MixinPlatformAgentMinecraftForge for SecureJarResource(MixinExtras.beta._9)
[10Mar2026 09:59:09.108] [main/DEBUG] [mixin/]: MixinPlatformAgentMinecraftForge rejected container SecureJarResource(MixinExtras.beta._9)
[10Mar2026 09:59:09.108] [main/DEBUG] [mixin/]: Instancing new MixinPlatformAgentDefault for SecureJarResource(MixinExtras.beta._9)
[10Mar2026 09:59:09.109] [main/DEBUG] [mixin/]: MixinPlatformAgentDefault accepted container SecureJarResource(MixinExtras.beta._9)
[10Mar2026 09:59:09.109] [main/DEBUG] [mixin/]: Processing prepare() for PlatformAgent[MixinPlatformAgentDefault:SecureJarResource(MixinExtras.beta._9)]
[10Mar2026 09:59:09.109] [main/DEBUG] [mixin/]: Adding mixin platform agents for container SecureJarResource(Registrate.MC1._20)
[10Mar2026 09:59:09.109] [main/DEBUG] [mixin/]: Instancing new MixinPlatformAgentMinecraftForge for SecureJarResource(Registrate.MC1._20)
[10Mar2026 09:59:09.109] [main/DEBUG] [mixin/]: MixinPlatformAgentMinecraftForge rejected container SecureJarResource(Registrate.MC1._20)
[10Mar2026 09:59:09.109] [main/DEBUG] [mixin/]: Instancing new MixinPlatformAgentDefault for SecureJarResource(Registrate.MC1._20)
[10Mar2026 09:59:09.109] [main/DEBUG] [mixin/]: MixinPlatformAgentDefault accepted container SecureJarResource(Registrate.MC1._20)
[10Mar2026 09:59:09.109] [main/DEBUG] [mixin/]: Processing prepare() for PlatformAgent[MixinPlatformAgentDefault:SecureJarResource(Registrate.MC1._20)]
[10Mar2026 09:59:09.109] [main/DEBUG] [mixin/]: Adding mixin platform agents for container SecureJarResource(bytecodecs)
[10Mar2026 09:59:09.109] [main/DEBUG] [mixin/]: Instancing new MixinPlatformAgentMinecraftForge for SecureJarResource(bytecodecs)
[10Mar2026 09:59:09.109] [main/DEBUG] [mixin/]: MixinPlatformAgentMinecraftForge rejected container SecureJarResource(bytecodecs)
[10Mar2026 09:59:09.109] [main/DEBUG] [mixin/]: Instancing new MixinPlatformAgentDefault for SecureJarResource(bytecodecs)
[10Mar2026 09:59:09.109] [main/DEBUG] [mixin/]: MixinPlatformAgentDefault accepted container SecureJarResource(bytecodecs)
[10Mar2026 09:59:09.110] [main/DEBUG] [mixin/]: Processing prepare() for PlatformAgent[MixinPlatformAgentDefault:SecureJarResource(bytecodecs)]
[10Mar2026 09:59:09.110] [main/DEBUG] [mixin/]: Adding mixin platform agents for container SecureJarResource(yabn)
[10Mar2026 09:59:09.110] [main/DEBUG] [mixin/]: Instancing new MixinPlatformAgentMinecraftForge for SecureJarResource(yabn)
[10Mar2026 09:59:09.110] [main/DEBUG] [mixin/]: MixinPlatformAgentMinecraftForge rejected container SecureJarResource(yabn)
[10Mar2026 09:59:09.110] [main/DEBUG] [mixin/]: Instancing new MixinPlatformAgentDefault for SecureJarResource(yabn)
[10Mar2026 09:59:09.110] [main/DEBUG] [mixin/]: MixinPlatformAgentDefault accepted container SecureJarResource(yabn)
[10Mar2026 09:59:09.110] [main/DEBUG] [mixin/]: Processing prepare() for PlatformAgent[MixinPlatformAgentDefault:SecureJarResource(yabn)]
[10Mar2026 09:59:09.110] [main/DEBUG] [mixin/]: inject() running with 36 agents
[10Mar2026 09:59:09.110] [main/DEBUG] [mixin/]: Processing inject() for PlatformAgent[MixinPlatformAgentDefault:ModLauncher Root Container(ModLauncher:4f56a0a2)]
[10Mar2026 09:59:09.110] [main/DEBUG] [mixin/]: Processing inject() for PlatformAgent[MixinPlatformAgentDefault:SecureJarResource(minecraft)]
[10Mar2026 09:59:09.110] [main/DEBUG] [mixin/]: Processing inject() for PlatformAgent[MixinPlatformAgentDefault:SecureJarResource(farmersdelight)]
[10Mar2026 09:59:09.110] [main/DEBUG] [mixin/]: Processing inject() for PlatformAgent[MixinPlatformAgentDefault:SecureJarResource(handcrafted)]
[10Mar2026 09:59:09.110] [main/DEBUG] [mixin/]: Processing inject() for PlatformAgent[MixinPlatformAgentDefault:SecureJarResource(kuma_api)]
[10Mar2026 09:59:09.111] [main/DEBUG] [mixin/]: Processing inject() for PlatformAgent[MixinPlatformAgentDefault:SecureJarResource(culturaldelights)]
[10Mar2026 09:59:09.111] [main/DEBUG] [mixin/]: Processing inject() for PlatformAgent[MixinPlatformAgentDefault:SecureJarResource(geckolib)]
[10Mar2026 09:59:09.111] [main/DEBUG] [mixin/]: Processing inject() for PlatformAgent[MixinPlatformAgentDefault:SecureJarResource(l2harvester)]
[10Mar2026 09:59:09.111] [main/DEBUG] [mixin/]: Processing inject() for PlatformAgent[MixinPlatformAgentDefault:SecureJarResource(aether)]
[10Mar2026 09:59:09.111] [main/DEBUG] [mixin/]: Processing inject() for PlatformAgent[MixinPlatformAgentDefault:SecureJarResource(jei)]
[10Mar2026 09:59:09.111] [main/DEBUG] [mixin/]: Processing inject() for PlatformAgent[MixinPlatformAgentDefault:SecureJarResource(sophisticatedcore)]
[10Mar2026 09:59:09.111] [main/DEBUG] [mixin/]: Processing inject() for PlatformAgent[MixinPlatformAgentDefault:SecureJarResource(curios)]
[10Mar2026 09:59:09.111] [main/DEBUG] [mixin/]: Processing inject() for PlatformAgent[MixinPlatformAgentDefault:SecureJarResource(l2harvester60x)]
[10Mar2026 09:59:09.111] [main/DEBUG] [mixin/]: Processing inject() for PlatformAgent[MixinPlatformAgentDefault:SecureJarResource(journeymap)]
[10Mar2026 09:59:09.111] [main/DEBUG] [mixin/]: Processing inject() for PlatformAgent[MixinPlatformAgentDefault:SecureJarResource(cookingforblockheads)]
[10Mar2026 09:59:09.111] [main/DEBUG] [mixin/]: Processing inject() for PlatformAgent[MixinPlatformAgentDefault:SecureJarResource(mixinextras)]
[10Mar2026 09:59:09.111] [main/DEBUG] [mixin/]: Processing inject() for PlatformAgent[MixinPlatformAgentDefault:SecureJarResource(sophisticatedbackpacks)]
[10Mar2026 09:59:09.111] [main/DEBUG] [mixin/]: Processing inject() for PlatformAgent[MixinPlatformAgentDefault:SecureJarResource(resourcefullib)]
[10Mar2026 09:59:09.112] [main/DEBUG] [mixin/]: Processing inject() for PlatformAgent[MixinPlatformAgentDefault:SecureJarResource(cumulus_menus)]
[10Mar2026 09:59:09.112] [main/DEBUG] [mixin/]: Processing inject() for PlatformAgent[MixinPlatformAgentDefault:SecureJarResource(balm)]
[10Mar2026 09:59:09.112] [main/DEBUG] [mixin/]: Processing inject() for PlatformAgent[MixinPlatformAgentDefault:SecureJarResource(refurbished_furniture)]
[10Mar2026 09:59:09.112] [main/DEBUG] [mixin/]: Processing inject() for PlatformAgent[MixinPlatformAgentDefault:SecureJarResource(nitrogen_internals)]
[10Mar2026 09:59:09.112] [main/DEBUG] [mixin/]: Processing inject() for PlatformAgent[MixinPlatformAgentDefault:SecureJarResource(framework)]
[10Mar2026 09:59:09.112] [main/DEBUG] [mixin/]: Processing inject() for PlatformAgent[MixinPlatformAgentDefault:SecureJarResource(fallingtree)]
[10Mar2026 09:59:09.112] [main/DEBUG] [mixin/]: Processing inject() for PlatformAgent[MixinPlatformAgentDefault:SecureJarResource(l2library)]
[10Mar2026 09:59:09.112] [main/DEBUG] [mixin/]: Processing inject() for PlatformAgent[MixinPlatformAgentDefault:SecureJarResource(forge)]
[10Mar2026 09:59:09.112] [main/DEBUG] [mixin/]: Processing inject() for PlatformAgent[MixinPlatformAgentDefault:SecureJarResource(appleskin)]
[10Mar2026 09:59:09.112] [main/DEBUG] [mixin/]: Processing inject() for PlatformAgent[MixinPlatformAgentDefault:SecureJarResource(l2harvester05x)]
[10Mar2026 09:59:09.112] [main/DEBUG] [mixin/]: Processing inject() for PlatformAgent[MixinPlatformAgentDefault:SecureJarResource(fruitsdelight)]
[10Mar2026 09:59:09.112] [main/DEBUG] [mixin/]: Processing inject() for PlatformAgent[MixinPlatformAgentDefault:SecureJarResource(enemyexpansion)]
[10Mar2026 09:59:09.112] [main/DEBUG] [mixin/]: Processing inject() for PlatformAgent[MixinPlatformAgentDefault:SecureJarResource(mclib)]
[10Mar2026 09:59:09.113] [main/DEBUG] [mixin/]: Processing inject() for PlatformAgent[MixinPlatformAgentDefault:SecureJarResource(l2serial)]
[10Mar2026 09:59:09.113] [main/DEBUG] [mixin/]: Processing inject() for PlatformAgent[MixinPlatformAgentDefault:SecureJarResource(MixinExtras.beta._9)]
[10Mar2026 09:59:09.113] [main/DEBUG] [mixin/]: Processing inject() for PlatformAgent[MixinPlatformAgentDefault:SecureJarResource(Registrate.MC1._20)]
[10Mar2026 09:59:09.113] [main/DEBUG] [mixin/]: Processing inject() for PlatformAgent[MixinPlatformAgentDefault:SecureJarResource(bytecodecs)]
[10Mar2026 09:59:09.113] [main/DEBUG] [mixin/]: Processing inject() for PlatformAgent[MixinPlatformAgentDefault:SecureJarResource(yabn)]
[10Mar2026 09:59:09.113] [main/INFO] [cpw.mods.modlauncher.LaunchServiceHandler/MODLAUNCHER]: Launching target 'forgeserver' with arguments [nogui]
[10Mar2026 09:59:09.151] [main/DEBUG] [mixin/]: Error cleaning class output directory: .mixin.out
[10Mar2026 09:59:09.153] [main/DEBUG] [mixin/]: Preparing mixins for MixinEnvironment[DEFAULT]
[10Mar2026 09:59:09.154] [main/DEBUG] [mixin/]: Selecting config farmersdelight.mixins.json
[10Mar2026 09:59:09.158] [main/DEBUG] [mixin/]: Selecting config handcrafted-common.mixins.json
[10Mar2026 09:59:09.160] [main/DEBUG] [mixin/]: Selecting config handcrafted.mixins.json
[10Mar2026 09:59:09.163] [main/WARN] [mixin/]: Reference map 'handcrafted-forge-1.20.1-forge-refmap.json' for handcrafted.mixins.json could not be read. If this is a development environment you can ignore this message
[10Mar2026 09:59:09.164] [main/DEBUG] [mixin/]: Selecting config kuma_api.mixins.json
[10Mar2026 09:59:09.167] [main/DEBUG] [mixin/]: Selecting config kuma_api.forge.mixins.json
[10Mar2026 09:59:09.169] [main/DEBUG] [mixin/]: Selecting config geckolib.mixins.json
[10Mar2026 09:59:09.170] [main/DEBUG] [mixin/]: Selecting config aether.mixins.json
[10Mar2026 09:59:09.184] [main/DEBUG] [mixin/]: Selecting config sophisticatedcore.mixins.json
[10Mar2026 09:59:09.185] [main/DEBUG] [mixin/]: Selecting config curios.mixins.json
[10Mar2026 09:59:09.187] [main/DEBUG] [mixin/]: Selecting config l2harvester60x.mixins.json
[10Mar2026 09:59:09.190] [main/DEBUG] [mixin/]: Selecting config journeymap.mixins.json
[10Mar2026 09:59:09.191] [main/DEBUG] [mixin/]: Selecting config cookingforblockheads.mixins.json
[10Mar2026 09:59:09.193] [main/WARN] [mixin/]: Reference map 'cookingforblockheads.refmap.json' for cookingforblockheads.mixins.json could not be read. If this is a development environment you can ignore this message
[10Mar2026 09:59:09.193] [main/DEBUG] [mixin/]: Selecting config mixinextras.init.mixins.json
[10Mar2026 09:59:09.214] [main/DEBUG] [mixin/]: Registering new injector for @Inject with org.spongepowered.asm.mixin.injection.struct.CallbackInjectionInfo
[10Mar2026 09:59:09.217] [main/DEBUG] [mixin/]: Registering new injector for @ModifyArg with org.spongepowered.asm.mixin.injection.struct.ModifyArgInjectionInfo
[10Mar2026 09:59:09.218] [main/DEBUG] [mixin/]: Registering new injector for @ModifyArgs with org.spongepowered.asm.mixin.injection.struct.ModifyArgsInjectionInfo
[10Mar2026 09:59:09.219] [main/DEBUG] [mixin/]: Registering new injector for @Redirect with org.spongepowered.asm.mixin.injection.struct.RedirectInjectionInfo
[10Mar2026 09:59:09.220] [main/DEBUG] [mixin/]: Registering new injector for @ModifyVariable with org.spongepowered.asm.mixin.injection.struct.ModifyVariableInjectionInfo
[10Mar2026 09:59:09.222] [main/DEBUG] [mixin/]: Registering new injector for @ModifyConstant with org.spongepowered.asm.mixin.injection.struct.ModifyConstantInjectionInfo
[10Mar2026 09:59:09.225] [main/DEBUG] [mixin/]: Registering new injector for @ModifyExpressionValue with com.llamalad7.mixinextras.injector.ModifyExpressionValueInjectionInfo
[10Mar2026 09:59:09.227] [main/DEBUG] [mixin/]: Registering new injector for @ModifyReceiver with com.llamalad7.mixinextras.injector.ModifyReceiverInjectionInfo
[10Mar2026 09:59:09.229] [main/DEBUG] [mixin/]: Registering new injector for @ModifyReturnValue with com.llamalad7.mixinextras.injector.ModifyReturnValueInjectionInfo
[10Mar2026 09:59:09.234] [main/DEBUG] [mixin/]: Registering new injector for @WrapOperation with com.llamalad7.mixinextras.injector.wrapoperation.WrapOperationInjectionInfo
[10Mar2026 09:59:09.236] [main/DEBUG] [mixin/]: Registering new injector for @WrapWithCondition with com.llamalad7.mixinextras.injector.WrapWithConditionInjectionInfo
[10Mar2026 09:59:09.239] [main/DEBUG] [mixin/]: Registering new injector for @SugarWrapper with com.llamalad7.mixinextras.sugar.impl.SugarWrapperInjectionInfo
[10Mar2026 09:59:09.257] [main/DEBUG] [mixin/]: Selecting config cumulus_menus.mixins.json
[10Mar2026 09:59:09.259] [main/DEBUG] [mixin/]: Selecting config balm.mixins.json
[10Mar2026 09:59:09.261] [main/DEBUG] [mixin/]: Selecting config refurbished_furniture.common.mixins.json
[10Mar2026 09:59:09.263] [main/DEBUG] [mixin/]: Selecting config nitrogen_internals.mixins.json
[10Mar2026 09:59:09.265] [main/WARN] [mixin/]: Reference map 'nitrogen_internals.refmap.json' for nitrogen_internals.mixins.json could not be read. If this is a development environment you can ignore this message
[10Mar2026 09:59:09.265] [main/DEBUG] [mixin/]: Selecting config l2library.mixins.json
[10Mar2026 09:59:09.266] [main/DEBUG] [mixin/]: Selecting config l2harvester05x.mixins.json
[10Mar2026 09:59:09.269] [main/DEBUG] [mixin/]: Selecting config fruitsdelight.mixins.json
[10Mar2026 09:59:09.270] [main/DEBUG] [mixin/]: Preparing farmersdelight.mixins.json (10)
[10Mar2026 09:59:09.319] [main/DEBUG] [mixin/]: Preparing handcrafted-common.mixins.json (1)
[10Mar2026 09:59:09.319] [main/DEBUG] [mixin/]: Preparing handcrafted.mixins.json (0)
[10Mar2026 09:59:09.319] [main/DEBUG] [mixin/]: Preparing kuma_api.mixins.json (1)
[10Mar2026 09:59:09.319] [main/DEBUG] [mixin/]: Preparing kuma_api.forge.mixins.json (0)
[10Mar2026 09:59:09.319] [main/DEBUG] [mixin/]: Preparing geckolib.mixins.json (1)
[10Mar2026 09:59:09.319] [main/DEBUG] [mixin/]: Preparing aether.mixins.json (65)
[10Mar2026 09:59:09.541] [main/DEBUG] [mixin/]: Preparing sophisticatedcore.mixins.json (1)
[10Mar2026 09:59:09.544] [main/DEBUG] [mixin/]: Preparing curios.mixins.json (13)
[10Mar2026 09:59:09.565] [main/DEBUG] [mixin/]: Preparing l2harvester60x.mixins.json (1)
[10Mar2026 09:59:09.566] [main/DEBUG] [mixin/]: Preparing journeymap.mixins.json (3)
[10Mar2026 09:59:09.566] [main/DEBUG] [mixin/]: Preparing cookingforblockheads.mixins.json (0)
[10Mar2026 09:59:09.566] [main/DEBUG] [mixin/]: Preparing mixinextras.init.mixins.json (0)
[10Mar2026 09:59:09.566] [main/DEBUG] [mixin/]: Preparing cumulus_menus.mixins.json (7)
[10Mar2026 09:59:09.566] [main/DEBUG] [mixin/]: Preparing balm.mixins.json (16)
[10Mar2026 09:59:09.601] [main/DEBUG] [mixin/]: Preparing refurbished_furniture.common.mixins.json (12)
[10Mar2026 09:59:09.610] [main/DEBUG] [mixin/]: Preparing nitrogen_internals.mixins.json (0)
[10Mar2026 09:59:09.610] [main/DEBUG] [mixin/]: Preparing l2library.mixins.json (3)
[10Mar2026 09:59:09.611] [main/DEBUG] [mixin/]: Preparing l2harvester05x.mixins.json (1)
[10Mar2026 09:59:09.613] [main/DEBUG] [mixin/]: Preparing fruitsdelight.mixins.json (10)
[10Mar2026 09:59:09.677] [main/DEBUG] [mixin/]: Prepared 85 mixins in 0.523 sec (6.2ms avg) (0ms load, 0ms transform, 0ms plugin)
[10Mar2026 09:59:09.696] [main/DEBUG] [mixin/]: Mixing MinecraftServerMixin from balm.mixins.json into net.minecraft.server.MinecraftServer
[10Mar2026 09:59:09.702] [main/DEBUG] [mixin/]: Renaming synthetic method lambda$reloadResources$0(Ljava/lang/Void;)V to mda83e4a$lambda$reloadResources$0$0 in balm.mixins.json:MinecraftServerMixin
[10Mar2026 09:59:09.811] [main/DEBUG] [io.netty.util.internal.logging.InternalLoggerFactory/]: Using SLF4J as the default logging framework
[10Mar2026 09:59:09.813] [main/DEBUG] [io.netty.util.ResourceLeakDetector/]: -Dio.netty.leakDetection.level: simple
[10Mar2026 09:59:09.814] [main/DEBUG] [io.netty.util.ResourceLeakDetector/]: -Dio.netty.leakDetection.targetRecords: 4
[10Mar2026 09:59:10.013] [main/DEBUG] [oshi.util.FileUtil/]: No oshi.properties file found from ClassLoader cpw.mods.modlauncher.TransformingClassLoader@1756f7cc
[10Mar2026 09:59:10.014] [main/DEBUG] [oshi.util.FileUtil/]: No oshi.properties file found from ClassLoader jdk.internal.loader.ClassLoaders$AppClassLoader@76ed5528
[10Mar2026 09:59:10.076] [main/DEBUG] [oshi.util.FileUtil/]: Reading file /proc/self/auxv
[10Mar2026 09:59:10.077] [main/DEBUG] [oshi.util.FileUtil/]: Reading file /proc/self/auxv
[10Mar2026 09:59:10.089] [main/DEBUG] [oshi.util.FileUtil/]: Reading file /proc/stat
[10Mar2026 09:59:10.102] [main/DEBUG] [oshi.util.FileUtil/]: Reading file /sys/devices/system/cpu/cpu0/topology/core_id
[10Mar2026 09:59:10.102] [main/DEBUG] [oshi.util.FileUtil/]: Reading file /sys/devices/system/cpu/cpu0/topology/core_id
[10Mar2026 09:59:10.102] [main/DEBUG] [oshi.util.FileUtil/]: Reading file /sys/devices/system/cpu/cpu0/topology/physical_package_id
[10Mar2026 09:59:10.102] [main/DEBUG] [oshi.util.FileUtil/]: Reading file /sys/devices/system/cpu/cpu0/topology/physical_package_id
[10Mar2026 09:59:10.102] [main/DEBUG] [oshi.util.FileUtil/]: Reading file /sys/devices/system/cpu/cpu0/cpu_capacity
[10Mar2026 09:59:10.104] [main/DEBUG] [oshi.util.FileUtil/]: Reading file /sys/devices/system/cpu/cpu1/topology/core_id
[10Mar2026 09:59:10.104] [main/DEBUG] [oshi.util.FileUtil/]: Reading file /sys/devices/system/cpu/cpu1/topology/core_id
[10Mar2026 09:59:10.104] [main/DEBUG] [oshi.util.FileUtil/]: Reading file /sys/devices/system/cpu/cpu1/topology/physical_package_id
[10Mar2026 09:59:10.105] [main/DEBUG] [oshi.util.FileUtil/]: Reading file /sys/devices/system/cpu/cpu1/topology/physical_package_id
[10Mar2026 09:59:10.105] [main/DEBUG] [oshi.util.FileUtil/]: Reading file /sys/devices/system/cpu/cpu1/cpu_capacity
[10Mar2026 09:59:10.105] [main/DEBUG] [oshi.util.FileUtil/]: Reading file /sys/devices/system/cpu/cpu2/topology/core_id
[10Mar2026 09:59:10.105] [main/DEBUG] [oshi.util.FileUtil/]: Reading file /sys/devices/system/cpu/cpu2/topology/core_id
[10Mar2026 09:59:10.105] [main/DEBUG] [oshi.util.FileUtil/]: Reading file /sys/devices/system/cpu/cpu2/topology/physical_package_id
[10Mar2026 09:59:10.106] [main/DEBUG] [oshi.util.FileUtil/]: Reading file /sys/devices/system/cpu/cpu2/topology/physical_package_id
[10Mar2026 09:59:10.106] [main/DEBUG] [oshi.util.FileUtil/]: Reading file /sys/devices/system/cpu/cpu2/cpu_capacity
[10Mar2026 09:59:10.106] [main/DEBUG] [oshi.util.FileUtil/]: Reading file /sys/devices/system/cpu/cpu3/topology/core_id
[10Mar2026 09:59:10.106] [main/DEBUG] [oshi.util.FileUtil/]: Reading file /sys/devices/system/cpu/cpu3/topology/core_id
[10Mar2026 09:59:10.106] [main/DEBUG] [oshi.util.FileUtil/]: Reading file /sys/devices/system/cpu/cpu3/topology/physical_package_id
[10Mar2026 09:59:10.107] [main/DEBUG] [oshi.util.FileUtil/]: Reading file /sys/devices/system/cpu/cpu3/topology/physical_package_id
[10Mar2026 09:59:10.107] [main/DEBUG] [oshi.util.FileUtil/]: Reading file /sys/devices/system/cpu/cpu3/cpu_capacity
[10Mar2026 09:59:10.109] [main/DEBUG] [oshi.util.FileUtil/]: Reading file /proc/cpuinfo
[10Mar2026 09:59:10.126] [main/DEBUG] [oshi.util.FileUtil/]: Reading file /proc/self/auxv
[10Mar2026 09:59:10.129] [main/DEBUG] [oshi.util.FileUtil/]: No oshi.architecture.properties file found from ClassLoader cpw.mods.modlauncher.TransformingClassLoader@1756f7cc
[10Mar2026 09:59:10.130] [main/DEBUG] [oshi.util.FileUtil/]: No oshi.architecture.properties file found from ClassLoader jdk.internal.loader.ClassLoaders$AppClassLoader@76ed5528
[10Mar2026 09:59:10.154] [main/DEBUG] [oshi.util.FileUtil/]: Reading file /proc/meminfo
[10Mar2026 09:59:10.154] [main/DEBUG] [oshi.util.FileUtil/]: Reading file /proc/meminfo
[10Mar2026 09:59:10.545] [main/DEBUG] [mixin/]: Mixing BlockStateBaseMixin from fruitsdelight.mixins.json into net.minecraft.world.level.block.state.BlockBehaviour$BlockStateBase
[10Mar2026 09:59:10.594] [main/DEBUG] [mixin/]: Mixing common.EntityMixin from aether.mixins.json into net.minecraft.world.entity.Entity
[10Mar2026 09:59:10.639] [main/DEBUG] [mixin/]: Mixing common.accessor.EntityAccessor from aether.mixins.json into net.minecraft.world.entity.Entity
[10Mar2026 09:59:10.645] [main/DEBUG] [mixin/]: Mixing AccessorEntity from curios.mixins.json into net.minecraft.world.entity.Entity
[10Mar2026 09:59:10.646] [main/DEBUG] [mixin/]: Mixing EntityMixin from balm.mixins.json into net.minecraft.world.entity.Entity
[10Mar2026 09:59:10.654] [main/DEBUG] [mixin/]: Mixing EntityAccessor from refurbished_furniture.common.mixins.json into net.minecraft.world.entity.Entity
[10Mar2026 09:59:10.655] [main/DEBUG] [mixin/]: Mixing EntityMixin from refurbished_furniture.common.mixins.json into net.minecraft.world.entity.Entity
[10Mar2026 09:59:10.667] [main/DEBUG] [mixin/]: Mixing EntityMixin from l2library.mixins.json into net.minecraft.world.entity.Entity
[10Mar2026 09:59:10.668] [main/DEBUG] [mixin/]: l2library.mixins.json:EntityMixin: Class version 61 required is higher than the class version supported by the current version of Mixin (JAVA_16 supports class version 60)
[10Mar2026 09:59:10.808] [main/DEBUG] [mixin/]: Mixing common.LivingEntityMixin from aether.mixins.json into net.minecraft.world.entity.LivingEntity
[10Mar2026 09:59:10.815] [main/DEBUG] [mixin/]: Mixing common.accessor.LivingEntityAccessor from aether.mixins.json into net.minecraft.world.entity.LivingEntity
[10Mar2026 09:59:10.815] [main/DEBUG] [mixin/]: Mixing MixinLivingEntity from curios.mixins.json into net.minecraft.world.entity.LivingEntity
[10Mar2026 09:59:10.818] [main/DEBUG] [mixin/]: Mixing LivingEntityMixin from refurbished_furniture.common.mixins.json into net.minecraft.world.entity.LivingEntity
[10Mar2026 09:59:10.823] [main/DEBUG] [mixin/]: Mixing LivingEntityMixin from fruitsdelight.mixins.json into net.minecraft.world.entity.LivingEntity
[10Mar2026 09:59:10.957] [main/DEBUG] [mixin/]: Mixing common.accessor.LevelAccessor from aether.mixins.json into net.minecraft.world.level.Level
[10Mar2026 09:59:10.957] [main/DEBUG] [mixin/]: Mixing LevelMixin from refurbished_furniture.common.mixins.json into net.minecraft.world.level.Level
[10Mar2026 09:59:11.009] [main/DEBUG] [mixin/]: Mixing common.accessor.ServerLevelAccessor from aether.mixins.json into net.minecraft.server.level.ServerLevel
[10Mar2026 09:59:11.010] [main/DEBUG] [mixin/]: Mixing ServerLevelMixin from refurbished_furniture.common.mixins.json into net.minecraft.server.level.ServerLevel
[10Mar2026 09:59:11.054] [main/DEBUG] [mixin/]: Mixing common.PlayerMixin from aether.mixins.json into net.minecraft.world.entity.player.Player
[10Mar2026 09:59:11.058] [main/DEBUG] [mixin/]: Mixing common.accessor.PlayerAccessor from aether.mixins.json into net.minecraft.world.entity.player.Player
[10Mar2026 09:59:11.059] [main/DEBUG] [mixin/]: Mixing PlayerMixin from fruitsdelight.mixins.json into net.minecraft.world.entity.player.Player
[10Mar2026 09:59:11.071] [main/DEBUG] [net.minecraftforge.coremod.transformer.CoreModBaseTransformer/COREMOD]: Transforming net/minecraft/world/entity/EntityType
[10Mar2026 09:59:11.347] [main/DEBUG] [mixin/]: Mixing common.ItemMixin from aether.mixins.json into net.minecraft.world.item.Item
[10Mar2026 09:59:11.401] [main/DEBUG] [net.minecraftforge.coremod.transformer.CoreModBaseTransformer/COREMOD]: Transforming net/minecraft/world/entity/EntityType
[10Mar2026 09:59:11.582] [main/DEBUG] [mixin/]: Mixing KeepRichSoilGiantTreeMixin from farmersdelight.mixins.json into net.minecraft.world.level.levelgen.feature.Feature
[10Mar2026 09:59:11.582] [main/DEBUG] [mixin/]: Renaming synthetic method lambda$keepRichSoil$0(Lnet/minecraft/world/level/block/state/BlockState;)Z to mda83e4a$lambda$keepRichSoil$0$0 in farmersdelight.mixins.json:KeepRichSoilGiantTreeMixin
[10Mar2026 09:59:11.590] [main/DEBUG] [mixin/]: Mixing common.FeatureMixin from aether.mixins.json into net.minecraft.world.level.levelgen.feature.Feature
[10Mar2026 09:59:11.590] [main/DEBUG] [mixin/]: Renaming synthetic method lambda$isGrassOrDirt$0(Lnet/minecraft/world/level/block/state/BlockState;)Z to mda83e4a$lambda$isGrassOrDirt$0$1 in aether.mixins.json:common.FeatureMixin
[10Mar2026 09:59:11.640] [main/DEBUG] [mixin/]: Mixing common.accessor.FireBlockAccessor from aether.mixins.json into net.minecraft.world.level.block.FireBlock
[10Mar2026 09:59:11.843] [main/DEBUG] [mixin/]: Mixing common.accessor.SpreadingSnowyDirtBlockAccessor from aether.mixins.json into net.minecraft.world.level.block.SpreadingSnowyDirtBlock
[10Mar2026 09:59:11.845] [main/DEBUG] [mixin/]: Renaming @Invoker method callCanBeGrass(Lnet/minecraft/world/level/block/state/BlockState;Lnet/minecraft/world/level/LevelReader;Lnet/minecraft/core/BlockPos;)Z to callCanBeGrass_$md$a83e4a$0 in aether.mixins.json:common.accessor.SpreadingSnowyDirtBlockAccessor
[10Mar2026 09:59:11.845] [main/DEBUG] [mixin/]: Renaming @Invoker method callCanPropagate(Lnet/minecraft/world/level/block/state/BlockState;Lnet/minecraft/world/level/LevelReader;Lnet/minecraft/core/BlockPos;)Z to callCanPropagate_$md$a83e4a$1 in aether.mixins.json:common.accessor.SpreadingSnowyDirtBlockAccessor
[10Mar2026 09:59:11.851] [main/DEBUG] [mixin/]: Mixing common.accessor.BushBlockAccessor from aether.mixins.json into net.minecraft.world.level.block.BushBlock
[10Mar2026 09:59:11.859] [main/DEBUG] [net.minecraftforge.coremod.transformer.CoreModBaseTransformer/COREMOD]: Transforming net/minecraft/world/level/block/LiquidBlock
[10Mar2026 09:59:11.869] [main/DEBUG] [mixin/]: Mixing BrushableBlockMixin from fruitsdelight.mixins.json into net.minecraft.world.level.block.BrushableBlock
[10Mar2026 09:59:11.887] [main/DEBUG] [mixin/]: Mixing CuttingBoardDispenserMixin from farmersdelight.mixins.json into net.minecraft.world.level.block.DispenserBlock
[10Mar2026 09:59:11.896] [main/DEBUG] [net.minecraftforge.coremod.transformer.CoreModBaseTransformer/COREMOD]: Transforming net/minecraft/world/item/ItemStack
[10Mar2026 09:59:11.942] [main/DEBUG] [net.minecraftforge.coremod.transformer.CoreModBaseTransformer/COREMOD]: Transforming net/minecraft/world/level/block/StairBlock
[10Mar2026 09:59:11.956] [main/DEBUG] [mixin/]: Mixing CropBlockMixin from balm.mixins.json into net.minecraft.world.level.block.CropBlock
[10Mar2026 09:59:11.967] [main/DEBUG] [mixin/]: Mixing KeepRichSoilUntrampledMixin from farmersdelight.mixins.json into net.minecraft.world.level.block.FarmBlock
[10Mar2026 09:59:12.015] [main/DEBUG] [mixin/]: Mixing StemBlockMixin from balm.mixins.json into net.minecraft.world.level.block.StemBlock
[10Mar2026 09:59:12.033] [main/DEBUG] [mixin/]: Mixing AbstractCauldronBlockAccessor from fruitsdelight.mixins.json into net.minecraft.world.level.block.AbstractCauldronBlock
[10Mar2026 09:59:12.069] [main/DEBUG] [net.minecraftforge.coremod.transformer.CoreModBaseTransformer/COREMOD]: Transforming net/minecraft/world/level/block/FlowerPotBlock
[10Mar2026 09:59:12.112] [main/DEBUG] [mixin/]: Mixing common.accessor.ConcretePowderBlockAccessor from aether.mixins.json into net.minecraft.world.level.block.ConcretePowderBlock
[10Mar2026 09:59:12.113] [main/DEBUG] [mixin/]: Renaming @Invoker method callShouldSolidify(Lnet/minecraft/world/level/BlockGetter;Lnet/minecraft/core/BlockPos;Lnet/minecraft/world/level/block/state/BlockState;)Z to callShouldSolidify_$md$a83e4a$0 in aether.mixins.json:common.accessor.ConcretePowderBlockAccessor
[10Mar2026 09:59:12.148] [main/DEBUG] [mixin/]: Mixing CampfireBaleMixin from farmersdelight.mixins.json into net.minecraft.world.level.block.CampfireBlock
[10Mar2026 09:59:12.169] [main/DEBUG] [mixin/]: Mixing HoneyBlockMixin from fruitsdelight.mixins.json into net.minecraft.world.level.block.HoneyBlock
[10Mar2026 09:59:12.192] [main/DEBUG] [mixin/]: Mixing MixinPowderSnowBlock from curios.mixins.json into net.minecraft.world.level.block.PowderSnowBlock
[10Mar2026 09:59:12.377] [main/DEBUG] [mixin/]: Mixing BlockEntityMixin from refurbished_furniture.common.mixins.json into net.minecraft.world.level.block.entity.BlockEntity
[10Mar2026 09:59:12.702] [main/DEBUG] [mixin/]: Mixing KeepRichSoilTreeMixin from farmersdelight.mixins.json into net.minecraft.world.level.levelgen.feature.trunkplacers.TrunkPlacer
[10Mar2026 09:59:12.702] [main/DEBUG] [mixin/]: Renaming synthetic method lambda$cancelSetDirtIfRichSoil$0(Lnet/minecraft/world/level/block/state/BlockState;)Z to mda83e4a$lambda$cancelSetDirtIfRichSoil$0$0 in farmersdelight.mixins.json:KeepRichSoilTreeMixin
[10Mar2026 09:59:12.997] [main/DEBUG] [mixin/]: Mixing common.accessor.AbstractContainerMenuAccessor from aether.mixins.json into net.minecraft.world.inventory.AbstractContainerMenu
[10Mar2026 09:59:13.007] [main/DEBUG] [mixin/]: Mixing common.accessor.AbstractFurnaceBlockEntityAccessor from aether.mixins.json into net.minecraft.world.level.block.entity.AbstractFurnaceBlockEntity
[10Mar2026 09:59:13.008] [main/DEBUG] [mixin/]: Renaming @Invoker method callGetTotalCookTime(Lnet/minecraft/world/level/Level;Lnet/minecraft/world/level/block/entity/AbstractFurnaceBlockEntity;)I to callGetTotalCookTime_$md$a83e4a$0 in aether.mixins.json:common.accessor.AbstractFurnaceBlockEntityAccessor
[10Mar2026 09:59:13.116] [main/DEBUG] [mixin/]: Mixing common.AbstractArrowMixin from aether.mixins.json into net.minecraft.world.entity.projectile.AbstractArrow
[10Mar2026 09:59:13.117] [main/DEBUG] [mixin/]: Renaming synthetic method lambda$tick$0(Lcom/aetherteam/aether/capability/arrow/PhoenixArrow;)V to mda83e4a$lambda$tick$0$0 in aether.mixins.json:common.AbstractArrowMixin
[10Mar2026 09:59:13.125] [main/DEBUG] [mixin/]: Mixing AbstractArrowMixin from l2library.mixins.json into net.minecraft.world.entity.projectile.AbstractArrow
[10Mar2026 09:59:13.126] [main/DEBUG] [mixin/]: l2library.mixins.json:AbstractArrowMixin: Class version 61 required is higher than the class version supported by the current version of Mixin (JAVA_16 supports class version 60)
[10Mar2026 09:59:13.128] [main/DEBUG] [mixin/]: Mixing AbstractArrowMixin from fruitsdelight.mixins.json into net.minecraft.world.entity.projectile.AbstractArrow
[10Mar2026 09:59:13.182] [main/DEBUG] [mixin/]: Mixing common.MobMixin from aether.mixins.json into net.minecraft.world.entity.Mob
[10Mar2026 09:59:13.183] [main/DEBUG] [mixin/]: Renaming synthetic method lambda$equipItemIfPossible$0(Lnet/minecraft/world/item/ItemStack;Lnet/minecraft/world/entity/Mob;Lorg/spongepowered/asm/mixin/injection/callback/CallbackInfoReturnable;Lcom/aetherteam/aether/capability/accessory/MobAccessory;)V to mda83e4a$lambda$equipItemIfPossible$0$0 in aether.mixins.json:common.MobMixin
[10Mar2026 09:59:13.333] [main/DEBUG] [net.minecraftforge.coremod.transformer.CoreModBaseTransformer/COREMOD]: Transforming net/minecraft/world/item/ItemStack
[10Mar2026 09:59:13.701] [main/DEBUG] [mixin/]: Mixing AnimalMixin from fruitsdelight.mixins.json into net.minecraft.world.entity.animal.Animal
[10Mar2026 09:59:14.295] [main/DEBUG] [net.minecraftforge.coremod.transformer.CoreModBaseTransformer/COREMOD]: Transforming net/minecraft/world/entity/animal/frog/Tadpole
[10Mar2026 09:59:14.351] [main/DEBUG] [mixin/]: Mixing common.accessor.HoeItemAccessor from aether.mixins.json into net.minecraft.world.item.HoeItem
[10Mar2026 09:59:14.352] [main/DEBUG] [mixin/]: Renaming @Accessor method aether$getTillables()Ljava/util/Map; to aether$getTillables_$md$a83e4a$0 in aether.mixins.json:common.accessor.HoeItemAccessor
[10Mar2026 09:59:14.354] [main/DEBUG] [mixin/]: Mixing SoupItemMixin from farmersdelight.mixins.json into net.minecraft.world.item.BowlFoodItem
[10Mar2026 09:59:14.392] [main/DEBUG] [net.minecraftforge.coremod.transformer.CoreModBaseTransformer/COREMOD]: Transforming net/minecraft/world/item/BucketItem
[10Mar2026 09:59:14.411] [main/DEBUG] [mixin/]: Mixing MixinShearsItem from curios.mixins.json into net.minecraft.world.item.ShearsItem
[10Mar2026 09:59:15.110] [main/DEBUG] [mixin/]: Mixing common.ArmorStandMixin from aether.mixins.json into net.minecraft.world.entity.decoration.ArmorStand
[10Mar2026 09:59:15.138] [main/DEBUG] [mixin/]: Mixing common.accessor.BeeAccessor from aether.mixins.json into net.minecraft.world.entity.animal.Bee
[10Mar2026 09:59:15.153] [main/DEBUG] [mixin/]: Mixing common.accessor.LookAtPlayerGoalAccessor from aether.mixins.json into net.minecraft.world.entity.ai.goal.LookAtPlayerGoal
[10Mar2026 09:59:15.160] [main/DEBUG] [mixin/]: Mixing common.accessor.BoatAccessor from aether.mixins.json into net.minecraft.world.entity.vehicle.Boat
[10Mar2026 09:59:15.161] [main/DEBUG] [mixin/]: Mixing BoatMixin from fruitsdelight.mixins.json into net.minecraft.world.entity.vehicle.Boat
[10Mar2026 09:59:15.187] [main/DEBUG] [net.minecraftforge.coremod.transformer.CoreModBaseTransformer/COREMOD]: Transforming net/minecraft/world/entity/monster/Spider
[10Mar2026 09:59:15.245] [main/DEBUG] [net.minecraftforge.coremod.transformer.CoreModBaseTransformer/COREMOD]: Transforming net/minecraft/world/entity/monster/Zombie
[10Mar2026 09:59:15.326] [main/DEBUG] [net.minecraftforge.coremod.transformer.CoreModBaseTransformer/COREMOD]: Transforming net/minecraft/world/entity/monster/ZombieVillager
[10Mar2026 09:59:15.412] [main/DEBUG] [net.minecraftforge.coremod.transformer.CoreModBaseTransformer/COREMOD]: Transforming net/minecraft/world/entity/monster/Evoker$EvokerSummonSpellGoal
[10Mar2026 09:59:15.525] [main/DEBUG] [mixin/]: Mixing common.accessor.ZombifiedPiglinAccessor from aether.mixins.json into net.minecraft.world.entity.monster.ZombifiedPiglin
[10Mar2026 09:59:15.526] [main/DEBUG] [net.minecraftforge.coremod.transformer.CoreModBaseTransformer/COREMOD]: Transforming net/minecraft/world/entity/monster/Zombie
[10Mar2026 09:59:15.587] [main/DEBUG] [mixin/]: Mixing RabbitsEatCabbageMixin from farmersdelight.mixins.json into net.minecraft.world.entity.animal.Rabbit
[10Mar2026 09:59:15.610] [main/DEBUG] [net.minecraftforge.coremod.transformer.CoreModBaseTransformer/COREMOD]: Transforming net/minecraft/world/entity/animal/horse/SkeletonTrapGoal
[10Mar2026 09:59:15.623] [main/DEBUG] [mixin/]: Mixing common.accessor.BaseSpawnerAccessor from aether.mixins.json into net.minecraft.world.level.BaseSpawner
[10Mar2026 09:59:15.629] [main/DEBUG] [net.minecraftforge.coremod.transformer.CoreModBaseTransformer/COREMOD]: Transforming net/minecraft/world/entity/monster/Strider
[10Mar2026 09:59:15.713] [main/DEBUG] [mixin/]: Mixing common.accessor.ChunkAccessAccessor from aether.mixins.json into net.minecraft.world.level.chunk.ChunkAccess
[10Mar2026 09:59:15.717] [main/DEBUG] [mixin/]: Mixing LevelChunkMixin from refurbished_furniture.common.mixins.json into net.minecraft.world.level.chunk.LevelChunk
[10Mar2026 09:59:15.720] [main/WARN] [mixin/]: @Inject(@At("INVOKE_ASSIGN")) Shift.BY=2 on refurbished_furniture.common.mixins.json:LevelChunkMixin::handler$zck000$refurbishedFurniture$AfterRemoveBlockEntity exceeds the maximum allowed value: 0. Increase the value of maxShiftBy to suppress this warning.
[10Mar2026 09:59:15.822] [main/DEBUG] [net.minecraftforge.coremod.transformer.CoreModBaseTransformer/COREMOD]: Transforming net/minecraft/world/entity/npc/Villager
[10Mar2026 09:59:15.948] [main/DEBUG] [net.minecraftforge.coremod.transformer.CoreModBaseTransformer/COREMOD]: Transforming net/minecraft/world/effect/MobEffectInstance
[10Mar2026 09:59:15.975] [main/DEBUG] [mixin/]: Mixing common.accessor.ServerGamePacketListenerImplAccessor from aether.mixins.json into net.minecraft.server.network.ServerGamePacketListenerImpl
[10Mar2026 09:59:16.173] [main/DEBUG] [mixin/]: Mixing MixinInventory from curios.mixins.json into net.minecraft.world.entity.player.Inventory
[10Mar2026 09:59:16.184] [main/DEBUG] [mixin/]: Mixing SlotAccessor from balm.mixins.json into net.minecraft.world.inventory.Slot
[10Mar2026 09:59:16.319] [main/DEBUG] [mixin/]: Mixing MixinApplyBonusCount from curios.mixins.json into net.minecraft.world.level.storage.loot.functions.ApplyBonusCount
[10Mar2026 09:59:16.371] [main/DEBUG] [mixin/]: Mixing common.DimensionTypeMixin from aether.mixins.json into net.minecraft.world.level.dimension.DimensionType
[10Mar2026 09:59:16.593] [main/DEBUG] [net.minecraftforge.coremod.transformer.CoreModBaseTransformer/COREMOD]: Transforming net/minecraft/world/level/levelgen/structure/Structure
[10Mar2026 09:59:16.630] [main/DEBUG] [net.minecraftforge.coremod.transformer.CoreModBaseTransformer/COREMOD]: Transforming net/minecraft/world/level/levelgen/structure/structures/OceanRuinPieces$OceanRuinPiece
[10Mar2026 09:59:16.651] [main/DEBUG] [net.minecraftforge.coremod.transformer.CoreModBaseTransformer/COREMOD]: Transforming net/minecraft/world/level/levelgen/structure/structures/SwampHutPiece
[10Mar2026 09:59:16.670] [main/DEBUG] [net.minecraftforge.coremod.transformer.CoreModBaseTransformer/COREMOD]: Transforming net/minecraft/world/level/levelgen/structure/structures/OceanMonumentPieces$OceanMonumentPiece
[10Mar2026 09:59:16.696] [main/DEBUG] [net.minecraftforge.coremod.transformer.CoreModBaseTransformer/COREMOD]: Transforming net/minecraft/world/level/levelgen/structure/structures/WoodlandMansionPieces$WoodlandMansionPiece
[10Mar2026 09:59:16.825] [main/DEBUG] [net.minecraftforge.coremod.transformer.CoreModBaseTransformer/COREMOD]: Transforming net/minecraft/world/level/biome/Biome
[10Mar2026 09:59:17.094] [main/DEBUG] [net.minecraftforge.common.ForgeI18n/CORE]: Loading I18N data entries: 6430
[10Mar2026 09:59:17.111] [main/DEBUG] [net.minecraftforge.fml.ModWorkManager/LOADING]: Using 4 threads for parallel mod-loading
[10Mar2026 09:59:17.117] [main/DEBUG] [net.minecraftforge.fml.javafmlmod.FMLJavaModLanguageProvider/LOADING]: Loading FMLModContainer from classloader cpw.mods.modlauncher.TransformingClassLoader@1756f7cc - got cpw.mods.cl.ModuleClassLoader@f9b5552
[10Mar2026 09:59:17.117] [main/DEBUG] [net.minecraftforge.fml.javafmlmod.FMLModContainer/LOADING]: Creating FMLModContainer instance for vectorwing.farmersdelight.FarmersDelight
[10Mar2026 09:59:17.121] [main/DEBUG] [net.minecraftforge.fml.javafmlmod.FMLJavaModLanguageProvider/LOADING]: Loading FMLModContainer from classloader cpw.mods.modlauncher.TransformingClassLoader@1756f7cc - got cpw.mods.cl.ModuleClassLoader@f9b5552
[10Mar2026 09:59:17.121] [main/DEBUG] [net.minecraftforge.fml.javafmlmod.FMLModContainer/LOADING]: Creating FMLModContainer instance for earth.terrarium.handcrafted.forge.HandcraftedForge
[10Mar2026 09:59:17.121] [main/DEBUG] [net.minecraftforge.fml.javafmlmod.FMLJavaModLanguageProvider/LOADING]: Loading FMLModContainer from classloader cpw.mods.modlauncher.TransformingClassLoader@1756f7cc - got cpw.mods.cl.ModuleClassLoader@f9b5552
[10Mar2026 09:59:17.121] [main/DEBUG] [net.minecraftforge.fml.javafmlmod.FMLModContainer/LOADING]: Creating FMLModContainer instance for net.blay09.mods.kuma.forge.ForgeKumaAPI
[10Mar2026 09:59:17.122] [main/DEBUG] [net.minecraftforge.fml.javafmlmod.FMLJavaModLanguageProvider/LOADING]: Loading FMLModContainer from classloader cpw.mods.modlauncher.TransformingClassLoader@1756f7cc - got cpw.mods.cl.ModuleClassLoader@f9b5552
[10Mar2026 09:59:17.122] [main/DEBUG] [net.minecraftforge.fml.javafmlmod.FMLModContainer/LOADING]: Creating FMLModContainer instance for com.baisylia.culturaldelights.CulturalDelights
[10Mar2026 09:59:17.122] [main/DEBUG] [net.minecraftforge.fml.javafmlmod.FMLJavaModLanguageProvider/LOADING]: Loading FMLModContainer from classloader cpw.mods.modlauncher.TransformingClassLoader@1756f7cc - got cpw.mods.cl.ModuleClassLoader@f9b5552
[10Mar2026 09:59:17.123] [main/DEBUG] [net.minecraftforge.fml.javafmlmod.FMLModContainer/LOADING]: Creating FMLModContainer instance for software.bernie.example.GeckoLibMod
[10Mar2026 09:59:17.123] [main/DEBUG] [net.minecraftforge.fml.javafmlmod.FMLJavaModLanguageProvider/LOADING]: Loading FMLModContainer from classloader cpw.mods.modlauncher.TransformingClassLoader@1756f7cc - got cpw.mods.cl.ModuleClassLoader@f9b5552
[10Mar2026 09:59:17.123] [main/DEBUG] [net.minecraftforge.fml.javafmlmod.FMLModContainer/LOADING]: Creating FMLModContainer instance for dev.xkmc.l2harvester.init.L2Harvester
[10Mar2026 09:59:17.123] [main/DEBUG] [net.minecraftforge.fml.javafmlmod.FMLJavaModLanguageProvider/LOADING]: Loading FMLModContainer from classloader cpw.mods.modlauncher.TransformingClassLoader@1756f7cc - got cpw.mods.cl.ModuleClassLoader@f9b5552
[10Mar2026 09:59:17.123] [main/DEBUG] [net.minecraftforge.fml.javafmlmod.FMLModContainer/LOADING]: Creating FMLModContainer instance for com.aetherteam.aether.Aether
[10Mar2026 09:59:17.125] [main/DEBUG] [net.minecraftforge.fml.javafmlmod.FMLJavaModLanguageProvider/LOADING]: Loading FMLModContainer from classloader cpw.mods.modlauncher.TransformingClassLoader@1756f7cc - got cpw.mods.cl.ModuleClassLoader@f9b5552
[10Mar2026 09:59:17.125] [main/DEBUG] [net.minecraftforge.fml.javafmlmod.FMLModContainer/LOADING]: Creating FMLModContainer instance for mezz.jei.forge.JustEnoughItems
[10Mar2026 09:59:17.125] [main/DEBUG] [net.minecraftforge.fml.javafmlmod.FMLJavaModLanguageProvider/LOADING]: Loading FMLModContainer from classloader cpw.mods.modlauncher.TransformingClassLoader@1756f7cc - got cpw.mods.cl.ModuleClassLoader@f9b5552
[10Mar2026 09:59:17.125] [main/DEBUG] [net.minecraftforge.fml.javafmlmod.FMLModContainer/LOADING]: Creating FMLModContainer instance for net.p3pp3rf1y.sophisticatedcore.SophisticatedCore
[10Mar2026 09:59:17.126] [main/DEBUG] [net.minecraftforge.fml.javafmlmod.FMLJavaModLanguageProvider/LOADING]: Loading FMLModContainer from classloader cpw.mods.modlauncher.TransformingClassLoader@1756f7cc - got cpw.mods.cl.ModuleClassLoader@f9b5552
[10Mar2026 09:59:17.126] [main/DEBUG] [net.minecraftforge.fml.javafmlmod.FMLModContainer/LOADING]: Creating FMLModContainer instance for top.theillusivec4.curios.Curios
[10Mar2026 09:59:17.127] [main/DEBUG] [net.minecraftforge.fml.javafmlmod.FMLJavaModLanguageProvider/LOADING]: Loading FMLModContainer from classloader cpw.mods.modlauncher.TransformingClassLoader@1756f7cc - got cpw.mods.cl.ModuleClassLoader@f9b5552
[10Mar2026 09:59:17.127] [main/DEBUG] [net.minecraftforge.fml.javafmlmod.FMLModContainer/LOADING]: Creating FMLModContainer instance for dev.xkmc.l2harvester60x.init.L2Harvester60x
[10Mar2026 09:59:17.127] [main/DEBUG] [net.minecraftforge.fml.javafmlmod.FMLJavaModLanguageProvider/LOADING]: Loading FMLModContainer from classloader cpw.mods.modlauncher.TransformingClassLoader@1756f7cc - got cpw.mods.cl.ModuleClassLoader@f9b5552
[10Mar2026 09:59:17.127] [main/DEBUG] [net.minecraftforge.fml.javafmlmod.FMLModContainer/LOADING]: Creating FMLModContainer instance for journeymap.common.Journeymap
[10Mar2026 09:59:17.128] [main/DEBUG] [net.minecraftforge.fml.javafmlmod.FMLJavaModLanguageProvider/LOADING]: Loading FMLModContainer from classloader cpw.mods.modlauncher.TransformingClassLoader@1756f7cc - got cpw.mods.cl.ModuleClassLoader@f9b5552
[10Mar2026 09:59:17.128] [main/DEBUG] [net.minecraftforge.fml.javafmlmod.FMLModContainer/LOADING]: Creating FMLModContainer instance for net.blay09.mods.cookingforblockheads.ForgeCookingForBlockheads
[10Mar2026 09:59:17.128] [main/DEBUG] [net.minecraftforge.fml.javafmlmod.FMLJavaModLanguageProvider/LOADING]: Loading FMLModContainer from classloader cpw.mods.modlauncher.TransformingClassLoader@1756f7cc - got cpw.mods.cl.ModuleClassLoader@f9b5552
[10Mar2026 09:59:17.129] [main/DEBUG] [net.minecraftforge.fml.javafmlmod.FMLModContainer/LOADING]: Creating FMLModContainer instance for com.llamalad7.mixinextras.platform.forge.MixinExtrasMod
[10Mar2026 09:59:17.129] [main/DEBUG] [net.minecraftforge.fml.javafmlmod.FMLJavaModLanguageProvider/LOADING]: Loading FMLModContainer from classloader cpw.mods.modlauncher.TransformingClassLoader@1756f7cc - got cpw.mods.cl.ModuleClassLoader@f9b5552
[10Mar2026 09:59:17.129] [main/DEBUG] [net.minecraftforge.fml.javafmlmod.FMLModContainer/LOADING]: Creating FMLModContainer instance for net.p3pp3rf1y.sophisticatedbackpacks.SophisticatedBackpacks
[10Mar2026 09:59:17.129] [main/DEBUG] [net.minecraftforge.fml.javafmlmod.FMLJavaModLanguageProvider/LOADING]: Loading FMLModContainer from classloader cpw.mods.modlauncher.TransformingClassLoader@1756f7cc - got cpw.mods.cl.ModuleClassLoader@f9b5552
[10Mar2026 09:59:17.130] [main/DEBUG] [net.minecraftforge.fml.javafmlmod.FMLModContainer/LOADING]: Creating FMLModContainer instance for com.teamresourceful.resourcefullib.forge.ResourcefulLibForge
[10Mar2026 09:59:17.130] [main/DEBUG] [net.minecraftforge.fml.javafmlmod.FMLJavaModLanguageProvider/LOADING]: Loading FMLModContainer from classloader cpw.mods.modlauncher.TransformingClassLoader@1756f7cc - got cpw.mods.cl.ModuleClassLoader@f9b5552
[10Mar2026 09:59:17.130] [main/DEBUG] [net.minecraftforge.fml.javafmlmod.FMLModContainer/LOADING]: Creating FMLModContainer instance for com.aetherteam.cumulus.Cumulus
[10Mar2026 09:59:17.131] [main/DEBUG] [net.minecraftforge.fml.javafmlmod.FMLJavaModLanguageProvider/LOADING]: Loading FMLModContainer from classloader cpw.mods.modlauncher.TransformingClassLoader@1756f7cc - got cpw.mods.cl.ModuleClassLoader@f9b5552
[10Mar2026 09:59:17.131] [main/DEBUG] [net.minecraftforge.fml.javafmlmod.FMLModContainer/LOADING]: Creating FMLModContainer instance for net.blay09.mods.balm.forge.ForgeBalm
[10Mar2026 09:59:17.132] [main/DEBUG] [net.minecraftforge.fml.javafmlmod.FMLJavaModLanguageProvider/LOADING]: Loading FMLModContainer from classloader cpw.mods.modlauncher.TransformingClassLoader@1756f7cc - got cpw.mods.cl.ModuleClassLoader@f9b5552
[10Mar2026 09:59:17.132] [main/DEBUG] [net.minecraftforge.fml.javafmlmod.FMLModContainer/LOADING]: Creating FMLModContainer instance for com.mrcrayfish.furniture.refurbished.FurnitureMod
[10Mar2026 09:59:17.132] [main/DEBUG] [net.minecraftforge.fml.javafmlmod.FMLJavaModLanguageProvider/LOADING]: Loading FMLModContainer from classloader cpw.mods.modlauncher.TransformingClassLoader@1756f7cc - got cpw.mods.cl.ModuleClassLoader@f9b5552
[10Mar2026 09:59:17.132] [main/DEBUG] [net.minecraftforge.fml.javafmlmod.FMLModContainer/LOADING]: Creating FMLModContainer instance for com.aetherteam.nitrogen.Nitrogen
[10Mar2026 09:59:17.133] [main/DEBUG] [net.minecraftforge.fml.javafmlmod.FMLJavaModLanguageProvider/LOADING]: Loading FMLModContainer from classloader cpw.mods.modlauncher.TransformingClassLoader@1756f7cc - got cpw.mods.cl.ModuleClassLoader@f9b5552
[10Mar2026 09:59:17.133] [main/DEBUG] [net.minecraftforge.fml.javafmlmod.FMLModContainer/LOADING]: Creating FMLModContainer instance for com.mrcrayfish.framework.FrameworkForge
[10Mar2026 09:59:17.134] [main/DEBUG] [net.minecraftforge.fml.javafmlmod.FMLJavaModLanguageProvider/LOADING]: Loading FMLModContainer from classloader cpw.mods.modlauncher.TransformingClassLoader@1756f7cc - got cpw.mods.cl.ModuleClassLoader@f9b5552
[10Mar2026 09:59:17.134] [main/DEBUG] [net.minecraftforge.fml.javafmlmod.FMLModContainer/LOADING]: Creating FMLModContainer instance for fr.rakambda.fallingtree.forge.FallingTree
[10Mar2026 09:59:17.134] [main/DEBUG] [net.minecraftforge.fml.javafmlmod.FMLJavaModLanguageProvider/LOADING]: Loading FMLModContainer from classloader cpw.mods.modlauncher.TransformingClassLoader@1756f7cc - got cpw.mods.cl.ModuleClassLoader@f9b5552
[10Mar2026 09:59:17.134] [main/DEBUG] [net.minecraftforge.fml.javafmlmod.FMLModContainer/LOADING]: Creating FMLModContainer instance for dev.xkmc.l2library.init.L2Library
[10Mar2026 09:59:17.135] [main/DEBUG] [net.minecraftforge.fml.javafmlmod.FMLJavaModLanguageProvider/LOADING]: Loading FMLModContainer from classloader cpw.mods.modlauncher.TransformingClassLoader@1756f7cc - got cpw.mods.cl.ModuleClassLoader@f9b5552
[10Mar2026 09:59:17.135] [main/DEBUG] [net.minecraftforge.fml.javafmlmod.FMLModContainer/LOADING]: Creating FMLModContainer instance for net.minecraftforge.common.ForgeMod
[10Mar2026 09:59:17.137] [main/DEBUG] [net.minecraftforge.fml.javafmlmod.FMLJavaModLanguageProvider/LOADING]: Loading FMLModContainer from classloader cpw.mods.modlauncher.TransformingClassLoader@1756f7cc - got cpw.mods.cl.ModuleClassLoader@f9b5552
[10Mar2026 09:59:17.137] [main/DEBUG] [net.minecraftforge.fml.javafmlmod.FMLModContainer/LOADING]: Creating FMLModContainer instance for squeek.appleskin.AppleSkin
[10Mar2026 09:59:17.138] [main/DEBUG] [net.minecraftforge.fml.javafmlmod.FMLJavaModLanguageProvider/LOADING]: Loading FMLModContainer from classloader cpw.mods.modlauncher.TransformingClassLoader@1756f7cc - got cpw.mods.cl.ModuleClassLoader@f9b5552
[10Mar2026 09:59:17.138] [main/DEBUG] [net.minecraftforge.fml.javafmlmod.FMLModContainer/LOADING]: Creating FMLModContainer instance for dev.xkmc.l2harvester05x.init.L2Harvester05x
[10Mar2026 09:59:17.138] [main/DEBUG] [net.minecraftforge.fml.javafmlmod.FMLJavaModLanguageProvider/LOADING]: Loading FMLModContainer from classloader cpw.mods.modlauncher.TransformingClassLoader@1756f7cc - got cpw.mods.cl.ModuleClassLoader@f9b5552
[10Mar2026 09:59:17.138] [main/DEBUG] [net.minecraftforge.fml.javafmlmod.FMLModContainer/LOADING]: Creating FMLModContainer instance for dev.xkmc.fruitsdelight.init.FruitsDelight
[10Mar2026 09:59:17.139] [main/DEBUG] [net.minecraftforge.fml.javafmlmod.FMLJavaModLanguageProvider/LOADING]: Loading FMLModContainer from classloader cpw.mods.modlauncher.TransformingClassLoader@1756f7cc - got cpw.mods.cl.ModuleClassLoader@f9b5552
[10Mar2026 09:59:17.139] [main/DEBUG] [net.minecraftforge.fml.javafmlmod.FMLModContainer/LOADING]: Creating FMLModContainer instance for net.mcreator.enemyexpansion.EnemyexpansionMod
[10Mar2026 09:59:17.158] [modloading-worker-0/DEBUG] [net.minecraftforge.fml.javafmlmod.AutomaticEventSubscriber/LOADING]: Attempting to inject @EventBusSubscriber classes into the eventbus for kuma_api
[10Mar2026 09:59:17.212] [modloading-worker-0/DEBUG] [net.minecraftforge.fml.config.ConfigTracker/CONFIG]: Config file farmersdelight-common.toml for farmersdelight tracking
[10Mar2026 09:59:17.212] [modloading-worker-0/DEBUG] [net.minecraftforge.fml.config.ConfigTracker/CONFIG]: Config file farmersdelight-client.toml for farmersdelight tracking
[10Mar2026 09:59:17.233] [modloading-worker-0/DEBUG] [net.minecraftforge.fml.javafmlmod.AutomaticEventSubscriber/LOADING]: Attempting to inject @EventBusSubscriber classes into the eventbus for culturaldelights
[10Mar2026 09:59:17.236] [modloading-worker-0/DEBUG] [net.minecraftforge.fml.javafmlmod.AutomaticEventSubscriber/LOADING]: Attempting to inject @EventBusSubscriber classes into the eventbus for geckolib
[10Mar2026 09:59:17.236] [modloading-worker-0/DEBUG] [net.minecraftforge.fml.javafmlmod.AutomaticEventSubscriber/LOADING]: Auto-subscribing com.baisylia.culturaldelights.event.ModEvents to FORGE
[10Mar2026 09:59:17.236] [modloading-worker-0/DEBUG] [net.minecraftforge.fml.javafmlmod.AutomaticEventSubscriber/LOADING]: Auto-subscribing software.bernie.example.GeckoLibMod to FORGE
[10Mar2026 09:59:17.237] [modloading-worker-0/DEBUG] [net.minecraftforge.fml.javafmlmod.AutomaticEventSubscriber/LOADING]: Auto-subscribing software.bernie.example.CommonListener to MOD
[10Mar2026 09:59:17.240] [modloading-worker-0/DEBUG] [net.minecraftforge.fml.javafmlmod.AutomaticEventSubscriber/LOADING]: Attempting to inject @EventBusSubscriber classes into the eventbus for l2harvester
[10Mar2026 09:59:17.241] [modloading-worker-0/DEBUG] [net.minecraftforge.fml.javafmlmod.AutomaticEventSubscriber/LOADING]: Auto-subscribing com.baisylia.culturaldelights.event.ModEventBusEvents to MOD
[10Mar2026 09:59:17.241] [modloading-worker-0/DEBUG] [net.minecraftforge.fml.javafmlmod.AutomaticEventSubscriber/LOADING]: Auto-subscribing com.baisylia.culturaldelights.data.DataGen to MOD
[10Mar2026 09:59:17.242] [modloading-worker-0/DEBUG] [net.minecraftforge.fml.javafmlmod.AutomaticEventSubscriber/LOADING]: Auto-subscribing dev.xkmc.l2harvester.init.L2Harvester to MOD
[10Mar2026 09:59:17.251] [modloading-worker-0/DEBUG] [net.minecraftforge.fml.config.ConfigTracker/CONFIG]: Config file jei-server.toml for jei tracking
[10Mar2026 09:59:17.261] [modloading-worker-0/DEBUG] [net.minecraftforge.fml.javafmlmod.AutomaticEventSubscriber/LOADING]: Attempting to inject @EventBusSubscriber classes into the eventbus for jei
[10Mar2026 09:59:17.270] [modloading-worker-0/DEBUG] [net.minecraftforge.fml.config.ConfigTracker/CONFIG]: Config file sophisticatedcore-common.toml for sophisticatedcore tracking
[10Mar2026 09:59:17.270] [modloading-worker-0/DEBUG] [net.minecraftforge.fml.config.ConfigTracker/CONFIG]: Config file sophisticatedcore-client.toml for sophisticatedcore tracking
[10Mar2026 09:59:17.280] [modloading-worker-0/DEBUG] [mixin/]: Mixing ReloadableServerResourcesMixin from balm.mixins.json into net.minecraft.server.ReloadableServerResources
[10Mar2026 09:59:17.281] [modloading-worker-0/DEBUG] [mixin/]: Renaming synthetic method lambda$loadResources$0(Lnet/minecraft/server/ReloadableServerResources;)V to mda83e4a$lambda$loadResources$0$0 in balm.mixins.json:ReloadableServerResourcesMixin
[10Mar2026 09:59:17.296] [modloading-worker-0/DEBUG] [mixin/]: Mixing PlayerListMixin from balm.mixins.json into net.minecraft.server.players.PlayerList
[10Mar2026 09:59:17.311] [modloading-worker-0/DEBUG] [mixin/]: Mixing accessor.RecipeManagerAccessor from farmersdelight.mixins.json into net.minecraft.world.item.crafting.RecipeManager
[10Mar2026 09:59:17.379] [modloading-worker-0/DEBUG] [net.minecraftforge.fml.javafmlmod.AutomaticEventSubscriber/LOADING]: Attempting to inject @EventBusSubscriber classes into the eventbus for sophisticatedcore
[10Mar2026 09:59:17.394] [modloading-worker-0/DEBUG] [net.minecraftforge.fml.config.ConfigTracker/CONFIG]: Config file curios-client.toml for curios tracking
[10Mar2026 09:59:17.397] [modloading-worker-0/DEBUG] [net.minecraftforge.fml.config.ConfigTracker/CONFIG]: Config file curios-common.toml for curios tracking
[10Mar2026 09:59:17.397] [modloading-worker-0/DEBUG] [net.minecraftforge.fml.config.ConfigTracker/CONFIG]: Config file curios-server.toml for curios tracking
[10Mar2026 09:59:17.397] [modloading-worker-0/DEBUG] [net.minecraftforge.fml.javafmlmod.AutomaticEventSubscriber/LOADING]: Attempting to inject @EventBusSubscriber classes into the eventbus for curios
[10Mar2026 09:59:17.402] [modloading-worker-0/DEBUG] [net.minecraftforge.fml.javafmlmod.AutomaticEventSubscriber/LOADING]: Attempting to inject @EventBusSubscriber classes into the eventbus for l2harvester60x
[10Mar2026 09:59:17.414] [modloading-worker-0/DEBUG] [net.minecraftforge.fml.config.ConfigTracker/CONFIG]: Config file journeymap-server.toml for journeymap tracking
[10Mar2026 09:59:17.417] [modloading-worker-0/DEBUG] [net.minecraftforge.fml.javafmlmod.AutomaticEventSubscriber/LOADING]: Attempting to inject @EventBusSubscriber classes into the eventbus for journeymap
[10Mar2026 09:59:17.422] [modloading-worker-0/DEBUG] [net.minecraftforge.fml.javafmlmod.AutomaticEventSubscriber/LOADING]: Auto-subscribing journeymap.common.config.forge.ForgeConfig to MOD
[10Mar2026 09:59:17.423] [modloading-worker-0/DEBUG] [net.minecraftforge.fml.javafmlmod.AutomaticEventSubscriber/LOADING]: Auto-subscribing journeymap.common.Journeymap to FORGE
[10Mar2026 09:59:17.426] [modloading-worker-0/DEBUG] [net.minecraftforge.fml.javafmlmod.AutomaticEventSubscriber/LOADING]: Attempting to inject @EventBusSubscriber classes into the eventbus for farmersdelight
[10Mar2026 09:59:17.430] [modloading-worker-0/DEBUG] [net.minecraftforge.fml.javafmlmod.AutomaticEventSubscriber/LOADING]: Auto-subscribing vectorwing.farmersdelight.data.DataGenerators to MOD
[10Mar2026 09:59:17.431] [modloading-worker-0/DEBUG] [net.minecraftforge.fml.javafmlmod.AutomaticEventSubscriber/LOADING]: Auto-subscribing vectorwing.farmersdelight.common.item.SkilletItem$SkilletEvents to FORGE
[10Mar2026 09:59:17.437] [modloading-worker-0/DEBUG] [net.minecraftforge.fml.javafmlmod.AutomaticEventSubscriber/LOADING]: Auto-subscribing vectorwing.farmersdelight.common.item.KnifeItem$KnifeEvents to FORGE
[10Mar2026 09:59:17.437] [modloading-worker-0/DEBUG] [net.minecraftforge.fml.javafmlmod.AutomaticEventSubscriber/LOADING]: Attempting to inject @EventBusSubscriber classes into the eventbus for handcrafted
[10Mar2026 09:59:17.441] [modloading-worker-0/DEBUG] [net.minecraftforge.fml.javafmlmod.AutomaticEventSubscriber/LOADING]: Attempting to inject @EventBusSubscriber classes into the eventbus for mixinextras
[10Mar2026 09:59:17.445] [modloading-worker-0/DEBUG] [net.minecraftforge.fml.javafmlmod.AutomaticEventSubscriber/LOADING]: Auto-subscribing vectorwing.farmersdelight.common.item.HorseFeedItem$HorseFeedEvent to FORGE
[10Mar2026 09:59:17.450] [modloading-worker-0/DEBUG] [net.minecraftforge.fml.javafmlmod.AutomaticEventSubscriber/LOADING]: Auto-subscribing vectorwing.farmersdelight.common.item.enchantment.BackstabbingEnchantment$BackstabbingEvent to FORGE
[10Mar2026 09:59:17.452] [modloading-worker-0/DEBUG] [net.minecraftforge.fml.javafmlmod.AutomaticEventSubscriber/LOADING]: Auto-subscribing vectorwing.farmersdelight.common.item.DogFoodItem$DogFoodEvent to FORGE
[10Mar2026 09:59:17.453] [modloading-worker-0/DEBUG] [net.minecraftforge.fml.javafmlmod.AutomaticEventSubscriber/LOADING]: Auto-subscribing vectorwing.farmersdelight.common.event.VillagerEvents to FORGE
[10Mar2026 09:59:17.456] [modloading-worker-0/DEBUG] [net.minecraftforge.fml.javafmlmod.AutomaticEventSubscriber/LOADING]: Auto-subscribing vectorwing.farmersdelight.common.event.SetupEvents to MOD
[10Mar2026 09:59:17.457] [modloading-worker-0/DEBUG] [net.minecraftforge.fml.javafmlmod.AutomaticEventSubscriber/LOADING]: Auto-subscribing vectorwing.farmersdelight.common.event.MappingEvents to FORGE
[10Mar2026 09:59:17.458] [modloading-worker-0/DEBUG] [net.minecraftforge.fml.javafmlmod.AutomaticEventSubscriber/LOADING]: Auto-subscribing vectorwing.farmersdelight.common.event.CommonEvents to FORGE
[10Mar2026 09:59:17.466] [modloading-worker-0/DEBUG] [net.minecraftforge.fml.javafmlmod.AutomaticEventSubscriber/LOADING]: Auto-subscribing vectorwing.farmersdelight.common.block.CuttingBoardBlock$ToolCarvingEvent to FORGE
[10Mar2026 09:59:17.482] [modloading-worker-0/DEBUG] [net.minecraftforge.fml.javafmlmod.AutomaticEventSubscriber/LOADING]: Attempting to inject @EventBusSubscriber classes into the eventbus for resourcefullib
[10Mar2026 09:59:17.485] [modloading-worker-0/INFO] [com.aetherteam.cumulus.Cumulus/]: Disabling Cumulus as it is on server.
[10Mar2026 09:59:17.485] [modloading-worker-0/DEBUG] [net.minecraftforge.fml.javafmlmod.AutomaticEventSubscriber/LOADING]: Attempting to inject @EventBusSubscriber classes into the eventbus for cumulus_menus
[10Mar2026 09:59:17.526] [modloading-worker-0/DEBUG] [net.minecraftforge.fml.config.ConfigTracker/CONFIG]: Config file sophisticatedbackpacks-server.toml for sophisticatedbackpacks tracking
[10Mar2026 09:59:17.526] [modloading-worker-0/DEBUG] [net.minecraftforge.fml.config.ConfigTracker/CONFIG]: Config file sophisticatedbackpacks-common.toml for sophisticatedbackpacks tracking
[10Mar2026 09:59:17.588] [modloading-worker-0/DEBUG] [net.minecraftforge.fml.javafmlmod.AutomaticEventSubscriber/LOADING]: Attempting to inject @EventBusSubscriber classes into the eventbus for balm
[10Mar2026 09:59:17.598] [modloading-worker-0/DEBUG] [net.minecraftforge.fml.javafmlmod.AutomaticEventSubscriber/LOADING]: Attempting to inject @EventBusSubscriber classes into the eventbus for refurbished_furniture
[10Mar2026 09:59:17.602] [modloading-worker-0/DEBUG] [net.minecraftforge.fml.javafmlmod.AutomaticEventSubscriber/LOADING]: Auto-subscribing com.mrcrayfish.furniture.refurbished.ForgeEvents to FORGE
[10Mar2026 09:59:17.611] [modloading-worker-0/DEBUG] [net.minecraftforge.fml.javafmlmod.AutomaticEventSubscriber/LOADING]: Attempting to inject @EventBusSubscriber classes into the eventbus for nitrogen_internals
[10Mar2026 09:59:17.611] [modloading-worker-0/DEBUG] [net.minecraftforge.fml.javafmlmod.AutomaticEventSubscriber/LOADING]: Auto-subscribing com.aetherteam.nitrogen.event.listeners.TooltipListeners to FORGE
[10Mar2026 09:59:17.613] [modloading-worker-0/DEBUG] [net.minecraftforge.fml.javafmlmod.AutomaticEventSubscriber/LOADING]: Auto-subscribing com.aetherteam.nitrogen.Nitrogen to FORGE
[10Mar2026 09:59:17.617] [modloading-worker-0/INFO] [net.blay09.mods.balm.forge.config.ForgeBalmConfig/]: Registering config for cookingforblockheads:common (COMMON) with 11 properties.
[10Mar2026 09:59:17.621] [modloading-worker-0/DEBUG] [net.minecraftforge.fml.config.ConfigTracker/CONFIG]: Config file cookingforblockheads-common.toml for cookingforblockheads tracking
[10Mar2026 09:59:17.634] [modloading-worker-0/DEBUG] [Framework/]: Loaded com.mrcrayfish.framework.platform.ForgePlatformHelper@4ce8f286 for service interface com.mrcrayfish.framework.platform.services.IPlatformHelper
[10Mar2026 09:59:17.637] [modloading-worker-0/DEBUG] [Framework/]: Loaded com.mrcrayfish.framework.platform.ForgeNetworkHelper@42a9b11b for service interface com.mrcrayfish.framework.platform.services.INetworkHelper
[10Mar2026 09:59:17.640] [modloading-worker-0/DEBUG] [Framework/]: Loaded com.mrcrayfish.framework.platform.ForgeRegistrationHelper@314fdbff for service interface com.mrcrayfish.framework.platform.services.IRegistrationHelper
[10Mar2026 09:59:17.641] [modloading-worker-0/DEBUG] [Framework/]: Loaded com.mrcrayfish.framework.platform.ForgeEntityHelper@58a0a836 for service interface com.mrcrayfish.framework.platform.services.IEntityHelper
[10Mar2026 09:59:17.644] [modloading-worker-0/DEBUG] [Framework/]: Loaded com.mrcrayfish.framework.platform.ForgeItemHelper@39fc6f9d for service interface com.mrcrayfish.framework.platform.services.IItemHelper
[10Mar2026 09:59:17.649] [modloading-worker-0/DEBUG] [Framework/]: Loaded com.mrcrayfish.framework.platform.ForgeConfigHelper@3736b754 for service interface com.mrcrayfish.framework.platform.services.IConfigHelper
[10Mar2026 09:59:17.695] [modloading-worker-0/DEBUG] [net.minecraftforge.fml.config.ConfigTracker/CONFIG]: Config file aether-server.toml for aether tracking
[10Mar2026 09:59:17.696] [modloading-worker-0/DEBUG] [net.minecraftforge.fml.config.ConfigTracker/CONFIG]: Config file aether-common.toml for aether tracking
[10Mar2026 09:59:17.696] [modloading-worker-0/DEBUG] [net.minecraftforge.fml.config.ConfigTracker/CONFIG]: Config file aether-client.toml for aether tracking
[10Mar2026 09:59:17.696] [modloading-worker-0/DEBUG] [net.minecraftforge.fml.javafmlmod.AutomaticEventSubscriber/LOADING]: Attempting to inject @EventBusSubscriber classes into the eventbus for aether
[10Mar2026 09:59:17.697] [modloading-worker-0/DEBUG] [net.minecraftforge.fml.javafmlmod.AutomaticEventSubscriber/LOADING]: Auto-subscribing com.aetherteam.aether.item.combat.loot.PigSlayerItem to FORGE
[10Mar2026 09:59:17.701] [modloading-worker-0/DEBUG] [net.minecraftforge.fml.javafmlmod.AutomaticEventSubscriber/LOADING]: Auto-subscribing com.aetherteam.aether.item.combat.loot.HolySwordItem to FORGE
[10Mar2026 09:59:17.704] [modloading-worker-0/DEBUG] [net.minecraftforge.fml.javafmlmod.AutomaticEventSubscriber/LOADING]: Auto-subscribing com.aetherteam.aether.item.combat.loot.FlamingSwordItem to FORGE
[10Mar2026 09:59:17.705] [modloading-worker-0/DEBUG] [net.minecraftforge.fml.javafmlmod.AutomaticEventSubscriber/LOADING]: Auto-subscribing com.aetherteam.aether.item.combat.SkyrootSwordItem to FORGE
[10Mar2026 09:59:17.705] [modloading-worker-0/DEBUG] [net.minecraftforge.fml.javafmlmod.AutomaticEventSubscriber/LOADING]: Auto-subscribing com.aetherteam.aether.item.AetherCreativeTabs to MOD
[10Mar2026 09:59:17.705] [modloading-worker-0/DEBUG] [net.minecraftforge.fml.javafmlmod.AutomaticEventSubscriber/LOADING]: Auto-subscribing com.aetherteam.aether.event.listeners.capability.AetherTimeListener to FORGE
[10Mar2026 09:59:17.711] [modloading-worker-0/DEBUG] [net.minecraftforge.fml.javafmlmod.AutomaticEventSubscriber/LOADING]: Auto-subscribing com.aetherteam.aether.event.listeners.capability.AetherPlayerListener to FORGE
[10Mar2026 09:59:17.720] [modloading-worker-0/DEBUG] [net.minecraftforge.fml.javafmlmod.AutomaticEventSubscriber/LOADING]: Auto-subscribing com.aetherteam.aether.event.listeners.abilities.WeaponAbilityListener to FORGE
[10Mar2026 09:59:17.726] [modloading-worker-0/DEBUG] [net.minecraftforge.fml.javafmlmod.AutomaticEventSubscriber/LOADING]: Auto-subscribing com.aetherteam.aether.event.listeners.abilities.ToolAbilityListener to FORGE
[10Mar2026 09:59:17.738] [modloading-worker-0/DEBUG] [net.minecraftforge.fml.javafmlmod.AutomaticEventSubscriber/LOADING]: Auto-subscribing com.aetherteam.aether.event.listeners.abilities.ArmorAbilityListener to FORGE
[10Mar2026 09:59:17.739] [modloading-worker-0/DEBUG] [MrCrayfish's Furniture Mod: Refurbished/]: Loaded com.mrcrayfish.furniture.refurbished.platform.ForgePlatformHelper@69e014f7 for service interface com.mrcrayfish.furniture.refurbished.platform.services.IPlatformHelper
[10Mar2026 09:59:17.745] [modloading-worker-0/DEBUG] [net.minecraftforge.fml.javafmlmod.AutomaticEventSubscriber/LOADING]: Auto-subscribing com.aetherteam.aether.event.listeners.abilities.AccessoryAbilityListener to FORGE
[10Mar2026 09:59:17.745] [modloading-worker-0/DEBUG] [MrCrayfish's Furniture Mod: Refurbished/]: Loaded com.mrcrayfish.furniture.refurbished.platform.ForgeBlockHelper@44ee4eb4 for service interface com.mrcrayfish.furniture.refurbished.platform.services.IBlockHelper
[10Mar2026 09:59:17.754] [modloading-worker-0/DEBUG] [net.minecraftforge.fml.javafmlmod.AutomaticEventSubscriber/LOADING]: Auto-subscribing com.aetherteam.aether.event.listeners.RecipeListener to FORGE
[10Mar2026 09:59:17.762] [modloading-worker-0/DEBUG] [net.minecraftforge.fml.javafmlmod.AutomaticEventSubscriber/LOADING]: Attempting to inject @EventBusSubscriber classes into the eventbus for sophisticatedbackpacks
[10Mar2026 09:59:17.763] [modloading-worker-0/DEBUG] [MrCrayfish's Furniture Mod: Refurbished/]: Loaded com.mrcrayfish.furniture.refurbished.platform.ForgeBlockEntityHelper@21300581 for service interface com.mrcrayfish.furniture.refurbished.platform.services.IBlockEntityHelper
[10Mar2026 09:59:17.764] [modloading-worker-0/DEBUG] [MrCrayfish's Furniture Mod: Refurbished/]: Loaded com.mrcrayfish.furniture.refurbished.platform.ForgeItemHelper@4a1b90f5 for service interface com.mrcrayfish.furniture.refurbished.platform.services.IItemHelper
[10Mar2026 09:59:17.765] [modloading-worker-0/DEBUG] [MrCrayfish's Furniture Mod: Refurbished/]: Loaded com.mrcrayfish.furniture.refurbished.platform.ForgeEntityHelper@2459d5a9 for service interface com.mrcrayfish.furniture.refurbished.platform.services.IEntityHelper
[10Mar2026 09:59:17.767] [modloading-worker-0/DEBUG] [net.minecraftforge.fml.javafmlmod.AutomaticEventSubscriber/LOADING]: Auto-subscribing com.aetherteam.aether.event.listeners.PerkListener to FORGE
[10Mar2026 09:59:17.770] [modloading-worker-0/DEBUG] [net.minecraftforge.fml.javafmlmod.AutomaticEventSubscriber/LOADING]: Auto-subscribing com.aetherteam.aether.event.listeners.ItemListener to FORGE
[10Mar2026 09:59:17.771] [modloading-worker-0/DEBUG] [net.minecraftforge.fml.javafmlmod.AutomaticEventSubscriber/LOADING]: Auto-subscribing com.aetherteam.aether.event.listeners.EntityListener to FORGE
[10Mar2026 09:59:17.768] [modloading-worker-0/DEBUG] [MrCrayfish's Furniture Mod: Refurbished/]: Loaded com.mrcrayfish.furniture.refurbished.platform.ForgeRecipeHelper@3173f45b for service interface com.mrcrayfish.furniture.refurbished.platform.services.IRecipeHelper
[10Mar2026 09:59:17.776] [modloading-worker-0/DEBUG] [MrCrayfish's Furniture Mod: Refurbished/]: Loaded com.mrcrayfish.furniture.refurbished.platform.ForgeFluidHelper@72f1f604 for service interface com.mrcrayfish.furniture.refurbished.platform.services.IFluidHelper
[10Mar2026 09:59:17.777] [modloading-worker-0/DEBUG] [MrCrayfish's Furniture Mod: Refurbished/]: Loaded com.mrcrayfish.furniture.refurbished.platform.ForgeTagHelper@f9fb4ee for service interface com.mrcrayfish.furniture.refurbished.platform.services.ITagHelper
[10Mar2026 09:59:17.788] [modloading-worker-0/DEBUG] [MrCrayfish's Furniture Mod: Refurbished/]: Loaded com.mrcrayfish.furniture.refurbished.platform.ForgeMenuHelper@495e9711 for service interface com.mrcrayfish.furniture.refurbished.platform.services.IMenuHelper
[10Mar2026 09:59:17.789] [modloading-worker-0/DEBUG] [net.minecraftforge.fml.javafmlmod.AutomaticEventSubscriber/LOADING]: Auto-subscribing com.aetherteam.aether.event.listeners.DimensionListener to FORGE
[10Mar2026 09:59:17.800] [modloading-worker-0/DEBUG] [net.minecraftforge.fml.javafmlmod.AutomaticEventSubscriber/LOADING]: Auto-subscribing com.aetherteam.aether.entity.AetherEntityTypes to MOD
[10Mar2026 09:59:17.805] [modloading-worker-0/DEBUG] [net.minecraftforge.fml.javafmlmod.AutomaticEventSubscriber/LOADING]: Attempting to inject @EventBusSubscriber classes into the eventbus for cookingforblockheads
[10Mar2026 09:59:17.808] [modloading-worker-0/DEBUG] [net.minecraftforge.fml.javafmlmod.AutomaticEventSubscriber/LOADING]: Auto-subscribing net.blay09.mods.cookingforblockheads.compat.CompatCapabilityLoader to FORGE
[10Mar2026 09:59:17.813] [modloading-worker-0/DEBUG] [net.minecraftforge.fml.javafmlmod.AutomaticEventSubscriber/LOADING]: Auto-subscribing com.aetherteam.aether.data.ReloadListeners to FORGE
[10Mar2026 09:59:17.817] [modloading-worker-0/DEBUG] [net.minecraftforge.fml.javafmlmod.AutomaticEventSubscriber/LOADING]: Auto-subscribing com.aetherteam.aether.command.AetherCommands to FORGE
[10Mar2026 09:59:17.818] [modloading-worker-0/DEBUG] [net.minecraftforge.fml.javafmlmod.AutomaticEventSubscriber/LOADING]: Auto-subscribing com.aetherteam.aether.capability.AetherCapabilities to MOD
[10Mar2026 09:59:17.827] [modloading-worker-0/DEBUG] [net.minecraftforge.fml.javafmlmod.AutomaticEventSubscriber/LOADING]: Auto-subscribing com.aetherteam.aether.capability.AetherCapabilities$Registration to FORGE
[10Mar2026 09:59:17.836] [modloading-worker-0/DEBUG] [net.minecraftforge.versions.forge.ForgeVersion/CORE]: Forge Version package package net.minecraftforge.versions.forge, Forge, version 47.3 from cpw.mods.modlauncher.TransformingClassLoader@1756f7cc
[10Mar2026 09:59:17.837] [modloading-worker-0/DEBUG] [net.minecraftforge.versions.forge.ForgeVersion/CORE]: Found Forge version 47.3.7
[10Mar2026 09:59:17.838] [modloading-worker-0/DEBUG] [net.minecraftforge.versions.forge.ForgeVersion/CORE]: Found Forge spec 47.3
[10Mar2026 09:59:17.838] [modloading-worker-0/DEBUG] [net.minecraftforge.versions.forge.ForgeVersion/CORE]: Found Forge group net.minecraftforge
[10Mar2026 09:59:17.839] [modloading-worker-0/DEBUG] [net.minecraftforge.versions.mcp.MCPVersion/CORE]: MCP Version package package net.minecraftforge.versions.mcp, Minecraft, version 1.20.1 from cpw.mods.modlauncher.TransformingClassLoader@1756f7cc
[10Mar2026 09:59:17.839] [modloading-worker-0/DEBUG] [net.minecraftforge.versions.mcp.MCPVersion/CORE]: Found MC version information 1.20.1
[10Mar2026 09:59:17.839] [modloading-worker-0/DEBUG] [net.minecraftforge.versions.mcp.MCPVersion/CORE]: Found MCP version information 20230612.114412
[10Mar2026 09:59:17.839] [modloading-worker-0/INFO] [net.minecraftforge.common.ForgeMod/FORGEMOD]: Forge mod loading, version 47.3.7, for MC 1.20.1 with MCP 20230612.114412
[10Mar2026 09:59:17.841] [modloading-worker-0/INFO] [net.minecraftforge.common.MinecraftForge/FORGE]: MinecraftForge v47.3.7 Initialized
[10Mar2026 09:59:17.888] [modloading-worker-0/DEBUG] [net.minecraftforge.fml.javafmlmod.AutomaticEventSubscriber/LOADING]: Attempting to inject @EventBusSubscriber classes into the eventbus for fallingtree
[10Mar2026 09:59:17.894] [modloading-worker-0/DEBUG] [net.minecraftforge.fml.config.ConfigTracker/CONFIG]: Config file appleskin-client.toml for appleskin tracking
[10Mar2026 09:59:17.904] [modloading-worker-0/DEBUG] [net.minecraftforge.fml.javafmlmod.AutomaticEventSubscriber/LOADING]: Attempting to inject @EventBusSubscriber classes into the eventbus for appleskin
[10Mar2026 09:59:17.905] [modloading-worker-0/DEBUG] [net.minecraftforge.fml.javafmlmod.AutomaticEventSubscriber/LOADING]: Attempting to inject @EventBusSubscriber classes into the eventbus for l2harvester05x
[10Mar2026 09:59:17.922] [modloading-worker-0/DEBUG] [com.tterrag.registrate.AbstractRegistrate/REGISTRATE.REGISTER]: Captured registration for entry fruitsdelight:fruits_delight of type minecraft:creative_mode_tab
[10Mar2026 09:59:17.933] [modloading-worker-0/DEBUG] [mixin/]: Mixing common.ModelBuilderMixin from aether.mixins.json into net.minecraftforge.client.model.generators.ModelBuilder
[10Mar2026 09:59:17.943] [modloading-worker-0/DEBUG] [io.netty.util.internal.PlatformDependent0/]: -Dio.netty.noUnsafe: false
[10Mar2026 09:59:17.943] [modloading-worker-0/DEBUG] [io.netty.util.internal.PlatformDependent0/]: Java version: 17
[10Mar2026 09:59:17.944] [modloading-worker-0/DEBUG] [io.netty.util.internal.PlatformDependent0/]: sun.misc.Unsafe.theUnsafe: available
[10Mar2026 09:59:17.944] [modloading-worker-0/DEBUG] [io.netty.util.internal.PlatformDependent0/]: sun.misc.Unsafe.copyMemory: available
[10Mar2026 09:59:17.945] [modloading-worker-0/DEBUG] [io.netty.util.internal.PlatformDependent0/]: sun.misc.Unsafe.storeFence: available
[10Mar2026 09:59:17.945] [modloading-worker-0/DEBUG] [io.netty.util.internal.PlatformDependent0/]: java.nio.Buffer.address: available
[10Mar2026 09:59:17.950] [modloading-worker-0/DEBUG] [net.minecraftforge.fml.config.ConfigTracker/CONFIG]: Config file l2_configs/l2library-client.toml for l2library tracking
[10Mar2026 09:59:17.952] [modloading-worker-0/DEBUG] [io.netty.util.internal.PlatformDependent0/]: direct buffer constructor: unavailable
java.lang.UnsupportedOperationException: Reflective setAccessible(true) disabled
	at io.netty.util.internal.ReflectionUtil.trySetAccessible(ReflectionUtil.java:31) ~[netty-common-4.1.82.Final.jar%2382!/:4.1.82.Final]
	at io.netty.util.internal.PlatformDependent0$5.run(PlatformDependent0.java:288) ~[netty-common-4.1.82.Final.jar%2382!/:4.1.82.Final]
	at java.security.AccessController.doPrivileged(AccessController.java:318) ~[?:?]
	at io.netty.util.internal.PlatformDependent0.<clinit>(PlatformDependent0.java:282) ~[netty-common-4.1.82.Final.jar%2382!/:4.1.82.Final]
	at io.netty.util.internal.PlatformDependent.isAndroid(PlatformDependent.java:333) ~[netty-common-4.1.82.Final.jar%2382!/:4.1.82.Final]
	at io.netty.util.internal.PlatformDependent.<clinit>(PlatformDependent.java:88) ~[netty-common-4.1.82.Final.jar%2382!/:4.1.82.Final]
	at io.netty.util.ConstantPool.<init>(ConstantPool.java:34) ~[netty-common-4.1.82.Final.jar%2382!/:4.1.82.Final]
	at io.netty.util.AttributeKey$1.<init>(AttributeKey.java:27) ~[netty-common-4.1.82.Final.jar%2382!/:4.1.82.Final]
	at io.netty.util.AttributeKey.<clinit>(AttributeKey.java:27) ~[netty-common-4.1.82.Final.jar%2382!/:4.1.82.Final]
	at net.minecraftforge.network.NetworkConstants.<clinit>(NetworkConstants.java:34) ~[forge-1.20.1-47.3.7-universal.jar%23144!/:?]
	at net.minecraftforge.common.ForgeMod.<init>(ForgeMod.java:429) ~[forge-1.20.1-47.3.7-universal.jar%23144!/:?]
	at jdk.internal.reflect.NativeConstructorAccessorImpl.newInstance0(Native Method) ~[?:?]
	at jdk.internal.reflect.NativeConstructorAccessorImpl.newInstance(NativeConstructorAccessorImpl.java:77) ~[?:?]
	at jdk.internal.reflect.DelegatingConstructorAccessorImpl.newInstance(DelegatingConstructorAccessorImpl.java:45) ~[?:?]
	at java.lang.reflect.Constructor.newInstanceWithCaller(Constructor.java:500) ~[?:?]
	at java.lang.reflect.Constructor.newInstance(Constructor.java:481) ~[?:?]
	at net.minecraftforge.fml.javafmlmod.FMLModContainer.constructMod(FMLModContainer.java:70) ~[javafmllanguage-1.20.1-47.3.7.jar%23141!/:?]
	at net.minecraftforge.fml.ModContainer.lambda$buildTransitionHandler$4(ModContainer.java:124) ~[fmlcore-1.20.1-47.3.7.jar%23140!/:?]
	at java.util.concurrent.CompletableFuture$AsyncRun.run(CompletableFuture.java:1804) ~[?:?]
	at java.util.concurrent.CompletableFuture$AsyncRun.exec(CompletableFuture.java:1796) ~[?:?]
	at java.util.concurrent.ForkJoinTask.doExec(ForkJoinTask.java:373) ~[?:?]
	at java.util.concurrent.ForkJoinPool$WorkQueue.topLevelExec(ForkJoinPool.java:1182) ~[?:?]
	at java.util.concurrent.ForkJoinPool.scan(ForkJoinPool.java:1655) ~[?:?]
	at java.util.concurrent.ForkJoinPool.runWorker(ForkJoinPool.java:1622) ~[?:?]
	at java.util.concurrent.ForkJoinWorkerThread.run(ForkJoinWorkerThread.java:165) ~[?:?]
[10Mar2026 09:59:17.954] [modloading-worker-0/DEBUG] [io.netty.util.internal.PlatformDependent0/]: java.nio.Bits.unaligned: available, true
[10Mar2026 09:59:17.955] [modloading-worker-0/DEBUG] [io.netty.util.internal.PlatformDependent0/]: jdk.internal.misc.Unsafe.allocateUninitializedArray(int): unavailable
java.lang.IllegalAccessException: class io.netty.util.internal.PlatformDependent0$7 (in module io.netty.common) cannot access class jdk.internal.misc.Unsafe (in module java.base) because module java.base does not export jdk.internal.misc to module io.netty.common
	at jdk.internal.reflect.Reflection.newIllegalAccessException(Reflection.java:392) ~[?:?]
	at java.lang.reflect.AccessibleObject.checkAccess(AccessibleObject.java:674) ~[?:?]
	at java.lang.reflect.Method.invoke(Method.java:561) ~[?:?]
	at io.netty.util.internal.PlatformDependent0$7.run(PlatformDependent0.java:410) ~[netty-common-4.1.82.Final.jar%2382!/:4.1.82.Final]
	at java.security.AccessController.doPrivileged(AccessController.java:318) ~[?:?]
	at io.netty.util.internal.PlatformDependent0.<clinit>(PlatformDependent0.java:401) ~[netty-common-4.1.82.Final.jar%2382!/:4.1.82.Final]
	at io.netty.util.internal.PlatformDependent.isAndroid(PlatformDependent.java:333) ~[netty-common-4.1.82.Final.jar%2382!/:4.1.82.Final]
	at io.netty.util.internal.PlatformDependent.<clinit>(PlatformDependent.java:88) ~[netty-common-4.1.82.Final.jar%2382!/:4.1.82.Final]
	at io.netty.util.ConstantPool.<init>(ConstantPool.java:34) ~[netty-common-4.1.82.Final.jar%2382!/:4.1.82.Final]
	at io.netty.util.AttributeKey$1.<init>(AttributeKey.java:27) ~[netty-common-4.1.82.Final.jar%2382!/:4.1.82.Final]
	at io.netty.util.AttributeKey.<clinit>(AttributeKey.java:27) ~[netty-common-4.1.82.Final.jar%2382!/:4.1.82.Final]
	at net.minecraftforge.network.NetworkConstants.<clinit>(NetworkConstants.java:34) ~[forge-1.20.1-47.3.7-universal.jar%23144!/:?]
	at net.minecraftforge.common.ForgeMod.<init>(ForgeMod.java:429) ~[forge-1.20.1-47.3.7-universal.jar%23144!/:?]
	at jdk.internal.reflect.NativeConstructorAccessorImpl.newInstance0(Native Method) ~[?:?]
	at jdk.internal.reflect.NativeConstructorAccessorImpl.newInstance(NativeConstructorAccessorImpl.java:77) ~[?:?]
	at jdk.internal.reflect.DelegatingConstructorAccessorImpl.newInstance(DelegatingConstructorAccessorImpl.java:45) ~[?:?]
	at java.lang.reflect.Constructor.newInstanceWithCaller(Constructor.java:500) ~[?:?]
	at java.lang.reflect.Constructor.newInstance(Constructor.java:481) ~[?:?]
	at net.minecraftforge.fml.javafmlmod.FMLModContainer.constructMod(FMLModContainer.java:70) ~[javafmllanguage-1.20.1-47.3.7.jar%23141!/:?]
	at net.minecraftforge.fml.ModContainer.lambda$buildTransitionHandler$4(ModContainer.java:124) ~[fmlcore-1.20.1-47.3.7.jar%23140!/:?]
	at java.util.concurrent.CompletableFuture$AsyncRun.run(CompletableFuture.java:1804) ~[?:?]
	at java.util.concurrent.CompletableFuture$AsyncRun.exec(CompletableFuture.java:1796) ~[?:?]
	at java.util.concurrent.ForkJoinTask.doExec(ForkJoinTask.java:373) ~[?:?]
	at java.util.concurrent.ForkJoinPool$WorkQueue.topLevelExec(ForkJoinPool.java:1182) ~[?:?]
	at java.util.concurrent.ForkJoinPool.scan(ForkJoinPool.java:1655) ~[?:?]
	at java.util.concurrent.ForkJoinPool.runWorker(ForkJoinPool.java:1622) ~[?:?]
	at java.util.concurrent.ForkJoinWorkerThread.run(ForkJoinWorkerThread.java:165) ~[?:?]
[10Mar2026 09:59:17.956] [modloading-worker-0/DEBUG] [net.minecraftforge.fml.config.ConfigTracker/CONFIG]: Config file l2_configs/l2library-common.toml for l2library tracking
[10Mar2026 09:59:17.959] [modloading-worker-0/DEBUG] [io.netty.util.internal.PlatformDependent0/]: java.nio.DirectByteBuffer.<init>(long, int): unavailable
[10Mar2026 09:59:17.959] [modloading-worker-0/DEBUG] [io.netty.util.internal.PlatformDependent/]: sun.misc.Unsafe: available
[10Mar2026 09:59:17.959] [modloading-worker-0/DEBUG] [io.netty.util.internal.PlatformDependent/]: maxDirectMemory: 10737418240 bytes (maybe)
[10Mar2026 09:59:17.960] [modloading-worker-0/DEBUG] [io.netty.util.internal.PlatformDependent/]: -Dio.netty.tmpdir: /tmp (java.io.tmpdir)
[10Mar2026 09:59:17.960] [modloading-worker-0/DEBUG] [io.netty.util.internal.PlatformDependent/]: -Dio.netty.bitMode: 64 (sun.arch.data.model)
[10Mar2026 09:59:17.960] [modloading-worker-0/DEBUG] [io.netty.util.internal.PlatformDependent/]: -Dio.netty.maxDirectMemory: -1 bytes
[10Mar2026 09:59:17.961] [modloading-worker-0/DEBUG] [io.netty.util.internal.PlatformDependent/]: -Dio.netty.uninitializedArrayAllocationThreshold: -1
[10Mar2026 09:59:17.965] [modloading-worker-0/DEBUG] [io.netty.util.internal.CleanerJava9/]: java.nio.ByteBuffer.cleaner(): available
[10Mar2026 09:59:17.965] [modloading-worker-0/DEBUG] [io.netty.util.internal.PlatformDependent/]: -Dio.netty.noPreferDirect: false
[10Mar2026 09:59:17.971] [modloading-worker-0/DEBUG] [net.minecraftforge.fml.javafmlmod.AutomaticEventSubscriber/LOADING]: Attempting to inject @EventBusSubscriber classes into the eventbus for l2library
[10Mar2026 09:59:17.971] [modloading-worker-0/DEBUG] [net.minecraftforge.fml.javafmlmod.AutomaticEventSubscriber/LOADING]: Auto-subscribing dev.xkmc.l2library.init.events.GeneralEventHandler to FORGE
[10Mar2026 09:59:17.971] [modloading-worker-0/DEBUG] [net.minecraftforge.fml.javafmlmod.AutomaticEventSubscriber/LOADING]: Auto-subscribing dev.xkmc.l2library.init.events.EffectSyncEvents to FORGE
[10Mar2026 09:59:17.983] [modloading-worker-0/DEBUG] [net.minecraftforge.fml.javafmlmod.AutomaticEventSubscriber/LOADING]: Auto-subscribing dev.xkmc.l2library.init.events.BaseCapabilityEvents to FORGE
[10Mar2026 09:59:17.992] [modloading-worker-0/DEBUG] [net.minecraftforge.fml.javafmlmod.AutomaticEventSubscriber/LOADING]: Auto-subscribing dev.xkmc.l2library.init.L2Library to MOD
[10Mar2026 09:59:18.027] [modloading-worker-0/DEBUG] [net.minecraftforge.common.ForgeMod/FORGEMOD]: Loading Network data for FML net version: FML3
[10Mar2026 09:59:18.043] [modloading-worker-0/DEBUG] [mixin/]: Mixing common.accessor.BlockLootAccessor from aether.mixins.json into net.minecraft.data.loot.BlockLootSubProvider
[10Mar2026 09:59:18.043] [modloading-worker-0/DEBUG] [mixin/]: Renaming @Accessor method aether$hasSilkTouch()Lnet/minecraft/world/level/storage/loot/predicates/LootItemCondition$Builder; to aether$hasSilkTouch_$md$a83e4a$0 in aether.mixins.json:common.accessor.BlockLootAccessor
[10Mar2026 09:59:18.043] [modloading-worker-0/DEBUG] [mixin/]: Renaming @Accessor method aether$hasShearsOrSilkTouch()Lnet/minecraft/world/level/storage/loot/predicates/LootItemCondition$Builder; to aether$hasShearsOrSilkTouch_$md$a83e4a$1 in aether.mixins.json:common.accessor.BlockLootAccessor
[10Mar2026 09:59:18.043] [modloading-worker-0/DEBUG] [mixin/]: Renaming @Accessor method aether$getNormalLeavesSaplingChances()[F to aether$getNormalLeavesSaplingChances_$md$a83e4a$2 in aether.mixins.json:common.accessor.BlockLootAccessor
[10Mar2026 09:59:18.055] [modloading-worker-0/DEBUG] [net.minecraftforge.fml.config.ConfigTracker/CONFIG]: Config file forge-client.toml for forge tracking
[10Mar2026 09:59:18.055] [modloading-worker-0/DEBUG] [net.minecraftforge.fml.config.ConfigTracker/CONFIG]: Config file forge-server.toml for forge tracking
[10Mar2026 09:59:18.055] [modloading-worker-0/DEBUG] [net.minecraftforge.fml.ModLoadingContext/]: Attempted to register an empty config for type COMMON on mod forge
[10Mar2026 09:59:18.064] [modloading-worker-0/DEBUG] [com.tterrag.registrate.AbstractRegistrate/REGISTRATE.REGISTER]: Captured registration for entry fruitsdelight:pear_leaves of type minecraft:item
[10Mar2026 09:59:18.064] [modloading-worker-0/DEBUG] [com.tterrag.registrate.AbstractRegistrate/REGISTRATE.REGISTER]: Captured registration for entry fruitsdelight:pear_leaves of type minecraft:block
[10Mar2026 09:59:18.065] [modloading-worker-0/DEBUG] [com.tterrag.registrate.AbstractRegistrate/REGISTRATE.REGISTER]: Captured registration for entry fruitsdelight:pear_sapling of type minecraft:item
[10Mar2026 09:59:18.065] [modloading-worker-0/DEBUG] [com.tterrag.registrate.AbstractRegistrate/REGISTRATE.REGISTER]: Captured registration for entry fruitsdelight:pear_sapling of type minecraft:block
[10Mar2026 09:59:18.066] [modloading-worker-0/DEBUG] [com.tterrag.registrate.AbstractRegistrate/REGISTRATE.REGISTER]: Captured registration for entry fruitsdelight:potted_pear_sapling of type minecraft:block
[10Mar2026 09:59:18.068] [modloading-worker-0/DEBUG] [com.tterrag.registrate.AbstractRegistrate/REGISTRATE.REGISTER]: Captured registration for entry fruitsdelight:pear of type minecraft:item
[10Mar2026 09:59:18.068] [modloading-worker-0/DEBUG] [com.tterrag.registrate.AbstractRegistrate/REGISTRATE.REGISTER]: Captured registration for entry fruitsdelight:hawberry_leaves of type minecraft:item
[10Mar2026 09:59:18.068] [modloading-worker-0/DEBUG] [com.tterrag.registrate.AbstractRegistrate/REGISTRATE.REGISTER]: Captured registration for entry fruitsdelight:hawberry_leaves of type minecraft:block
[10Mar2026 09:59:18.068] [modloading-worker-0/DEBUG] [com.tterrag.registrate.AbstractRegistrate/REGISTRATE.REGISTER]: Captured registration for entry fruitsdelight:hawberry_sapling of type minecraft:item
[10Mar2026 09:59:18.068] [modloading-worker-0/DEBUG] [com.tterrag.registrate.AbstractRegistrate/REGISTRATE.REGISTER]: Captured registration for entry fruitsdelight:hawberry_sapling of type minecraft:block
[10Mar2026 09:59:18.069] [modloading-worker-0/DEBUG] [com.tterrag.registrate.AbstractRegistrate/REGISTRATE.REGISTER]: Captured registration for entry fruitsdelight:potted_hawberry_sapling of type minecraft:block
[10Mar2026 09:59:18.071] [modloading-worker-0/DEBUG] [com.tterrag.registrate.AbstractRegistrate/REGISTRATE.REGISTER]: Captured registration for entry fruitsdelight:hawberry of type minecraft:item
[10Mar2026 09:59:18.072] [modloading-worker-0/DEBUG] [com.tterrag.registrate.AbstractRegistrate/REGISTRATE.REGISTER]: Captured registration for entry fruitsdelight:lychee_leaves of type minecraft:item
[10Mar2026 09:59:18.072] [modloading-worker-0/DEBUG] [com.tterrag.registrate.AbstractRegistrate/REGISTRATE.REGISTER]: Captured registration for entry fruitsdelight:lychee_leaves of type minecraft:block
[10Mar2026 09:59:18.072] [modloading-worker-0/DEBUG] [com.tterrag.registrate.AbstractRegistrate/REGISTRATE.REGISTER]: Captured registration for entry fruitsdelight:lychee_sapling of type minecraft:item
[10Mar2026 09:59:18.072] [modloading-worker-0/DEBUG] [com.tterrag.registrate.AbstractRegistrate/REGISTRATE.REGISTER]: Captured registration for entry fruitsdelight:lychee_sapling of type minecraft:block
[10Mar2026 09:59:18.073] [modloading-worker-0/DEBUG] [com.tterrag.registrate.AbstractRegistrate/REGISTRATE.REGISTER]: Captured registration for entry fruitsdelight:potted_lychee_sapling of type minecraft:block
[10Mar2026 09:59:18.073] [modloading-worker-0/DEBUG] [com.tterrag.registrate.AbstractRegistrate/REGISTRATE.REGISTER]: Captured registration for entry fruitsdelight:lychee of type minecraft:item
[10Mar2026 09:59:18.073] [modloading-worker-0/DEBUG] [com.tterrag.registrate.AbstractRegistrate/REGISTRATE.REGISTER]: Captured registration for entry fruitsdelight:mango_leaves of type minecraft:item
[10Mar2026 09:59:18.073] [modloading-worker-0/DEBUG] [com.tterrag.registrate.AbstractRegistrate/REGISTRATE.REGISTER]: Captured registration for entry fruitsdelight:mango_leaves of type minecraft:block
[10Mar2026 09:59:18.074] [modloading-worker-0/DEBUG] [com.tterrag.registrate.AbstractRegistrate/REGISTRATE.REGISTER]: Captured registration for entry fruitsdelight:mango_sapling of type minecraft:item
[10Mar2026 09:59:18.074] [modloading-worker-0/DEBUG] [com.tterrag.registrate.AbstractRegistrate/REGISTRATE.REGISTER]: Captured registration for entry fruitsdelight:mango_sapling of type minecraft:block
[10Mar2026 09:59:18.074] [modloading-worker-0/DEBUG] [com.tterrag.registrate.AbstractRegistrate/REGISTRATE.REGISTER]: Captured registration for entry fruitsdelight:potted_mango_sapling of type minecraft:block
[10Mar2026 09:59:18.074] [modloading-worker-0/DEBUG] [com.tterrag.registrate.AbstractRegistrate/REGISTRATE.REGISTER]: Captured registration for entry fruitsdelight:mango of type minecraft:item
[10Mar2026 09:59:18.074] [modloading-worker-0/DEBUG] [com.tterrag.registrate.AbstractRegistrate/REGISTRATE.REGISTER]: Captured registration for entry fruitsdelight:persimmon_leaves of type minecraft:item
[10Mar2026 09:59:18.074] [modloading-worker-0/DEBUG] [com.tterrag.registrate.AbstractRegistrate/REGISTRATE.REGISTER]: Captured registration for entry fruitsdelight:persimmon_leaves of type minecraft:block
[10Mar2026 09:59:18.075] [modloading-worker-0/DEBUG] [com.tterrag.registrate.AbstractRegistrate/REGISTRATE.REGISTER]: Captured registration for entry fruitsdelight:persimmon_sapling of type minecraft:item
[10Mar2026 09:59:18.075] [modloading-worker-0/DEBUG] [com.tterrag.registrate.AbstractRegistrate/REGISTRATE.REGISTER]: Captured registration for entry fruitsdelight:persimmon_sapling of type minecraft:block
[10Mar2026 09:59:18.075] [modloading-worker-0/DEBUG] [com.tterrag.registrate.AbstractRegistrate/REGISTRATE.REGISTER]: Captured registration for entry fruitsdelight:potted_persimmon_sapling of type minecraft:block
[10Mar2026 09:59:18.075] [modloading-worker-0/DEBUG] [com.tterrag.registrate.AbstractRegistrate/REGISTRATE.REGISTER]: Captured registration for entry fruitsdelight:persimmon of type minecraft:item
[10Mar2026 09:59:18.075] [modloading-worker-0/DEBUG] [com.tterrag.registrate.AbstractRegistrate/REGISTRATE.REGISTER]: Captured registration for entry fruitsdelight:peach_leaves of type minecraft:item
[10Mar2026 09:59:18.078] [modloading-worker-0/DEBUG] [com.tterrag.registrate.AbstractRegistrate/REGISTRATE.REGISTER]: Captured registration for entry fruitsdelight:peach_leaves of type minecraft:block
[10Mar2026 09:59:18.078] [modloading-worker-0/DEBUG] [com.tterrag.registrate.AbstractRegistrate/REGISTRATE.REGISTER]: Captured registration for entry fruitsdelight:peach_sapling of type minecraft:item
[10Mar2026 09:59:18.079] [modloading-worker-0/DEBUG] [com.tterrag.registrate.AbstractRegistrate/REGISTRATE.REGISTER]: Captured registration for entry fruitsdelight:peach_sapling of type minecraft:block
[10Mar2026 09:59:18.079] [modloading-worker-0/DEBUG] [com.tterrag.registrate.AbstractRegistrate/REGISTRATE.REGISTER]: Captured registration for entry fruitsdelight:potted_peach_sapling of type minecraft:block
[10Mar2026 09:59:18.079] [modloading-worker-0/DEBUG] [com.tterrag.registrate.AbstractRegistrate/REGISTRATE.REGISTER]: Captured registration for entry fruitsdelight:peach of type minecraft:item
[10Mar2026 09:59:18.079] [modloading-worker-0/DEBUG] [com.tterrag.registrate.AbstractRegistrate/REGISTRATE.REGISTER]: Captured registration for entry fruitsdelight:orange_leaves of type minecraft:item
[10Mar2026 09:59:18.079] [modloading-worker-0/DEBUG] [com.tterrag.registrate.AbstractRegistrate/REGISTRATE.REGISTER]: Captured registration for entry fruitsdelight:orange_leaves of type minecraft:block
[10Mar2026 09:59:18.079] [modloading-worker-0/DEBUG] [com.tterrag.registrate.AbstractRegistrate/REGISTRATE.REGISTER]: Captured registration for entry fruitsdelight:orange_sapling of type minecraft:item
[10Mar2026 09:59:18.079] [modloading-worker-0/DEBUG] [com.tterrag.registrate.AbstractRegistrate/REGISTRATE.REGISTER]: Captured registration for entry fruitsdelight:orange_sapling of type minecraft:block
[10Mar2026 09:59:18.080] [modloading-worker-0/DEBUG] [com.tterrag.registrate.AbstractRegistrate/REGISTRATE.REGISTER]: Captured registration for entry fruitsdelight:potted_orange_sapling of type minecraft:block
[10Mar2026 09:59:18.080] [modloading-worker-0/DEBUG] [com.tterrag.registrate.AbstractRegistrate/REGISTRATE.REGISTER]: Captured registration for entry fruitsdelight:orange of type minecraft:item
[10Mar2026 09:59:18.080] [modloading-worker-0/DEBUG] [com.tterrag.registrate.AbstractRegistrate/REGISTRATE.REGISTER]: Captured registration for entry fruitsdelight:apple_leaves of type minecraft:item
[10Mar2026 09:59:18.080] [modloading-worker-0/DEBUG] [com.tterrag.registrate.AbstractRegistrate/REGISTRATE.REGISTER]: Captured registration for entry fruitsdelight:apple_leaves of type minecraft:block
[10Mar2026 09:59:18.080] [modloading-worker-0/DEBUG] [com.tterrag.registrate.AbstractRegistrate/REGISTRATE.REGISTER]: Captured registration for entry fruitsdelight:apple_sapling of type minecraft:item
[10Mar2026 09:59:18.080] [modloading-worker-0/DEBUG] [com.tterrag.registrate.AbstractRegistrate/REGISTRATE.REGISTER]: Captured registration for entry fruitsdelight:apple_sapling of type minecraft:block
[10Mar2026 09:59:18.081] [modloading-worker-0/DEBUG] [com.tterrag.registrate.AbstractRegistrate/REGISTRATE.REGISTER]: Captured registration for entry fruitsdelight:potted_apple_sapling of type minecraft:block
[10Mar2026 09:59:18.082] [modloading-worker-0/DEBUG] [net.minecraftforge.fml.javafmlmod.AutomaticEventSubscriber/LOADING]: Attempting to inject @EventBusSubscriber classes into the eventbus for forge
[10Mar2026 09:59:18.082] [modloading-worker-0/DEBUG] [net.minecraftforge.fml.javafmlmod.AutomaticEventSubscriber/LOADING]: Auto-subscribing net.minecraftforge.common.ForgeSpawnEggItem$CommonHandler to MOD
[10Mar2026 09:59:18.082] [modloading-worker-0/DEBUG] [com.tterrag.registrate.AbstractRegistrate/REGISTRATE.REGISTER]: Captured registration for entry fruitsdelight:mangosteen_leaves of type minecraft:item
[10Mar2026 09:59:18.082] [modloading-worker-0/DEBUG] [com.tterrag.registrate.AbstractRegistrate/REGISTRATE.REGISTER]: Captured registration for entry fruitsdelight:mangosteen_leaves of type minecraft:block
[10Mar2026 09:59:18.083] [modloading-worker-0/DEBUG] [com.tterrag.registrate.AbstractRegistrate/REGISTRATE.REGISTER]: Captured registration for entry fruitsdelight:mangosteen_sapling of type minecraft:item
[10Mar2026 09:59:18.083] [modloading-worker-0/DEBUG] [com.tterrag.registrate.AbstractRegistrate/REGISTRATE.REGISTER]: Captured registration for entry fruitsdelight:mangosteen_sapling of type minecraft:block
[10Mar2026 09:59:18.083] [modloading-worker-0/DEBUG] [com.tterrag.registrate.AbstractRegistrate/REGISTRATE.REGISTER]: Captured registration for entry fruitsdelight:potted_mangosteen_sapling of type minecraft:block
[10Mar2026 09:59:18.083] [modloading-worker-0/DEBUG] [com.tterrag.registrate.AbstractRegistrate/REGISTRATE.REGISTER]: Captured registration for entry fruitsdelight:mangosteen of type minecraft:item
[10Mar2026 09:59:18.083] [modloading-worker-0/DEBUG] [com.tterrag.registrate.AbstractRegistrate/REGISTRATE.REGISTER]: Captured registration for entry fruitsdelight:bayberry_leaves of type minecraft:item
[10Mar2026 09:59:18.083] [modloading-worker-0/DEBUG] [com.tterrag.registrate.AbstractRegistrate/REGISTRATE.REGISTER]: Captured registration for entry fruitsdelight:bayberry_leaves of type minecraft:block
[10Mar2026 09:59:18.083] [modloading-worker-0/DEBUG] [com.tterrag.registrate.AbstractRegistrate/REGISTRATE.REGISTER]: Captured registration for entry fruitsdelight:bayberry_sapling of type minecraft:item
[10Mar2026 09:59:18.084] [modloading-worker-0/DEBUG] [com.tterrag.registrate.AbstractRegistrate/REGISTRATE.REGISTER]: Captured registration for entry fruitsdelight:bayberry_sapling of type minecraft:block
[10Mar2026 09:59:18.084] [modloading-worker-0/DEBUG] [com.tterrag.registrate.AbstractRegistrate/REGISTRATE.REGISTER]: Captured registration for entry fruitsdelight:potted_bayberry_sapling of type minecraft:block
[10Mar2026 09:59:18.084] [modloading-worker-0/DEBUG] [com.tterrag.registrate.AbstractRegistrate/REGISTRATE.REGISTER]: Captured registration for entry fruitsdelight:bayberry of type minecraft:item
[10Mar2026 09:59:18.084] [modloading-worker-0/DEBUG] [com.tterrag.registrate.AbstractRegistrate/REGISTRATE.REGISTER]: Captured registration for entry fruitsdelight:kiwi_leaves of type minecraft:item
[10Mar2026 09:59:18.085] [modloading-worker-0/DEBUG] [com.tterrag.registrate.AbstractRegistrate/REGISTRATE.REGISTER]: Captured registration for entry fruitsdelight:kiwi_leaves of type minecraft:block
[10Mar2026 09:59:18.085] [modloading-worker-0/DEBUG] [com.tterrag.registrate.AbstractRegistrate/REGISTRATE.REGISTER]: Captured registration for entry fruitsdelight:kiwi_sapling of type minecraft:item
[10Mar2026 09:59:18.085] [modloading-worker-0/DEBUG] [com.tterrag.registrate.AbstractRegistrate/REGISTRATE.REGISTER]: Captured registration for entry fruitsdelight:kiwi_sapling of type minecraft:block
[10Mar2026 09:59:18.085] [modloading-worker-0/DEBUG] [com.tterrag.registrate.AbstractRegistrate/REGISTRATE.REGISTER]: Captured registration for entry fruitsdelight:potted_kiwi_sapling of type minecraft:block
[10Mar2026 09:59:18.085] [modloading-worker-0/DEBUG] [com.tterrag.registrate.AbstractRegistrate/REGISTRATE.REGISTER]: Captured registration for entry fruitsdelight:kiwi of type minecraft:item
[10Mar2026 09:59:18.086] [modloading-worker-0/DEBUG] [com.tterrag.registrate.AbstractRegistrate/REGISTRATE.REGISTER]: Captured registration for entry fruitsdelight:fig_leaves of type minecraft:item
[10Mar2026 09:59:18.086] [modloading-worker-0/DEBUG] [com.tterrag.registrate.AbstractRegistrate/REGISTRATE.REGISTER]: Captured registration for entry fruitsdelight:fig_leaves of type minecraft:block
[10Mar2026 09:59:18.086] [modloading-worker-0/DEBUG] [com.tterrag.registrate.AbstractRegistrate/REGISTRATE.REGISTER]: Captured registration for entry fruitsdelight:fig_sapling of type minecraft:item
[10Mar2026 09:59:18.086] [modloading-worker-0/DEBUG] [com.tterrag.registrate.AbstractRegistrate/REGISTRATE.REGISTER]: Captured registration for entry fruitsdelight:fig_sapling of type minecraft:block
[10Mar2026 09:59:18.086] [modloading-worker-0/DEBUG] [com.tterrag.registrate.AbstractRegistrate/REGISTRATE.REGISTER]: Captured registration for entry fruitsdelight:potted_fig_sapling of type minecraft:block
[10Mar2026 09:59:18.086] [modloading-worker-0/DEBUG] [com.tterrag.registrate.AbstractRegistrate/REGISTRATE.REGISTER]: Captured registration for entry fruitsdelight:fig of type minecraft:item
[10Mar2026 09:59:18.091] [modloading-worker-0/DEBUG] [com.tterrag.registrate.AbstractRegistrate/REGISTRATE.REGISTER]: Captured registration for entry fruitsdelight:durian_leaves of type minecraft:item
[10Mar2026 09:59:18.091] [modloading-worker-0/DEBUG] [com.tterrag.registrate.AbstractRegistrate/REGISTRATE.REGISTER]: Captured registration for entry fruitsdelight:durian_leaves of type minecraft:block
[10Mar2026 09:59:18.095] [modloading-worker-0/DEBUG] [com.tterrag.registrate.AbstractRegistrate/REGISTRATE.REGISTER]: Captured registration for entry fruitsdelight:durian_sapling of type minecraft:item
[10Mar2026 09:59:18.095] [modloading-worker-0/DEBUG] [com.tterrag.registrate.AbstractRegistrate/REGISTRATE.REGISTER]: Captured registration for entry fruitsdelight:durian_sapling of type minecraft:block
[10Mar2026 09:59:18.095] [modloading-worker-0/DEBUG] [com.tterrag.registrate.AbstractRegistrate/REGISTRATE.REGISTER]: Captured registration for entry fruitsdelight:potted_durian_sapling of type minecraft:block
[10Mar2026 09:59:18.096] [modloading-worker-0/DEBUG] [com.tterrag.registrate.AbstractRegistrate/REGISTRATE.REGISTER]: Captured registration for entry fruitsdelight:durian of type minecraft:item
[10Mar2026 09:59:18.096] [modloading-worker-0/DEBUG] [com.tterrag.registrate.AbstractRegistrate/REGISTRATE.REGISTER]: Captured registration for entry fruitsdelight:durian of type minecraft:block
[10Mar2026 09:59:18.097] [modloading-worker-0/DEBUG] [com.tterrag.registrate.AbstractRegistrate/REGISTRATE.REGISTER]: Captured registration for entry fruitsdelight:durian_helmet of type minecraft:item
[10Mar2026 09:59:18.098] [modloading-worker-0/DEBUG] [com.tterrag.registrate.AbstractRegistrate/REGISTRATE.REGISTER]: Captured registration for entry fruitsdelight:durian_shell of type minecraft:item
[10Mar2026 09:59:18.103] [modloading-worker-0/DEBUG] [com.tterrag.registrate.AbstractRegistrate/REGISTRATE.REGISTER]: Captured registration for entry fruitsdelight:blueberry_bush of type minecraft:item
[10Mar2026 09:59:18.103] [modloading-worker-0/DEBUG] [com.tterrag.registrate.AbstractRegistrate/REGISTRATE.REGISTER]: Captured registration for entry fruitsdelight:blueberry_bush of type minecraft:block
[10Mar2026 09:59:18.105] [modloading-worker-0/DEBUG] [com.tterrag.registrate.AbstractRegistrate/REGISTRATE.REGISTER]: Captured registration for entry fruitsdelight:blueberry of type minecraft:item
[10Mar2026 09:59:18.109] [modloading-worker-0/DEBUG] [com.tterrag.registrate.AbstractRegistrate/REGISTRATE.REGISTER]: Captured registration for entry fruitsdelight:lemon_tree of type minecraft:item
[10Mar2026 09:59:18.110] [modloading-worker-0/DEBUG] [com.tterrag.registrate.AbstractRegistrate/REGISTRATE.REGISTER]: Captured registration for entry fruitsdelight:lemon_tree of type minecraft:block
[10Mar2026 09:59:18.111] [modloading-worker-0/DEBUG] [com.tterrag.registrate.AbstractRegistrate/REGISTRATE.REGISTER]: Captured registration for entry fruitsdelight:lemon of type minecraft:item
[10Mar2026 09:59:18.115] [modloading-worker-0/DEBUG] [com.tterrag.registrate.AbstractRegistrate/REGISTRATE.REGISTER]: Captured registration for entry fruitsdelight:lemon_seeds of type minecraft:item
[10Mar2026 09:59:18.115] [modloading-worker-0/DEBUG] [com.tterrag.registrate.AbstractRegistrate/REGISTRATE.REGISTER]: Captured registration for entry fruitsdelight:cranberry_bush of type minecraft:block
[10Mar2026 09:59:18.115] [modloading-worker-0/DEBUG] [com.tterrag.registrate.AbstractRegistrate/REGISTRATE.REGISTER]: Captured registration for entry fruitsdelight:cranberry of type minecraft:item
[10Mar2026 09:59:18.116] [modloading-worker-0/DEBUG] [com.tterrag.registrate.AbstractRegistrate/REGISTRATE.REGISTER]: Captured registration for entry fruitsdelight:hamimelon of type minecraft:item
[10Mar2026 09:59:18.116] [modloading-worker-0/DEBUG] [com.tterrag.registrate.AbstractRegistrate/REGISTRATE.REGISTER]: Captured registration for entry fruitsdelight:hamimelon of type minecraft:block
[10Mar2026 09:59:18.117] [modloading-worker-0/DEBUG] [com.tterrag.registrate.AbstractRegistrate/REGISTRATE.REGISTER]: Captured registration for entry fruitsdelight:hamimelon_stem of type minecraft:block
[10Mar2026 09:59:18.118] [modloading-worker-0/DEBUG] [com.tterrag.registrate.AbstractRegistrate/REGISTRATE.REGISTER]: Captured registration for entry fruitsdelight:attached_hamimelon_stem of type minecraft:block
[10Mar2026 09:59:18.121] [modloading-worker-0/DEBUG] [com.tterrag.registrate.AbstractRegistrate/REGISTRATE.REGISTER]: Captured registration for entry fruitsdelight:hamimelon_slice of type minecraft:item
[10Mar2026 09:59:18.121] [modloading-worker-0/DEBUG] [com.tterrag.registrate.AbstractRegistrate/REGISTRATE.REGISTER]: Captured registration for entry fruitsdelight:hamimelon_seeds of type minecraft:item
[10Mar2026 09:59:18.122] [modloading-worker-0/DEBUG] [com.tterrag.registrate.AbstractRegistrate/REGISTRATE.REGISTER]: Captured registration for entry fruitsdelight:pineapple of type minecraft:block
[10Mar2026 09:59:18.122] [modloading-worker-0/DEBUG] [com.tterrag.registrate.AbstractRegistrate/REGISTRATE.REGISTER]: Captured registration for entry fruitsdelight:wild_pineapple of type minecraft:item
[10Mar2026 09:59:18.122] [modloading-worker-0/DEBUG] [com.tterrag.registrate.AbstractRegistrate/REGISTRATE.REGISTER]: Captured registration for entry fruitsdelight:wild_pineapple of type minecraft:block
[10Mar2026 09:59:18.123] [modloading-worker-0/DEBUG] [com.tterrag.registrate.AbstractRegistrate/REGISTRATE.REGISTER]: Captured registration for entry fruitsdelight:pineapple of type minecraft:item
[10Mar2026 09:59:18.124] [modloading-worker-0/DEBUG] [com.tterrag.registrate.AbstractRegistrate/REGISTRATE.REGISTER]: Captured registration for entry fruitsdelight:pineapple_slice of type minecraft:item
[10Mar2026 09:59:18.125] [modloading-worker-0/DEBUG] [com.tterrag.registrate.AbstractRegistrate/REGISTRATE.REGISTER]: Captured registration for entry fruitsdelight:pineapple_sapling of type minecraft:item
[10Mar2026 09:59:18.143] [modloading-worker-0/DEBUG] [com.tterrag.registrate.AbstractRegistrate/REGISTRATE.REGISTER]: Captured registration for entry fruitsdelight:astringent of type minecraft:mob_effect
[10Mar2026 09:59:18.144] [modloading-worker-0/DEBUG] [com.tterrag.registrate.AbstractRegistrate/REGISTRATE.REGISTER]: Captured registration for entry fruitsdelight:sliding of type minecraft:mob_effect
[10Mar2026 09:59:18.144] [modloading-worker-0/DEBUG] [com.tterrag.registrate.AbstractRegistrate/REGISTRATE.REGISTER]: Captured registration for entry fruitsdelight:shrinking of type minecraft:mob_effect
[10Mar2026 09:59:18.145] [modloading-worker-0/DEBUG] [com.tterrag.registrate.AbstractRegistrate/REGISTRATE.REGISTER]: Captured registration for entry fruitsdelight:lozenge of type minecraft:mob_effect
[10Mar2026 09:59:18.145] [modloading-worker-0/DEBUG] [com.tterrag.registrate.AbstractRegistrate/REGISTRATE.REGISTER]: Captured registration for entry fruitsdelight:appetizing of type minecraft:mob_effect
[10Mar2026 09:59:18.150] [modloading-worker-0/DEBUG] [com.tterrag.registrate.AbstractRegistrate/REGISTRATE.REGISTER]: Captured registration for entry fruitsdelight:rage_aura of type minecraft:mob_effect
[10Mar2026 09:59:18.151] [modloading-worker-0/DEBUG] [com.tterrag.registrate.AbstractRegistrate/REGISTRATE.REGISTER]: Captured registration for entry fruitsdelight:heal_aura of type minecraft:mob_effect
[10Mar2026 09:59:18.152] [modloading-worker-0/DEBUG] [com.tterrag.registrate.AbstractRegistrate/REGISTRATE.REGISTER]: Captured registration for entry fruitsdelight:refreshing of type minecraft:mob_effect
[10Mar2026 09:59:18.155] [modloading-worker-0/DEBUG] [com.tterrag.registrate.AbstractRegistrate/REGISTRATE.REGISTER]: Captured registration for entry fruitsdelight:sweetening of type minecraft:mob_effect
[10Mar2026 09:59:18.156] [modloading-worker-0/DEBUG] [com.tterrag.registrate.AbstractRegistrate/REGISTRATE.REGISTER]: Captured registration for entry fruitsdelight:brightening of type minecraft:mob_effect
[10Mar2026 09:59:18.156] [modloading-worker-0/DEBUG] [com.tterrag.registrate.AbstractRegistrate/REGISTRATE.REGISTER]: Captured registration for entry fruitsdelight:recovering of type minecraft:mob_effect
[10Mar2026 09:59:18.157] [modloading-worker-0/DEBUG] [com.tterrag.registrate.AbstractRegistrate/REGISTRATE.REGISTER]: Captured registration for entry fruitsdelight:chorus of type minecraft:mob_effect
[10Mar2026 09:59:18.157] [modloading-worker-0/DEBUG] [com.tterrag.registrate.AbstractRegistrate/REGISTRATE.REGISTER]: Captured registration for entry fruitsdelight:digesting of type minecraft:mob_effect
[10Mar2026 09:59:18.157] [modloading-worker-0/DEBUG] [com.tterrag.registrate.AbstractRegistrate/REGISTRATE.REGISTER]: Captured registration for entry fruitsdelight:leaf_piercing of type minecraft:mob_effect
[10Mar2026 09:59:18.158] [modloading-worker-0/DEBUG] [com.tterrag.registrate.AbstractRegistrate/REGISTRATE.REGISTER]: Captured registration for entry fruitsdelight:cycling of type minecraft:mob_effect
[10Mar2026 09:59:18.161] [modloading-worker-0/DEBUG] [com.tterrag.registrate.AbstractRegistrate/REGISTRATE.REGISTER]: Captured registration for entry fruitsdelight:disgusted of type minecraft:mob_effect
[10Mar2026 09:59:18.162] [modloading-worker-0/DEBUG] [net.minecraftforge.fml.javafmlmod.AutomaticEventSubscriber/LOADING]: Attempting to inject @EventBusSubscriber classes into the eventbus for framework
[10Mar2026 09:59:18.162] [modloading-worker-0/DEBUG] [com.tterrag.registrate.AbstractRegistrate/REGISTRATE.REGISTER]: Captured registration for entry fruitsdelight:alienating of type minecraft:mob_effect
[10Mar2026 09:59:18.163] [modloading-worker-0/DEBUG] [net.minecraftforge.fml.javafmlmod.AutomaticEventSubscriber/LOADING]: Auto-subscribing com.mrcrayfish.framework.entity.sync.ForgeSyncedEntityDataHandler to FORGE
[10Mar2026 09:59:18.163] [modloading-worker-0/DEBUG] [com.tterrag.registrate.AbstractRegistrate/REGISTRATE.REGISTER]: Captured registration for entry fruitsdelight:suspicious_smell of type minecraft:mob_effect
[10Mar2026 09:59:18.179] [modloading-worker-0/DEBUG] [net.minecraftforge.fml.javafmlmod.AutomaticEventSubscriber/LOADING]: Attempting to inject @EventBusSubscriber classes into the eventbus for enemyexpansion
[10Mar2026 09:59:18.180] [modloading-worker-0/DEBUG] [net.minecraftforge.fml.javafmlmod.AutomaticEventSubscriber/LOADING]: Auto-subscribing net.mcreator.enemyexpansion.recipes.brewing.ScorpionTailPotionBrewingRecipe to MOD
[10Mar2026 09:59:18.181] [modloading-worker-0/DEBUG] [net.minecraftforge.fml.javafmlmod.AutomaticEventSubscriber/LOADING]: Auto-subscribing net.mcreator.enemyexpansion.recipes.brewing.NightVisionPotionBrewingRecipe to MOD
[10Mar2026 09:59:18.182] [modloading-worker-0/DEBUG] [com.tterrag.registrate.AbstractRegistrate/REGISTRATE.REGISTER]: Captured registration for entry fruitsdelight:apple_jelly of type minecraft:item
[10Mar2026 09:59:18.182] [modloading-worker-0/DEBUG] [com.tterrag.registrate.AbstractRegistrate/REGISTRATE.REGISTER]: Captured registration for entry fruitsdelight:apple_jelly of type minecraft:block
[10Mar2026 09:59:18.182] [modloading-worker-0/DEBUG] [net.minecraftforge.fml.javafmlmod.AutomaticEventSubscriber/LOADING]: Auto-subscribing net.mcreator.enemyexpansion.recipes.brewing.HealingEyePotionRecipeBrewingRecipe to MOD
[10Mar2026 09:59:18.183] [modloading-worker-0/DEBUG] [com.tterrag.registrate.AbstractRegistrate/REGISTRATE.REGISTER]: Captured registration for entry fruitsdelight:blueberry_jelly of type minecraft:item
[10Mar2026 09:59:18.183] [modloading-worker-0/DEBUG] [com.tterrag.registrate.AbstractRegistrate/REGISTRATE.REGISTER]: Captured registration for entry fruitsdelight:blueberry_jelly of type minecraft:block
[10Mar2026 09:59:18.183] [modloading-worker-0/DEBUG] [com.tterrag.registrate.AbstractRegistrate/REGISTRATE.REGISTER]: Captured registration for entry fruitsdelight:glowberry_jelly of type minecraft:item
[10Mar2026 09:59:18.183] [modloading-worker-0/DEBUG] [net.minecraftforge.fml.javafmlmod.AutomaticEventSubscriber/LOADING]: Auto-subscribing net.mcreator.enemyexpansion.procedures.WaspHostileSetProcedure to FORGE
[10Mar2026 09:59:18.183] [modloading-worker-0/DEBUG] [com.tterrag.registrate.AbstractRegistrate/REGISTRATE.REGISTER]: Captured registration for entry fruitsdelight:glowberry_jelly of type minecraft:block
[10Mar2026 09:59:18.184] [modloading-worker-0/DEBUG] [com.tterrag.registrate.AbstractRegistrate/REGISTRATE.REGISTER]: Captured registration for entry fruitsdelight:hamimelon_jelly of type minecraft:item
[10Mar2026 09:59:18.184] [modloading-worker-0/DEBUG] [com.tterrag.registrate.AbstractRegistrate/REGISTRATE.REGISTER]: Captured registration for entry fruitsdelight:hamimelon_jelly of type minecraft:block
[10Mar2026 09:59:18.184] [modloading-worker-0/DEBUG] [com.tterrag.registrate.AbstractRegistrate/REGISTRATE.REGISTER]: Captured registration for entry fruitsdelight:melon_jelly of type minecraft:item
[10Mar2026 09:59:18.184] [modloading-worker-0/DEBUG] [com.tterrag.registrate.AbstractRegistrate/REGISTRATE.REGISTER]: Captured registration for entry fruitsdelight:melon_jelly of type minecraft:block
[10Mar2026 09:59:18.185] [modloading-worker-0/DEBUG] [com.tterrag.registrate.AbstractRegistrate/REGISTRATE.REGISTER]: Captured registration for entry fruitsdelight:hawberry_jelly of type minecraft:item
[10Mar2026 09:59:18.185] [modloading-worker-0/DEBUG] [com.tterrag.registrate.AbstractRegistrate/REGISTRATE.REGISTER]: Captured registration for entry fruitsdelight:hawberry_jelly of type minecraft:block
[10Mar2026 09:59:18.185] [modloading-worker-0/DEBUG] [com.tterrag.registrate.AbstractRegistrate/REGISTRATE.REGISTER]: Captured registration for entry fruitsdelight:lychee_jelly of type minecraft:item
[10Mar2026 09:59:18.185] [modloading-worker-0/DEBUG] [com.tterrag.registrate.AbstractRegistrate/REGISTRATE.REGISTER]: Captured registration for entry fruitsdelight:lychee_jelly of type minecraft:block
[10Mar2026 09:59:18.186] [modloading-worker-0/DEBUG] [com.tterrag.registrate.AbstractRegistrate/REGISTRATE.REGISTER]: Captured registration for entry fruitsdelight:mango_jelly of type minecraft:item
[10Mar2026 09:59:18.186] [modloading-worker-0/DEBUG] [com.tterrag.registrate.AbstractRegistrate/REGISTRATE.REGISTER]: Captured registration for entry fruitsdelight:mango_jelly of type minecraft:block
[10Mar2026 09:59:18.186] [modloading-worker-0/DEBUG] [com.tterrag.registrate.AbstractRegistrate/REGISTRATE.REGISTER]: Captured registration for entry fruitsdelight:orange_jelly of type minecraft:item
[10Mar2026 09:59:18.186] [modloading-worker-0/DEBUG] [com.tterrag.registrate.AbstractRegistrate/REGISTRATE.REGISTER]: Captured registration for entry fruitsdelight:orange_jelly of type minecraft:block
[10Mar2026 09:59:18.186] [modloading-worker-0/DEBUG] [com.tterrag.registrate.AbstractRegistrate/REGISTRATE.REGISTER]: Captured registration for entry fruitsdelight:peach_jelly of type minecraft:item
[10Mar2026 09:59:18.186] [modloading-worker-0/DEBUG] [com.tterrag.registrate.AbstractRegistrate/REGISTRATE.REGISTER]: Captured registration for entry fruitsdelight:peach_jelly of type minecraft:block
[10Mar2026 09:59:18.186] [modloading-worker-0/DEBUG] [com.tterrag.registrate.AbstractRegistrate/REGISTRATE.REGISTER]: Captured registration for entry fruitsdelight:pear_jelly of type minecraft:item
[10Mar2026 09:59:18.187] [modloading-worker-0/DEBUG] [com.tterrag.registrate.AbstractRegistrate/REGISTRATE.REGISTER]: Captured registration for entry fruitsdelight:pear_jelly of type minecraft:block
[10Mar2026 09:59:18.187] [modloading-worker-0/DEBUG] [com.tterrag.registrate.AbstractRegistrate/REGISTRATE.REGISTER]: Captured registration for entry fruitsdelight:persimmon_jelly of type minecraft:item
[10Mar2026 09:59:18.187] [modloading-worker-0/DEBUG] [com.tterrag.registrate.AbstractRegistrate/REGISTRATE.REGISTER]: Captured registration for entry fruitsdelight:persimmon_jelly of type minecraft:block
[10Mar2026 09:59:18.187] [modloading-worker-0/DEBUG] [com.tterrag.registrate.AbstractRegistrate/REGISTRATE.REGISTER]: Captured registration for entry fruitsdelight:pineapple_jelly of type minecraft:item
[10Mar2026 09:59:18.187] [modloading-worker-0/DEBUG] [com.tterrag.registrate.AbstractRegistrate/REGISTRATE.REGISTER]: Captured registration for entry fruitsdelight:pineapple_jelly of type minecraft:block
[10Mar2026 09:59:18.187] [modloading-worker-0/DEBUG] [com.tterrag.registrate.AbstractRegistrate/REGISTRATE.REGISTER]: Captured registration for entry fruitsdelight:lemon_jelly of type minecraft:item
[10Mar2026 09:59:18.187] [modloading-worker-0/DEBUG] [com.tterrag.registrate.AbstractRegistrate/REGISTRATE.REGISTER]: Captured registration for entry fruitsdelight:lemon_jelly of type minecraft:block
[10Mar2026 09:59:18.188] [modloading-worker-0/DEBUG] [com.tterrag.registrate.AbstractRegistrate/REGISTRATE.REGISTER]: Captured registration for entry fruitsdelight:cranberry_jelly of type minecraft:item
[10Mar2026 09:59:18.188] [modloading-worker-0/DEBUG] [com.tterrag.registrate.AbstractRegistrate/REGISTRATE.REGISTER]: Captured registration for entry fruitsdelight:cranberry_jelly of type minecraft:block
[10Mar2026 09:59:18.188] [modloading-worker-0/DEBUG] [com.tterrag.registrate.AbstractRegistrate/REGISTRATE.REGISTER]: Captured registration for entry fruitsdelight:mangosteen_jelly of type minecraft:item
[10Mar2026 09:59:18.188] [modloading-worker-0/DEBUG] [com.tterrag.registrate.AbstractRegistrate/REGISTRATE.REGISTER]: Captured registration for entry fruitsdelight:mangosteen_jelly of type minecraft:block
[10Mar2026 09:59:18.188] [modloading-worker-0/DEBUG] [com.tterrag.registrate.AbstractRegistrate/REGISTRATE.REGISTER]: Captured registration for entry fruitsdelight:sweetberry_jelly of type minecraft:item
[10Mar2026 09:59:18.186] [modloading-worker-0/DEBUG] [net.minecraftforge.fml.javafmlmod.AutomaticEventSubscriber/LOADING]: Auto-subscribing net.mcreator.enemyexpansion.procedures.VampireSpawnProcedure to FORGE
[10Mar2026 09:59:18.188] [modloading-worker-0/DEBUG] [com.tterrag.registrate.AbstractRegistrate/REGISTRATE.REGISTER]: Captured registration for entry fruitsdelight:sweetberry_jelly of type minecraft:block
[10Mar2026 09:59:18.188] [modloading-worker-0/DEBUG] [com.tterrag.registrate.AbstractRegistrate/REGISTRATE.REGISTER]: Captured registration for entry fruitsdelight:chorus_jelly of type minecraft:item
[10Mar2026 09:59:18.189] [modloading-worker-0/DEBUG] [com.tterrag.registrate.AbstractRegistrate/REGISTRATE.REGISTER]: Captured registration for entry fruitsdelight:chorus_jelly of type minecraft:block
[10Mar2026 09:59:18.189] [modloading-worker-0/DEBUG] [com.tterrag.registrate.AbstractRegistrate/REGISTRATE.REGISTER]: Captured registration for entry fruitsdelight:bayberry_jelly of type minecraft:item
[10Mar2026 09:59:18.189] [modloading-worker-0/DEBUG] [com.tterrag.registrate.AbstractRegistrate/REGISTRATE.REGISTER]: Captured registration for entry fruitsdelight:bayberry_jelly of type minecraft:block
[10Mar2026 09:59:18.189] [modloading-worker-0/DEBUG] [com.tterrag.registrate.AbstractRegistrate/REGISTRATE.REGISTER]: Captured registration for entry fruitsdelight:kiwi_jelly of type minecraft:item
[10Mar2026 09:59:18.189] [modloading-worker-0/DEBUG] [com.tterrag.registrate.AbstractRegistrate/REGISTRATE.REGISTER]: Captured registration for entry fruitsdelight:kiwi_jelly of type minecraft:block
[10Mar2026 09:59:18.189] [modloading-worker-0/DEBUG] [com.tterrag.registrate.AbstractRegistrate/REGISTRATE.REGISTER]: Captured registration for entry fruitsdelight:fig_jelly of type minecraft:item
[10Mar2026 09:59:18.189] [modloading-worker-0/DEBUG] [com.tterrag.registrate.AbstractRegistrate/REGISTRATE.REGISTER]: Captured registration for entry fruitsdelight:fig_jelly of type minecraft:block
[10Mar2026 09:59:18.189] [modloading-worker-0/DEBUG] [com.tterrag.registrate.AbstractRegistrate/REGISTRATE.REGISTER]: Captured registration for entry fruitsdelight:durian_jelly of type minecraft:item
[10Mar2026 09:59:18.190] [modloading-worker-0/DEBUG] [com.tterrag.registrate.AbstractRegistrate/REGISTRATE.REGISTER]: Captured registration for entry fruitsdelight:durian_jelly of type minecraft:block
[10Mar2026 09:59:18.190] [modloading-worker-0/DEBUG] [net.minecraftforge.fml.javafmlmod.AutomaticEventSubscriber/LOADING]: Auto-subscribing net.mcreator.enemyexpansion.procedures.VampireAttackProcedure to FORGE
[10Mar2026 09:59:18.190] [modloading-worker-0/DEBUG] [com.tterrag.registrate.AbstractRegistrate/REGISTRATE.REGISTER]: Captured registration for entry fruitsdelight:apple_jello of type minecraft:item
[10Mar2026 09:59:18.190] [modloading-worker-0/DEBUG] [com.tterrag.registrate.AbstractRegistrate/REGISTRATE.REGISTER]: Captured registration for entry fruitsdelight:blueberry_jello of type minecraft:item
[10Mar2026 09:59:18.191] [modloading-worker-0/DEBUG] [com.tterrag.registrate.AbstractRegistrate/REGISTRATE.REGISTER]: Captured registration for entry fruitsdelight:glowberry_jello of type minecraft:item
[10Mar2026 09:59:18.191] [modloading-worker-0/DEBUG] [com.tterrag.registrate.AbstractRegistrate/REGISTRATE.REGISTER]: Captured registration for entry fruitsdelight:hamimelon_jello of type minecraft:item
[10Mar2026 09:59:18.191] [modloading-worker-0/DEBUG] [com.tterrag.registrate.AbstractRegistrate/REGISTRATE.REGISTER]: Captured registration for entry fruitsdelight:melon_jello of type minecraft:item
[10Mar2026 09:59:18.191] [modloading-worker-0/DEBUG] [net.minecraftforge.fml.javafmlmod.AutomaticEventSubscriber/LOADING]: Auto-subscribing net.mcreator.enemyexpansion.procedures.SpawnsFliesOnDeathProcedure to FORGE
[10Mar2026 09:59:18.191] [modloading-worker-0/DEBUG] [com.tterrag.registrate.AbstractRegistrate/REGISTRATE.REGISTER]: Captured registration for entry fruitsdelight:hawberry_jello of type minecraft:item
[10Mar2026 09:59:18.191] [modloading-worker-0/DEBUG] [com.tterrag.registrate.AbstractRegistrate/REGISTRATE.REGISTER]: Captured registration for entry fruitsdelight:lychee_jello of type minecraft:item
[10Mar2026 09:59:18.191] [modloading-worker-0/DEBUG] [com.tterrag.registrate.AbstractRegistrate/REGISTRATE.REGISTER]: Captured registration for entry fruitsdelight:mango_jello of type minecraft:item
[10Mar2026 09:59:18.192] [modloading-worker-0/DEBUG] [com.tterrag.registrate.AbstractRegistrate/REGISTRATE.REGISTER]: Captured registration for entry fruitsdelight:orange_jello of type minecraft:item
[10Mar2026 09:59:18.192] [modloading-worker-0/DEBUG] [com.tterrag.registrate.AbstractRegistrate/REGISTRATE.REGISTER]: Captured registration for entry fruitsdelight:peach_jello of type minecraft:item
[10Mar2026 09:59:18.192] [modloading-worker-0/DEBUG] [com.tterrag.registrate.AbstractRegistrate/REGISTRATE.REGISTER]: Captured registration for entry fruitsdelight:pear_jello of type minecraft:item
[10Mar2026 09:59:18.193] [modloading-worker-0/DEBUG] [com.tterrag.registrate.AbstractRegistrate/REGISTRATE.REGISTER]: Captured registration for entry fruitsdelight:persimmon_jello of type minecraft:item
[10Mar2026 09:59:18.193] [modloading-worker-0/DEBUG] [com.tterrag.registrate.AbstractRegistrate/REGISTRATE.REGISTER]: Captured registration for entry fruitsdelight:pineapple_jello of type minecraft:item
[10Mar2026 09:59:18.193] [modloading-worker-0/DEBUG] [net.minecraftforge.fml.javafmlmod.AutomaticEventSubscriber/LOADING]: Auto-subscribing net.mcreator.enemyexpansion.procedures.SilverheadHatProcedure to FORGE
[10Mar2026 09:59:18.193] [modloading-worker-0/DEBUG] [com.tterrag.registrate.AbstractRegistrate/REGISTRATE.REGISTER]: Captured registration for entry fruitsdelight:lemon_jello of type minecraft:item
[10Mar2026 09:59:18.193] [modloading-worker-0/DEBUG] [com.tterrag.registrate.AbstractRegistrate/REGISTRATE.REGISTER]: Captured registration for entry fruitsdelight:cranberry_jello of type minecraft:item
[10Mar2026 09:59:18.194] [modloading-worker-0/DEBUG] [com.tterrag.registrate.AbstractRegistrate/REGISTRATE.REGISTER]: Captured registration for entry fruitsdelight:mangosteen_jello of type minecraft:item
[10Mar2026 09:59:18.194] [modloading-worker-0/DEBUG] [com.tterrag.registrate.AbstractRegistrate/REGISTRATE.REGISTER]: Captured registration for entry fruitsdelight:sweetberry_jello of type minecraft:item
[10Mar2026 09:59:18.194] [modloading-worker-0/DEBUG] [com.tterrag.registrate.AbstractRegistrate/REGISTRATE.REGISTER]: Captured registration for entry fruitsdelight:chorus_jello of type minecraft:item
[10Mar2026 09:59:18.194] [modloading-worker-0/DEBUG] [com.tterrag.registrate.AbstractRegistrate/REGISTRATE.REGISTER]: Captured registration for entry fruitsdelight:bayberry_jello of type minecraft:item
[10Mar2026 09:59:18.195] [modloading-worker-0/DEBUG] [com.tterrag.registrate.AbstractRegistrate/REGISTRATE.REGISTER]: Captured registration for entry fruitsdelight:kiwi_jello of type minecraft:item
[10Mar2026 09:59:18.195] [modloading-worker-0/DEBUG] [com.tterrag.registrate.AbstractRegistrate/REGISTRATE.REGISTER]: Captured registration for entry fruitsdelight:fig_jello of type minecraft:item
[10Mar2026 09:59:18.195] [modloading-worker-0/DEBUG] [com.tterrag.registrate.AbstractRegistrate/REGISTRATE.REGISTER]: Captured registration for entry fruitsdelight:durian_jello of type minecraft:item
[10Mar2026 09:59:18.194] [modloading-worker-0/DEBUG] [net.minecraftforge.fml.javafmlmod.AutomaticEventSubscriber/LOADING]: Auto-subscribing net.mcreator.enemyexpansion.procedures.SilverheadDeathProcedure to FORGE
[10Mar2026 09:59:18.196] [modloading-worker-0/DEBUG] [net.minecraftforge.fml.javafmlmod.AutomaticEventSubscriber/LOADING]: Auto-subscribing net.mcreator.enemyexpansion.procedures.SilverfriendsStartProcedure to FORGE
[10Mar2026 09:59:18.197] [modloading-worker-0/DEBUG] [net.minecraftforge.fml.javafmlmod.AutomaticEventSubscriber/LOADING]: Auto-subscribing net.mcreator.enemyexpansion.procedures.ScorpionHurtProcedure to FORGE
[10Mar2026 09:59:18.198] [modloading-worker-0/DEBUG] [net.minecraftforge.fml.javafmlmod.AutomaticEventSubscriber/LOADING]: Auto-subscribing net.mcreator.enemyexpansion.procedures.PhantomEyeDropFromPhantomProcedure to FORGE
[10Mar2026 09:59:18.199] [modloading-worker-0/DEBUG] [net.minecraftforge.fml.javafmlmod.AutomaticEventSubscriber/LOADING]: Auto-subscribing net.mcreator.enemyexpansion.procedures.OvertimeKnockedOutProcedure to FORGE
[10Mar2026 09:59:18.200] [modloading-worker-0/DEBUG] [net.minecraftforge.fml.javafmlmod.AutomaticEventSubscriber/LOADING]: Auto-subscribing net.mcreator.enemyexpansion.procedures.OvertimeForAllProcedure to FORGE
[10Mar2026 09:59:18.200] [modloading-worker-0/DEBUG] [com.tterrag.registrate.AbstractRegistrate/REGISTRATE.REGISTER]: Captured registration for entry fruitsdelight:hamimelon_juice of type minecraft:item
[10Mar2026 09:59:18.201] [modloading-worker-0/DEBUG] [com.tterrag.registrate.AbstractRegistrate/REGISTRATE.REGISTER]: Captured registration for entry fruitsdelight:hawberry_tea of type minecraft:item
[10Mar2026 09:59:18.201] [modloading-worker-0/DEBUG] [com.tterrag.registrate.AbstractRegistrate/REGISTRATE.REGISTER]: Captured registration for entry fruitsdelight:orange_juice of type minecraft:item
[10Mar2026 09:59:18.201] [modloading-worker-0/DEBUG] [com.tterrag.registrate.AbstractRegistrate/REGISTRATE.REGISTER]: Captured registration for entry fruitsdelight:lemon_juice of type minecraft:item
[10Mar2026 09:59:18.201] [modloading-worker-0/DEBUG] [net.minecraftforge.fml.javafmlmod.AutomaticEventSubscriber/LOADING]: Auto-subscribing net.mcreator.enemyexpansion.procedures.NoBabyZombiesProcedure to FORGE
[10Mar2026 09:59:18.201] [modloading-worker-0/DEBUG] [com.tterrag.registrate.AbstractRegistrate/REGISTRATE.REGISTER]: Captured registration for entry fruitsdelight:pear_juice of type minecraft:item
[10Mar2026 09:59:18.201] [modloading-worker-0/DEBUG] [com.tterrag.registrate.AbstractRegistrate/REGISTRATE.REGISTER]: Captured registration for entry fruitsdelight:mango_tea of type minecraft:item
[10Mar2026 09:59:18.202] [modloading-worker-0/DEBUG] [com.tterrag.registrate.AbstractRegistrate/REGISTRATE.REGISTER]: Captured registration for entry fruitsdelight:peach_tea of type minecraft:item
[10Mar2026 09:59:18.202] [modloading-worker-0/DEBUG] [com.tterrag.registrate.AbstractRegistrate/REGISTRATE.REGISTER]: Captured registration for entry fruitsdelight:lychee_cherry_tea of type minecraft:item
[10Mar2026 09:59:18.202] [modloading-worker-0/DEBUG] [com.tterrag.registrate.AbstractRegistrate/REGISTRATE.REGISTER]: Captured registration for entry fruitsdelight:mangosteen_tea of type minecraft:item
[10Mar2026 09:59:18.202] [modloading-worker-0/DEBUG] [com.tterrag.registrate.AbstractRegistrate/REGISTRATE.REGISTER]: Captured registration for entry fruitsdelight:bayberry_soup of type minecraft:item
[10Mar2026 09:59:18.202] [modloading-worker-0/DEBUG] [com.tterrag.registrate.AbstractRegistrate/REGISTRATE.REGISTER]: Captured registration for entry fruitsdelight:kiwi_juice of type minecraft:item
[10Mar2026 09:59:18.202] [modloading-worker-0/DEBUG] [net.minecraftforge.fml.javafmlmod.AutomaticEventSubscriber/LOADING]: Auto-subscribing net.mcreator.enemyexpansion.procedures.MeatureTamingProcedure to FORGE
[10Mar2026 09:59:18.203] [modloading-worker-0/DEBUG] [com.tterrag.registrate.AbstractRegistrate/REGISTRATE.REGISTER]: Captured registration for entry fruitsdelight:bellini_cocktail of type minecraft:item
[10Mar2026 09:59:18.204] [modloading-worker-0/DEBUG] [net.minecraftforge.fml.javafmlmod.AutomaticEventSubscriber/LOADING]: Auto-subscribing net.mcreator.enemyexpansion.procedures.MeatheadDeathProcedure to FORGE
[10Mar2026 09:59:18.206] [modloading-worker-0/DEBUG] [com.tterrag.registrate.AbstractRegistrate/REGISTRATE.REGISTER]: Captured registration for entry fruitsdelight:blueberry_custard of type minecraft:item
[10Mar2026 09:59:18.206] [modloading-worker-0/DEBUG] [com.tterrag.registrate.AbstractRegistrate/REGISTRATE.REGISTER]: Captured registration for entry fruitsdelight:blueberry_muffin of type minecraft:item
[10Mar2026 09:59:18.206] [modloading-worker-0/DEBUG] [com.tterrag.registrate.AbstractRegistrate/REGISTRATE.REGISTER]: Captured registration for entry fruitsdelight:cranberry_muffin of type minecraft:item
[10Mar2026 09:59:18.206] [modloading-worker-0/DEBUG] [com.tterrag.registrate.AbstractRegistrate/REGISTRATE.REGISTER]: Captured registration for entry fruitsdelight:fig_pudding_slice of type minecraft:item
[10Mar2026 09:59:18.206] [modloading-worker-0/DEBUG] [com.tterrag.registrate.AbstractRegistrate/REGISTRATE.REGISTER]: Captured registration for entry fruitsdelight:hamimelon_popsicle of type minecraft:item
[10Mar2026 09:59:18.206] [modloading-worker-0/DEBUG] [com.tterrag.registrate.AbstractRegistrate/REGISTRATE.REGISTER]: Captured registration for entry fruitsdelight:kiwi_popsicle of type minecraft:item
[10Mar2026 09:59:18.206] [modloading-worker-0/DEBUG] [com.tterrag.registrate.AbstractRegistrate/REGISTRATE.REGISTER]: Captured registration for entry fruitsdelight:hamimelon_shaved_ice of type minecraft:item
[10Mar2026 09:59:18.207] [modloading-worker-0/DEBUG] [com.tterrag.registrate.AbstractRegistrate/REGISTRATE.REGISTER]: Captured registration for entry fruitsdelight:hawberry_roll of type minecraft:item
[10Mar2026 09:59:18.207] [modloading-worker-0/DEBUG] [com.tterrag.registrate.AbstractRegistrate/REGISTRATE.REGISTER]: Captured registration for entry fruitsdelight:hawberry_sheet of type minecraft:item
[10Mar2026 09:59:18.207] [modloading-worker-0/DEBUG] [com.tterrag.registrate.AbstractRegistrate/REGISTRATE.REGISTER]: Captured registration for entry fruitsdelight:hawberry_stick of type minecraft:item
[10Mar2026 09:59:18.207] [modloading-worker-0/DEBUG] [com.tterrag.registrate.AbstractRegistrate/REGISTRATE.REGISTER]: Captured registration for entry fruitsdelight:orange_slice of type minecraft:item
[10Mar2026 09:59:18.207] [modloading-worker-0/DEBUG] [com.tterrag.registrate.AbstractRegistrate/REGISTRATE.REGISTER]: Captured registration for entry fruitsdelight:lemon_slice of type minecraft:item
[10Mar2026 09:59:18.207] [modloading-worker-0/DEBUG] [net.minecraftforge.fml.javafmlmod.AutomaticEventSubscriber/LOADING]: Auto-subscribing net.mcreator.enemyexpansion.procedures.LadybugHurtProcedure to FORGE
[10Mar2026 09:59:18.207] [modloading-worker-0/DEBUG] [com.tterrag.registrate.AbstractRegistrate/REGISTRATE.REGISTER]: Captured registration for entry fruitsdelight:durian_flesh of type minecraft:item
[10Mar2026 09:59:18.208] [modloading-worker-0/DEBUG] [com.tterrag.registrate.AbstractRegistrate/REGISTRATE.REGISTER]: Captured registration for entry fruitsdelight:baked_pear of type minecraft:item
[10Mar2026 09:59:18.208] [modloading-worker-0/DEBUG] [com.tterrag.registrate.AbstractRegistrate/REGISTRATE.REGISTER]: Captured registration for entry fruitsdelight:baked_durian of type minecraft:item
[10Mar2026 09:59:18.208] [modloading-worker-0/DEBUG] [com.tterrag.registrate.AbstractRegistrate/REGISTRATE.REGISTER]: Captured registration for entry fruitsdelight:pineapple_pie of type minecraft:item
[10Mar2026 09:59:18.208] [modloading-worker-0/DEBUG] [com.tterrag.registrate.AbstractRegistrate/REGISTRATE.REGISTER]: Captured registration for entry fruitsdelight:durian_pie of type minecraft:item
[10Mar2026 09:59:18.208] [modloading-worker-0/DEBUG] [com.tterrag.registrate.AbstractRegistrate/REGISTRATE.REGISTER]: Captured registration for entry fruitsdelight:lemon_tart of type minecraft:item
[10Mar2026 09:59:18.208] [modloading-worker-0/DEBUG] [com.tterrag.registrate.AbstractRegistrate/REGISTRATE.REGISTER]: Captured registration for entry fruitsdelight:fig_tart of type minecraft:item
[10Mar2026 09:59:18.208] [modloading-worker-0/DEBUG] [com.tterrag.registrate.AbstractRegistrate/REGISTRATE.REGISTER]: Captured registration for entry fruitsdelight:mango_milkshake of type minecraft:item
[10Mar2026 09:59:18.208] [modloading-worker-0/DEBUG] [com.tterrag.registrate.AbstractRegistrate/REGISTRATE.REGISTER]: Captured registration for entry fruitsdelight:mango_salad of type minecraft:item
[10Mar2026 09:59:18.209] [modloading-worker-0/DEBUG] [com.tterrag.registrate.AbstractRegistrate/REGISTRATE.REGISTER]: Captured registration for entry fruitsdelight:dried_persimmon of type minecraft:item
[10Mar2026 09:59:18.209] [modloading-worker-0/DEBUG] [com.tterrag.registrate.AbstractRegistrate/REGISTRATE.REGISTER]: Captured registration for entry fruitsdelight:persimmon_cookie of type minecraft:item
[10Mar2026 09:59:18.209] [modloading-worker-0/DEBUG] [com.tterrag.registrate.AbstractRegistrate/REGISTRATE.REGISTER]: Captured registration for entry fruitsdelight:lemon_cookie of type minecraft:item
[10Mar2026 09:59:18.209] [modloading-worker-0/DEBUG] [com.tterrag.registrate.AbstractRegistrate/REGISTRATE.REGISTER]: Captured registration for entry fruitsdelight:cranberry_cookie of type minecraft:item
[10Mar2026 09:59:18.209] [modloading-worker-0/DEBUG] [com.tterrag.registrate.AbstractRegistrate/REGISTRATE.REGISTER]: Captured registration for entry fruitsdelight:bayberry_cookie of type minecraft:item
[10Mar2026 09:59:18.210] [modloading-worker-0/DEBUG] [com.tterrag.registrate.AbstractRegistrate/REGISTRATE.REGISTER]: Captured registration for entry fruitsdelight:mangosteen_cake of type minecraft:item
[10Mar2026 09:59:18.210] [modloading-worker-0/DEBUG] [com.tterrag.registrate.AbstractRegistrate/REGISTRATE.REGISTER]: Captured registration for entry fruitsdelight:pear_with_rock_sugar of type minecraft:item
[10Mar2026 09:59:18.210] [modloading-worker-0/DEBUG] [com.tterrag.registrate.AbstractRegistrate/REGISTRATE.REGISTER]: Captured registration for entry fruitsdelight:orange_chicken of type minecraft:item
[10Mar2026 09:59:18.210] [modloading-worker-0/DEBUG] [com.tterrag.registrate.AbstractRegistrate/REGISTRATE.REGISTER]: Captured registration for entry fruitsdelight:fig_chicken_stew of type minecraft:item
[10Mar2026 09:59:18.210] [modloading-worker-0/DEBUG] [com.tterrag.registrate.AbstractRegistrate/REGISTRATE.REGISTER]: Captured registration for entry fruitsdelight:orange_marinated_pork of type minecraft:item
[10Mar2026 09:59:18.210] [modloading-worker-0/DEBUG] [net.minecraftforge.fml.javafmlmod.AutomaticEventSubscriber/LOADING]: Auto-subscribing net.mcreator.enemyexpansion.procedures.KillMobAdvancementProcedure to FORGE
[10Mar2026 09:59:18.211] [modloading-worker-0/DEBUG] [com.tterrag.registrate.AbstractRegistrate/REGISTRATE.REGISTER]: Captured registration for entry fruitsdelight:bowl_of_pineapple_fried_rice of type minecraft:item
[10Mar2026 09:59:18.212] [modloading-worker-0/DEBUG] [com.tterrag.registrate.AbstractRegistrate/REGISTRATE.REGISTER]: Captured registration for entry fruitsdelight:pineapple_marinated_pork of type minecraft:item
[10Mar2026 09:59:18.212] [modloading-worker-0/DEBUG] [com.tterrag.registrate.AbstractRegistrate/REGISTRATE.REGISTER]: Captured registration for entry fruitsdelight:lychee_chicken of type minecraft:item
[10Mar2026 09:59:18.213] [modloading-worker-0/DEBUG] [net.minecraftforge.fml.javafmlmod.AutomaticEventSubscriber/LOADING]: Auto-subscribing net.mcreator.enemyexpansion.procedures.IntruderSpeedUpProcedure to FORGE
[10Mar2026 09:59:18.213] [modloading-worker-0/DEBUG] [net.minecraftforge.fml.javafmlmod.AutomaticEventSubscriber/LOADING]: Auto-subscribing net.mcreator.enemyexpansion.procedures.HorseheadDeathProcedure to FORGE
[10Mar2026 09:59:18.214] [modloading-worker-0/DEBUG] [net.minecraftforge.fml.javafmlmod.AutomaticEventSubscriber/LOADING]: Auto-subscribing net.mcreator.enemyexpansion.procedures.HeadbiterDeathProcedure to FORGE
[10Mar2026 09:59:18.215] [modloading-worker-0/DEBUG] [com.tterrag.registrate.AbstractRegistrate/REGISTRATE.REGISTER]: Captured registration for entry fruitsdelight:jelly_bread of type minecraft:item
[10Mar2026 09:59:18.215] [modloading-worker-0/DEBUG] [net.minecraftforge.fml.javafmlmod.AutomaticEventSubscriber/LOADING]: Auto-subscribing net.mcreator.enemyexpansion.procedures.GoblinStealProcedure to FORGE
[10Mar2026 09:59:18.216] [modloading-worker-0/DEBUG] [net.minecraftforge.fml.javafmlmod.AutomaticEventSubscriber/LOADING]: Auto-subscribing net.mcreator.enemyexpansion.procedures.FlutterflyHurtProcedure to FORGE
[10Mar2026 09:59:18.217] [modloading-worker-0/DEBUG] [net.minecraftforge.fml.javafmlmod.AutomaticEventSubscriber/LOADING]: Auto-subscribing net.mcreator.enemyexpansion.procedures.FliesFromZombiesProcedure to FORGE
[10Mar2026 09:59:18.218] [modloading-worker-0/DEBUG] [net.minecraftforge.fml.javafmlmod.AutomaticEventSubscriber/LOADING]: Auto-subscribing net.mcreator.enemyexpansion.procedures.FallerNukedProcedure to FORGE
[10Mar2026 09:59:18.219] [modloading-worker-0/DEBUG] [net.minecraftforge.fml.javafmlmod.AutomaticEventSubscriber/LOADING]: Auto-subscribing net.mcreator.enemyexpansion.network.StarvedGUISlotMessage to MOD
[10Mar2026 09:59:18.220] [modloading-worker-0/DEBUG] [net.minecraftforge.fml.javafmlmod.AutomaticEventSubscriber/LOADING]: Auto-subscribing net.mcreator.enemyexpansion.init.EntityAnimationFactory to FORGE
[10Mar2026 09:59:18.221] [modloading-worker-0/DEBUG] [net.minecraftforge.fml.javafmlmod.AutomaticEventSubscriber/LOADING]: Auto-subscribing net.mcreator.enemyexpansion.init.EnemyexpansionModTabs to MOD
[10Mar2026 09:59:18.221] [modloading-worker-0/DEBUG] [com.tterrag.registrate.AbstractRegistrate/REGISTRATE.REGISTER]: Captured registration for entry fruitsdelight:pineapple_fried_rice of type minecraft:item
[10Mar2026 09:59:18.222] [modloading-worker-0/DEBUG] [com.tterrag.registrate.AbstractRegistrate/REGISTRATE.REGISTER]: Captured registration for entry fruitsdelight:pineapple_fried_rice of type minecraft:block
[10Mar2026 09:59:18.222] [modloading-worker-0/DEBUG] [net.minecraftforge.fml.javafmlmod.AutomaticEventSubscriber/LOADING]: Auto-subscribing net.mcreator.enemyexpansion.init.EnemyexpansionModEntities to MOD
[10Mar2026 09:59:18.223] [modloading-worker-0/DEBUG] [com.tterrag.registrate.AbstractRegistrate/REGISTRATE.REGISTER]: Captured registration for entry fruitsdelight:mangosteen_cake of type minecraft:block
[10Mar2026 09:59:18.223] [modloading-worker-0/DEBUG] [com.tterrag.registrate.AbstractRegistrate/REGISTRATE.REGISTER]: Captured registration for entry fruitsdelight:fig_pudding of type minecraft:item
[10Mar2026 09:59:18.224] [modloading-worker-0/DEBUG] [net.minecraftforge.fml.javafmlmod.AutomaticEventSubscriber/LOADING]: Auto-subscribing net.mcreator.enemyexpansion.init.EnemyexpansionModConfigs to MOD
[10Mar2026 09:59:18.224] [modloading-worker-0/DEBUG] [com.tterrag.registrate.AbstractRegistrate/REGISTRATE.REGISTER]: Captured registration for entry fruitsdelight:fig_pudding of type minecraft:block
[10Mar2026 09:59:18.227] [modloading-worker-0/DEBUG] [com.tterrag.registrate.AbstractRegistrate/REGISTRATE.REGISTER]: Captured registration for entry fruitsdelight:pear_crate of type minecraft:item
[10Mar2026 09:59:18.227] [modloading-worker-0/DEBUG] [com.tterrag.registrate.AbstractRegistrate/REGISTRATE.REGISTER]: Captured registration for entry fruitsdelight:pear_crate of type minecraft:block
[10Mar2026 09:59:18.227] [modloading-worker-0/DEBUG] [com.tterrag.registrate.AbstractRegistrate/REGISTRATE.REGISTER]: Captured registration for entry fruitsdelight:hawberry_crate of type minecraft:item
[10Mar2026 09:59:18.227] [modloading-worker-0/DEBUG] [com.tterrag.registrate.AbstractRegistrate/REGISTRATE.REGISTER]: Captured registration for entry fruitsdelight:hawberry_crate of type minecraft:block
[10Mar2026 09:59:18.227] [modloading-worker-0/DEBUG] [com.tterrag.registrate.AbstractRegistrate/REGISTRATE.REGISTER]: Captured registration for entry fruitsdelight:lychee_crate of type minecraft:item
[10Mar2026 09:59:18.227] [modloading-worker-0/DEBUG] [com.tterrag.registrate.AbstractRegistrate/REGISTRATE.REGISTER]: Captured registration for entry fruitsdelight:lychee_crate of type minecraft:block
[10Mar2026 09:59:18.228] [modloading-worker-0/DEBUG] [com.tterrag.registrate.AbstractRegistrate/REGISTRATE.REGISTER]: Captured registration for entry fruitsdelight:mango_crate of type minecraft:item
[10Mar2026 09:59:18.228] [modloading-worker-0/DEBUG] [com.tterrag.registrate.AbstractRegistrate/REGISTRATE.REGISTER]: Captured registration for entry fruitsdelight:mango_crate of type minecraft:block
[10Mar2026 09:59:18.228] [modloading-worker-0/DEBUG] [com.tterrag.registrate.AbstractRegistrate/REGISTRATE.REGISTER]: Captured registration for entry fruitsdelight:persimmon_crate of type minecraft:item
[10Mar2026 09:59:18.228] [modloading-worker-0/DEBUG] [com.tterrag.registrate.AbstractRegistrate/REGISTRATE.REGISTER]: Captured registration for entry fruitsdelight:persimmon_crate of type minecraft:block
[10Mar2026 09:59:18.228] [modloading-worker-0/DEBUG] [com.tterrag.registrate.AbstractRegistrate/REGISTRATE.REGISTER]: Captured registration for entry fruitsdelight:peach_crate of type minecraft:item
[10Mar2026 09:59:18.228] [modloading-worker-0/DEBUG] [com.tterrag.registrate.AbstractRegistrate/REGISTRATE.REGISTER]: Captured registration for entry fruitsdelight:peach_crate of type minecraft:block
[10Mar2026 09:59:18.228] [modloading-worker-0/DEBUG] [com.tterrag.registrate.AbstractRegistrate/REGISTRATE.REGISTER]: Captured registration for entry fruitsdelight:orange_crate of type minecraft:item
[10Mar2026 09:59:18.228] [modloading-worker-0/DEBUG] [com.tterrag.registrate.AbstractRegistrate/REGISTRATE.REGISTER]: Captured registration for entry fruitsdelight:orange_crate of type minecraft:block
[10Mar2026 09:59:18.228] [modloading-worker-0/DEBUG] [com.tterrag.registrate.AbstractRegistrate/REGISTRATE.REGISTER]: Captured registration for entry fruitsdelight:mangosteen_crate of type minecraft:item
[10Mar2026 09:59:18.228] [modloading-worker-0/DEBUG] [com.tterrag.registrate.AbstractRegistrate/REGISTRATE.REGISTER]: Captured registration for entry fruitsdelight:mangosteen_crate of type minecraft:block
[10Mar2026 09:59:18.229] [modloading-worker-0/DEBUG] [com.tterrag.registrate.AbstractRegistrate/REGISTRATE.REGISTER]: Captured registration for entry fruitsdelight:bayberry_crate of type minecraft:item
[10Mar2026 09:59:18.229] [modloading-worker-0/DEBUG] [com.tterrag.registrate.AbstractRegistrate/REGISTRATE.REGISTER]: Captured registration for entry fruitsdelight:bayberry_crate of type minecraft:block
[10Mar2026 09:59:18.229] [modloading-worker-0/DEBUG] [com.tterrag.registrate.AbstractRegistrate/REGISTRATE.REGISTER]: Captured registration for entry fruitsdelight:kiwi_crate of type minecraft:item
[10Mar2026 09:59:18.229] [modloading-worker-0/DEBUG] [com.tterrag.registrate.AbstractRegistrate/REGISTRATE.REGISTER]: Captured registration for entry fruitsdelight:kiwi_crate of type minecraft:block
[10Mar2026 09:59:18.229] [modloading-worker-0/DEBUG] [com.tterrag.registrate.AbstractRegistrate/REGISTRATE.REGISTER]: Captured registration for entry fruitsdelight:fig_crate of type minecraft:item
[10Mar2026 09:59:18.229] [modloading-worker-0/DEBUG] [com.tterrag.registrate.AbstractRegistrate/REGISTRATE.REGISTER]: Captured registration for entry fruitsdelight:fig_crate of type minecraft:block
[10Mar2026 09:59:18.229] [modloading-worker-0/DEBUG] [com.tterrag.registrate.AbstractRegistrate/REGISTRATE.REGISTER]: Captured registration for entry fruitsdelight:blueberry_crate of type minecraft:item
[10Mar2026 09:59:18.229] [modloading-worker-0/DEBUG] [com.tterrag.registrate.AbstractRegistrate/REGISTRATE.REGISTER]: Captured registration for entry fruitsdelight:blueberry_crate of type minecraft:block
[10Mar2026 09:59:18.230] [modloading-worker-0/DEBUG] [com.tterrag.registrate.AbstractRegistrate/REGISTRATE.REGISTER]: Captured registration for entry fruitsdelight:lemon_crate of type minecraft:item
[10Mar2026 09:59:18.230] [modloading-worker-0/DEBUG] [com.tterrag.registrate.AbstractRegistrate/REGISTRATE.REGISTER]: Captured registration for entry fruitsdelight:lemon_crate of type minecraft:block
[10Mar2026 09:59:18.230] [modloading-worker-0/DEBUG] [com.tterrag.registrate.AbstractRegistrate/REGISTRATE.REGISTER]: Captured registration for entry fruitsdelight:cranberry_crate of type minecraft:item
[10Mar2026 09:59:18.230] [modloading-worker-0/DEBUG] [com.tterrag.registrate.AbstractRegistrate/REGISTRATE.REGISTER]: Captured registration for entry fruitsdelight:cranberry_crate of type minecraft:block
[10Mar2026 09:59:18.230] [modloading-worker-0/DEBUG] [com.tterrag.registrate.AbstractRegistrate/REGISTRATE.REGISTER]: Captured registration for entry fruitsdelight:pineapple_crate of type minecraft:item
[10Mar2026 09:59:18.230] [modloading-worker-0/DEBUG] [com.tterrag.registrate.AbstractRegistrate/REGISTRATE.REGISTER]: Captured registration for entry fruitsdelight:pineapple_crate of type minecraft:block
[10Mar2026 09:59:18.230] [modloading-worker-0/DEBUG] [com.tterrag.registrate.AbstractRegistrate/REGISTRATE.REGISTER]: Captured registration for entry fruitsdelight:apple_crate of type minecraft:item
[10Mar2026 09:59:18.230] [modloading-worker-0/DEBUG] [com.tterrag.registrate.AbstractRegistrate/REGISTRATE.REGISTER]: Captured registration for entry fruitsdelight:apple_crate of type minecraft:block
[10Mar2026 09:59:18.232] [modloading-worker-0/DEBUG] [com.tterrag.registrate.AbstractRegistrate/REGISTRATE.REGISTER]: Captured registration for entry fruitsdelight:apple_jelly_block of type minecraft:item
[10Mar2026 09:59:18.232] [modloading-worker-0/DEBUG] [com.tterrag.registrate.AbstractRegistrate/REGISTRATE.REGISTER]: Captured registration for entry fruitsdelight:apple_jelly_block of type minecraft:block
[10Mar2026 09:59:18.232] [modloading-worker-0/DEBUG] [com.tterrag.registrate.AbstractRegistrate/REGISTRATE.REGISTER]: Captured registration for entry fruitsdelight:blueberry_jelly_block of type minecraft:item
[10Mar2026 09:59:18.232] [modloading-worker-0/DEBUG] [com.tterrag.registrate.AbstractRegistrate/REGISTRATE.REGISTER]: Captured registration for entry fruitsdelight:blueberry_jelly_block of type minecraft:block
[10Mar2026 09:59:18.232] [modloading-worker-0/DEBUG] [com.tterrag.registrate.AbstractRegistrate/REGISTRATE.REGISTER]: Captured registration for entry fruitsdelight:glowberry_jelly_block of type minecraft:item
[10Mar2026 09:59:18.232] [modloading-worker-0/DEBUG] [com.tterrag.registrate.AbstractRegistrate/REGISTRATE.REGISTER]: Captured registration for entry fruitsdelight:glowberry_jelly_block of type minecraft:block
[10Mar2026 09:59:18.233] [modloading-worker-0/DEBUG] [com.tterrag.registrate.AbstractRegistrate/REGISTRATE.REGISTER]: Captured registration for entry fruitsdelight:hamimelon_jelly_block of type minecraft:item
[10Mar2026 09:59:18.233] [modloading-worker-0/DEBUG] [com.tterrag.registrate.AbstractRegistrate/REGISTRATE.REGISTER]: Captured registration for entry fruitsdelight:hamimelon_jelly_block of type minecraft:block
[10Mar2026 09:59:18.233] [modloading-worker-0/DEBUG] [com.tterrag.registrate.AbstractRegistrate/REGISTRATE.REGISTER]: Captured registration for entry fruitsdelight:melon_jelly_block of type minecraft:item
[10Mar2026 09:59:18.233] [modloading-worker-0/DEBUG] [com.tterrag.registrate.AbstractRegistrate/REGISTRATE.REGISTER]: Captured registration for entry fruitsdelight:melon_jelly_block of type minecraft:block
[10Mar2026 09:59:18.233] [modloading-worker-0/DEBUG] [com.tterrag.registrate.AbstractRegistrate/REGISTRATE.REGISTER]: Captured registration for entry fruitsdelight:hawberry_jelly_block of type minecraft:item
[10Mar2026 09:59:18.233] [modloading-worker-0/DEBUG] [com.tterrag.registrate.AbstractRegistrate/REGISTRATE.REGISTER]: Captured registration for entry fruitsdelight:hawberry_jelly_block of type minecraft:block
[10Mar2026 09:59:18.233] [modloading-worker-0/DEBUG] [com.tterrag.registrate.AbstractRegistrate/REGISTRATE.REGISTER]: Captured registration for entry fruitsdelight:lychee_jelly_block of type minecraft:item
[10Mar2026 09:59:18.233] [modloading-worker-0/DEBUG] [com.tterrag.registrate.AbstractRegistrate/REGISTRATE.REGISTER]: Captured registration for entry fruitsdelight:lychee_jelly_block of type minecraft:block
[10Mar2026 09:59:18.233] [modloading-worker-0/DEBUG] [com.tterrag.registrate.AbstractRegistrate/REGISTRATE.REGISTER]: Captured registration for entry fruitsdelight:mango_jelly_block of type minecraft:item
[10Mar2026 09:59:18.233] [modloading-worker-0/DEBUG] [com.tterrag.registrate.AbstractRegistrate/REGISTRATE.REGISTER]: Captured registration for entry fruitsdelight:mango_jelly_block of type minecraft:block
[10Mar2026 09:59:18.233] [modloading-worker-0/DEBUG] [com.tterrag.registrate.AbstractRegistrate/REGISTRATE.REGISTER]: Captured registration for entry fruitsdelight:orange_jelly_block of type minecraft:item
[10Mar2026 09:59:18.234] [modloading-worker-0/DEBUG] [com.tterrag.registrate.AbstractRegistrate/REGISTRATE.REGISTER]: Captured registration for entry fruitsdelight:orange_jelly_block of type minecraft:block
[10Mar2026 09:59:18.234] [modloading-worker-0/DEBUG] [com.tterrag.registrate.AbstractRegistrate/REGISTRATE.REGISTER]: Captured registration for entry fruitsdelight:peach_jelly_block of type minecraft:item
[10Mar2026 09:59:18.234] [modloading-worker-0/DEBUG] [com.tterrag.registrate.AbstractRegistrate/REGISTRATE.REGISTER]: Captured registration for entry fruitsdelight:peach_jelly_block of type minecraft:block
[10Mar2026 09:59:18.234] [modloading-worker-0/DEBUG] [com.tterrag.registrate.AbstractRegistrate/REGISTRATE.REGISTER]: Captured registration for entry fruitsdelight:pear_jelly_block of type minecraft:item
[10Mar2026 09:59:18.234] [modloading-worker-0/DEBUG] [com.tterrag.registrate.AbstractRegistrate/REGISTRATE.REGISTER]: Captured registration for entry fruitsdelight:pear_jelly_block of type minecraft:block
[10Mar2026 09:59:18.234] [modloading-worker-0/DEBUG] [com.tterrag.registrate.AbstractRegistrate/REGISTRATE.REGISTER]: Captured registration for entry fruitsdelight:persimmon_jelly_block of type minecraft:item
[10Mar2026 09:59:18.234] [modloading-worker-0/DEBUG] [com.tterrag.registrate.AbstractRegistrate/REGISTRATE.REGISTER]: Captured registration for entry fruitsdelight:persimmon_jelly_block of type minecraft:block
[10Mar2026 09:59:18.234] [modloading-worker-0/DEBUG] [com.tterrag.registrate.AbstractRegistrate/REGISTRATE.REGISTER]: Captured registration for entry fruitsdelight:pineapple_jelly_block of type minecraft:item
[10Mar2026 09:59:18.234] [modloading-worker-0/DEBUG] [com.tterrag.registrate.AbstractRegistrate/REGISTRATE.REGISTER]: Captured registration for entry fruitsdelight:pineapple_jelly_block of type minecraft:block
[10Mar2026 09:59:18.234] [modloading-worker-0/DEBUG] [com.tterrag.registrate.AbstractRegistrate/REGISTRATE.REGISTER]: Captured registration for entry fruitsdelight:lemon_jelly_block of type minecraft:item
[10Mar2026 09:59:18.234] [modloading-worker-0/DEBUG] [com.tterrag.registrate.AbstractRegistrate/REGISTRATE.REGISTER]: Captured registration for entry fruitsdelight:lemon_jelly_block of type minecraft:block
[10Mar2026 09:59:18.235] [modloading-worker-0/DEBUG] [com.tterrag.registrate.AbstractRegistrate/REGISTRATE.REGISTER]: Captured registration for entry fruitsdelight:cranberry_jelly_block of type minecraft:item
[10Mar2026 09:59:18.235] [modloading-worker-0/DEBUG] [com.tterrag.registrate.AbstractRegistrate/REGISTRATE.REGISTER]: Captured registration for entry fruitsdelight:cranberry_jelly_block of type minecraft:block
[10Mar2026 09:59:18.235] [modloading-worker-0/DEBUG] [com.tterrag.registrate.AbstractRegistrate/REGISTRATE.REGISTER]: Captured registration for entry fruitsdelight:mangosteen_jelly_block of type minecraft:item
[10Mar2026 09:59:18.235] [modloading-worker-0/DEBUG] [com.tterrag.registrate.AbstractRegistrate/REGISTRATE.REGISTER]: Captured registration for entry fruitsdelight:mangosteen_jelly_block of type minecraft:block
[10Mar2026 09:59:18.235] [modloading-worker-0/DEBUG] [com.tterrag.registrate.AbstractRegistrate/REGISTRATE.REGISTER]: Captured registration for entry fruitsdelight:sweetberry_jelly_block of type minecraft:item
[10Mar2026 09:59:18.235] [modloading-worker-0/DEBUG] [com.tterrag.registrate.AbstractRegistrate/REGISTRATE.REGISTER]: Captured registration for entry fruitsdelight:sweetberry_jelly_block of type minecraft:block
[10Mar2026 09:59:18.235] [modloading-worker-0/DEBUG] [com.tterrag.registrate.AbstractRegistrate/REGISTRATE.REGISTER]: Captured registration for entry fruitsdelight:chorus_jelly_block of type minecraft:item
[10Mar2026 09:59:18.235] [modloading-worker-0/DEBUG] [com.tterrag.registrate.AbstractRegistrate/REGISTRATE.REGISTER]: Captured registration for entry fruitsdelight:chorus_jelly_block of type minecraft:block
[10Mar2026 09:59:18.235] [modloading-worker-0/DEBUG] [com.tterrag.registrate.AbstractRegistrate/REGISTRATE.REGISTER]: Captured registration for entry fruitsdelight:bayberry_jelly_block of type minecraft:item
[10Mar2026 09:59:18.235] [modloading-worker-0/DEBUG] [com.tterrag.registrate.AbstractRegistrate/REGISTRATE.REGISTER]: Captured registration for entry fruitsdelight:bayberry_jelly_block of type minecraft:block
[10Mar2026 09:59:18.235] [modloading-worker-0/DEBUG] [com.tterrag.registrate.AbstractRegistrate/REGISTRATE.REGISTER]: Captured registration for entry fruitsdelight:kiwi_jelly_block of type minecraft:item
[10Mar2026 09:59:18.235] [modloading-worker-0/DEBUG] [com.tterrag.registrate.AbstractRegistrate/REGISTRATE.REGISTER]: Captured registration for entry fruitsdelight:kiwi_jelly_block of type minecraft:block
[10Mar2026 09:59:18.236] [modloading-worker-0/DEBUG] [com.tterrag.registrate.AbstractRegistrate/REGISTRATE.REGISTER]: Captured registration for entry fruitsdelight:fig_jelly_block of type minecraft:item
[10Mar2026 09:59:18.236] [modloading-worker-0/DEBUG] [com.tterrag.registrate.AbstractRegistrate/REGISTRATE.REGISTER]: Captured registration for entry fruitsdelight:fig_jelly_block of type minecraft:block
[10Mar2026 09:59:18.236] [modloading-worker-0/DEBUG] [com.tterrag.registrate.AbstractRegistrate/REGISTRATE.REGISTER]: Captured registration for entry fruitsdelight:durian_jelly_block of type minecraft:item
[10Mar2026 09:59:18.236] [modloading-worker-0/DEBUG] [com.tterrag.registrate.AbstractRegistrate/REGISTRATE.REGISTER]: Captured registration for entry fruitsdelight:durian_jelly_block of type minecraft:block
[10Mar2026 09:59:18.237] [modloading-worker-0/DEBUG] [com.tterrag.registrate.AbstractRegistrate/REGISTRATE.REGISTER]: Captured registration for entry fruitsdelight:apple_jello_block of type minecraft:item
[10Mar2026 09:59:18.237] [modloading-worker-0/DEBUG] [com.tterrag.registrate.AbstractRegistrate/REGISTRATE.REGISTER]: Captured registration for entry fruitsdelight:apple_jello_block of type minecraft:block
[10Mar2026 09:59:18.237] [modloading-worker-0/DEBUG] [com.tterrag.registrate.AbstractRegistrate/REGISTRATE.REGISTER]: Captured registration for entry fruitsdelight:blueberry_jello_block of type minecraft:item
[10Mar2026 09:59:18.237] [modloading-worker-0/DEBUG] [com.tterrag.registrate.AbstractRegistrate/REGISTRATE.REGISTER]: Captured registration for entry fruitsdelight:blueberry_jello_block of type minecraft:block
[10Mar2026 09:59:18.237] [modloading-worker-0/DEBUG] [com.tterrag.registrate.AbstractRegistrate/REGISTRATE.REGISTER]: Captured registration for entry fruitsdelight:glowberry_jello_block of type minecraft:item
[10Mar2026 09:59:18.237] [modloading-worker-0/DEBUG] [com.tterrag.registrate.AbstractRegistrate/REGISTRATE.REGISTER]: Captured registration for entry fruitsdelight:glowberry_jello_block of type minecraft:block
[10Mar2026 09:59:18.238] [modloading-worker-0/DEBUG] [com.tterrag.registrate.AbstractRegistrate/REGISTRATE.REGISTER]: Captured registration for entry fruitsdelight:hamimelon_jello_block of type minecraft:item
[10Mar2026 09:59:18.238] [modloading-worker-0/DEBUG] [com.tterrag.registrate.AbstractRegistrate/REGISTRATE.REGISTER]: Captured registration for entry fruitsdelight:hamimelon_jello_block of type minecraft:block
[10Mar2026 09:59:18.238] [modloading-worker-0/DEBUG] [com.tterrag.registrate.AbstractRegistrate/REGISTRATE.REGISTER]: Captured registration for entry fruitsdelight:melon_jello_block of type minecraft:item
[10Mar2026 09:59:18.238] [modloading-worker-0/DEBUG] [com.tterrag.registrate.AbstractRegistrate/REGISTRATE.REGISTER]: Captured registration for entry fruitsdelight:melon_jello_block of type minecraft:block
[10Mar2026 09:59:18.238] [modloading-worker-0/DEBUG] [com.tterrag.registrate.AbstractRegistrate/REGISTRATE.REGISTER]: Captured registration for entry fruitsdelight:hawberry_jello_block of type minecraft:item
[10Mar2026 09:59:18.238] [modloading-worker-0/DEBUG] [com.tterrag.registrate.AbstractRegistrate/REGISTRATE.REGISTER]: Captured registration for entry fruitsdelight:hawberry_jello_block of type minecraft:block
[10Mar2026 09:59:18.238] [modloading-worker-0/DEBUG] [com.tterrag.registrate.AbstractRegistrate/REGISTRATE.REGISTER]: Captured registration for entry fruitsdelight:lychee_jello_block of type minecraft:item
[10Mar2026 09:59:18.238] [modloading-worker-0/DEBUG] [com.tterrag.registrate.AbstractRegistrate/REGISTRATE.REGISTER]: Captured registration for entry fruitsdelight:lychee_jello_block of type minecraft:block
[10Mar2026 09:59:18.238] [modloading-worker-0/DEBUG] [com.tterrag.registrate.AbstractRegistrate/REGISTRATE.REGISTER]: Captured registration for entry fruitsdelight:mango_jello_block of type minecraft:item
[10Mar2026 09:59:18.239] [modloading-worker-0/DEBUG] [com.tterrag.registrate.AbstractRegistrate/REGISTRATE.REGISTER]: Captured registration for entry fruitsdelight:mango_jello_block of type minecraft:block
[10Mar2026 09:59:18.239] [modloading-worker-0/DEBUG] [com.tterrag.registrate.AbstractRegistrate/REGISTRATE.REGISTER]: Captured registration for entry fruitsdelight:orange_jello_block of type minecraft:item
[10Mar2026 09:59:18.239] [modloading-worker-0/DEBUG] [com.tterrag.registrate.AbstractRegistrate/REGISTRATE.REGISTER]: Captured registration for entry fruitsdelight:orange_jello_block of type minecraft:block
[10Mar2026 09:59:18.239] [modloading-worker-0/DEBUG] [com.tterrag.registrate.AbstractRegistrate/REGISTRATE.REGISTER]: Captured registration for entry fruitsdelight:peach_jello_block of type minecraft:item
[10Mar2026 09:59:18.239] [modloading-worker-0/DEBUG] [com.tterrag.registrate.AbstractRegistrate/REGISTRATE.REGISTER]: Captured registration for entry fruitsdelight:peach_jello_block of type minecraft:block
[10Mar2026 09:59:18.239] [modloading-worker-0/DEBUG] [com.tterrag.registrate.AbstractRegistrate/REGISTRATE.REGISTER]: Captured registration for entry fruitsdelight:pear_jello_block of type minecraft:item
[10Mar2026 09:59:18.239] [modloading-worker-0/DEBUG] [com.tterrag.registrate.AbstractRegistrate/REGISTRATE.REGISTER]: Captured registration for entry fruitsdelight:pear_jello_block of type minecraft:block
[10Mar2026 09:59:18.239] [modloading-worker-0/DEBUG] [com.tterrag.registrate.AbstractRegistrate/REGISTRATE.REGISTER]: Captured registration for entry fruitsdelight:persimmon_jello_block of type minecraft:item
[10Mar2026 09:59:18.239] [modloading-worker-0/DEBUG] [com.tterrag.registrate.AbstractRegistrate/REGISTRATE.REGISTER]: Captured registration for entry fruitsdelight:persimmon_jello_block of type minecraft:block
[10Mar2026 09:59:18.239] [modloading-worker-0/DEBUG] [com.tterrag.registrate.AbstractRegistrate/REGISTRATE.REGISTER]: Captured registration for entry fruitsdelight:pineapple_jello_block of type minecraft:item
[10Mar2026 09:59:18.239] [modloading-worker-0/DEBUG] [com.tterrag.registrate.AbstractRegistrate/REGISTRATE.REGISTER]: Captured registration for entry fruitsdelight:pineapple_jello_block of type minecraft:block
[10Mar2026 09:59:18.240] [modloading-worker-0/DEBUG] [com.tterrag.registrate.AbstractRegistrate/REGISTRATE.REGISTER]: Captured registration for entry fruitsdelight:lemon_jello_block of type minecraft:item
[10Mar2026 09:59:18.240] [modloading-worker-0/DEBUG] [com.tterrag.registrate.AbstractRegistrate/REGISTRATE.REGISTER]: Captured registration for entry fruitsdelight:lemon_jello_block of type minecraft:block
[10Mar2026 09:59:18.240] [modloading-worker-0/DEBUG] [com.tterrag.registrate.AbstractRegistrate/REGISTRATE.REGISTER]: Captured registration for entry fruitsdelight:cranberry_jello_block of type minecraft:item
[10Mar2026 09:59:18.240] [modloading-worker-0/DEBUG] [com.tterrag.registrate.AbstractRegistrate/REGISTRATE.REGISTER]: Captured registration for entry fruitsdelight:cranberry_jello_block of type minecraft:block
[10Mar2026 09:59:18.240] [modloading-worker-0/DEBUG] [com.tterrag.registrate.AbstractRegistrate/REGISTRATE.REGISTER]: Captured registration for entry fruitsdelight:mangosteen_jello_block of type minecraft:item
[10Mar2026 09:59:18.240] [modloading-worker-0/DEBUG] [com.tterrag.registrate.AbstractRegistrate/REGISTRATE.REGISTER]: Captured registration for entry fruitsdelight:mangosteen_jello_block of type minecraft:block
[10Mar2026 09:59:18.240] [modloading-worker-0/DEBUG] [com.tterrag.registrate.AbstractRegistrate/REGISTRATE.REGISTER]: Captured registration for entry fruitsdelight:sweetberry_jello_block of type minecraft:item
[10Mar2026 09:59:18.240] [modloading-worker-0/DEBUG] [com.tterrag.registrate.AbstractRegistrate/REGISTRATE.REGISTER]: Captured registration for entry fruitsdelight:sweetberry_jello_block of type minecraft:block
[10Mar2026 09:59:18.240] [modloading-worker-0/DEBUG] [com.tterrag.registrate.AbstractRegistrate/REGISTRATE.REGISTER]: Captured registration for entry fruitsdelight:chorus_jello_block of type minecraft:item
[10Mar2026 09:59:18.240] [modloading-worker-0/DEBUG] [com.tterrag.registrate.AbstractRegistrate/REGISTRATE.REGISTER]: Captured registration for entry fruitsdelight:chorus_jello_block of type minecraft:block
[10Mar2026 09:59:18.240] [modloading-worker-0/DEBUG] [com.tterrag.registrate.AbstractRegistrate/REGISTRATE.REGISTER]: Captured registration for entry fruitsdelight:bayberry_jello_block of type minecraft:item
[10Mar2026 09:59:18.241] [modloading-worker-0/DEBUG] [com.tterrag.registrate.AbstractRegistrate/REGISTRATE.REGISTER]: Captured registration for entry fruitsdelight:bayberry_jello_block of type minecraft:block
[10Mar2026 09:59:18.241] [modloading-worker-0/DEBUG] [com.tterrag.registrate.AbstractRegistrate/REGISTRATE.REGISTER]: Captured registration for entry fruitsdelight:kiwi_jello_block of type minecraft:item
[10Mar2026 09:59:18.241] [modloading-worker-0/DEBUG] [com.tterrag.registrate.AbstractRegistrate/REGISTRATE.REGISTER]: Captured registration for entry fruitsdelight:kiwi_jello_block of type minecraft:block
[10Mar2026 09:59:18.241] [modloading-worker-0/DEBUG] [com.tterrag.registrate.AbstractRegistrate/REGISTRATE.REGISTER]: Captured registration for entry fruitsdelight:fig_jello_block of type minecraft:item
[10Mar2026 09:59:18.241] [modloading-worker-0/DEBUG] [com.tterrag.registrate.AbstractRegistrate/REGISTRATE.REGISTER]: Captured registration for entry fruitsdelight:fig_jello_block of type minecraft:block
[10Mar2026 09:59:18.241] [modloading-worker-0/DEBUG] [com.tterrag.registrate.AbstractRegistrate/REGISTRATE.REGISTER]: Captured registration for entry fruitsdelight:durian_jello_block of type minecraft:item
[10Mar2026 09:59:18.241] [modloading-worker-0/DEBUG] [com.tterrag.registrate.AbstractRegistrate/REGISTRATE.REGISTER]: Captured registration for entry fruitsdelight:durian_jello_block of type minecraft:block
[10Mar2026 09:59:18.245] [modloading-worker-0/DEBUG] [com.tterrag.registrate.AbstractRegistrate/REGISTRATE.REGISTER]: Captured registration for entry fruitsdelight:lemonade_cauldron of type minecraft:item
[10Mar2026 09:59:18.245] [modloading-worker-0/DEBUG] [com.tterrag.registrate.AbstractRegistrate/REGISTRATE.REGISTER]: Captured registration for entry fruitsdelight:lemonade_cauldron of type minecraft:block
[10Mar2026 09:59:18.245] [modloading-worker-0/DEBUG] [com.tterrag.registrate.AbstractRegistrate/REGISTRATE.REGISTER]: Captured registration for entry fruitsdelight:apple_cauldron of type minecraft:item
[10Mar2026 09:59:18.245] [modloading-worker-0/DEBUG] [com.tterrag.registrate.AbstractRegistrate/REGISTRATE.REGISTER]: Captured registration for entry fruitsdelight:apple_cauldron of type minecraft:block
[10Mar2026 09:59:18.246] [modloading-worker-0/DEBUG] [com.tterrag.registrate.AbstractRegistrate/REGISTRATE.REGISTER]: Captured registration for entry fruitsdelight:apple_jelly_cauldron of type minecraft:item
[10Mar2026 09:59:18.246] [modloading-worker-0/DEBUG] [com.tterrag.registrate.AbstractRegistrate/REGISTRATE.REGISTER]: Captured registration for entry fruitsdelight:apple_jelly_cauldron of type minecraft:block
[10Mar2026 09:59:18.246] [modloading-worker-0/DEBUG] [com.tterrag.registrate.AbstractRegistrate/REGISTRATE.REGISTER]: Captured registration for entry fruitsdelight:apple_jello_cauldron of type minecraft:item
[10Mar2026 09:59:18.246] [modloading-worker-0/DEBUG] [com.tterrag.registrate.AbstractRegistrate/REGISTRATE.REGISTER]: Captured registration for entry fruitsdelight:apple_jello_cauldron of type minecraft:block
[10Mar2026 09:59:18.246] [modloading-worker-0/DEBUG] [com.tterrag.registrate.AbstractRegistrate/REGISTRATE.REGISTER]: Captured registration for entry fruitsdelight:blueberry_cauldron of type minecraft:item
[10Mar2026 09:59:18.246] [modloading-worker-0/DEBUG] [com.tterrag.registrate.AbstractRegistrate/REGISTRATE.REGISTER]: Captured registration for entry fruitsdelight:blueberry_cauldron of type minecraft:block
[10Mar2026 09:59:18.246] [modloading-worker-0/DEBUG] [com.tterrag.registrate.AbstractRegistrate/REGISTRATE.REGISTER]: Captured registration for entry fruitsdelight:blueberry_jelly_cauldron of type minecraft:item
[10Mar2026 09:59:18.247] [modloading-worker-0/DEBUG] [com.tterrag.registrate.AbstractRegistrate/REGISTRATE.REGISTER]: Captured registration for entry fruitsdelight:blueberry_jelly_cauldron of type minecraft:block
[10Mar2026 09:59:18.247] [modloading-worker-0/DEBUG] [com.tterrag.registrate.AbstractRegistrate/REGISTRATE.REGISTER]: Captured registration for entry fruitsdelight:blueberry_jello_cauldron of type minecraft:item
[10Mar2026 09:59:18.247] [modloading-worker-0/DEBUG] [com.tterrag.registrate.AbstractRegistrate/REGISTRATE.REGISTER]: Captured registration for entry fruitsdelight:blueberry_jello_cauldron of type minecraft:block
[10Mar2026 09:59:18.247] [modloading-worker-0/DEBUG] [com.tterrag.registrate.AbstractRegistrate/REGISTRATE.REGISTER]: Captured registration for entry fruitsdelight:glowberry_cauldron of type minecraft:item
[10Mar2026 09:59:18.247] [modloading-worker-0/DEBUG] [com.tterrag.registrate.AbstractRegistrate/REGISTRATE.REGISTER]: Captured registration for entry fruitsdelight:glowberry_cauldron of type minecraft:block
[10Mar2026 09:59:18.247] [modloading-worker-0/DEBUG] [com.tterrag.registrate.AbstractRegistrate/REGISTRATE.REGISTER]: Captured registration for entry fruitsdelight:glowberry_jelly_cauldron of type minecraft:item
[10Mar2026 09:59:18.247] [modloading-worker-0/DEBUG] [com.tterrag.registrate.AbstractRegistrate/REGISTRATE.REGISTER]: Captured registration for entry fruitsdelight:glowberry_jelly_cauldron of type minecraft:block
[10Mar2026 09:59:18.247] [modloading-worker-0/DEBUG] [com.tterrag.registrate.AbstractRegistrate/REGISTRATE.REGISTER]: Captured registration for entry fruitsdelight:glowberry_jello_cauldron of type minecraft:item
[10Mar2026 09:59:18.248] [modloading-worker-0/DEBUG] [com.tterrag.registrate.AbstractRegistrate/REGISTRATE.REGISTER]: Captured registration for entry fruitsdelight:glowberry_jello_cauldron of type minecraft:block
[10Mar2026 09:59:18.248] [modloading-worker-0/DEBUG] [com.tterrag.registrate.AbstractRegistrate/REGISTRATE.REGISTER]: Captured registration for entry fruitsdelight:hamimelon_cauldron of type minecraft:item
[10Mar2026 09:59:18.248] [modloading-worker-0/DEBUG] [com.tterrag.registrate.AbstractRegistrate/REGISTRATE.REGISTER]: Captured registration for entry fruitsdelight:hamimelon_cauldron of type minecraft:block
[10Mar2026 09:59:18.248] [modloading-worker-0/DEBUG] [com.tterrag.registrate.AbstractRegistrate/REGISTRATE.REGISTER]: Captured registration for entry fruitsdelight:hamimelon_jelly_cauldron of type minecraft:item
[10Mar2026 09:59:18.248] [modloading-worker-0/DEBUG] [com.tterrag.registrate.AbstractRegistrate/REGISTRATE.REGISTER]: Captured registration for entry fruitsdelight:hamimelon_jelly_cauldron of type minecraft:block
[10Mar2026 09:59:18.248] [modloading-worker-0/DEBUG] [com.tterrag.registrate.AbstractRegistrate/REGISTRATE.REGISTER]: Captured registration for entry fruitsdelight:hamimelon_jello_cauldron of type minecraft:item
[10Mar2026 09:59:18.249] [modloading-worker-0/DEBUG] [com.tterrag.registrate.AbstractRegistrate/REGISTRATE.REGISTER]: Captured registration for entry fruitsdelight:hamimelon_jello_cauldron of type minecraft:block
[10Mar2026 09:59:18.249] [modloading-worker-0/DEBUG] [com.tterrag.registrate.AbstractRegistrate/REGISTRATE.REGISTER]: Captured registration for entry fruitsdelight:melon_cauldron of type minecraft:item
[10Mar2026 09:59:18.249] [modloading-worker-0/DEBUG] [com.tterrag.registrate.AbstractRegistrate/REGISTRATE.REGISTER]: Captured registration for entry fruitsdelight:melon_cauldron of type minecraft:block
[10Mar2026 09:59:18.249] [modloading-worker-0/DEBUG] [com.tterrag.registrate.AbstractRegistrate/REGISTRATE.REGISTER]: Captured registration for entry fruitsdelight:melon_jelly_cauldron of type minecraft:item
[10Mar2026 09:59:18.249] [modloading-worker-0/DEBUG] [com.tterrag.registrate.AbstractRegistrate/REGISTRATE.REGISTER]: Captured registration for entry fruitsdelight:melon_jelly_cauldron of type minecraft:block
[10Mar2026 09:59:18.249] [modloading-worker-0/DEBUG] [com.tterrag.registrate.AbstractRegistrate/REGISTRATE.REGISTER]: Captured registration for entry fruitsdelight:melon_jello_cauldron of type minecraft:item
[10Mar2026 09:59:18.249] [modloading-worker-0/DEBUG] [com.tterrag.registrate.AbstractRegistrate/REGISTRATE.REGISTER]: Captured registration for entry fruitsdelight:melon_jello_cauldron of type minecraft:block
[10Mar2026 09:59:18.249] [modloading-worker-0/DEBUG] [com.tterrag.registrate.AbstractRegistrate/REGISTRATE.REGISTER]: Captured registration for entry fruitsdelight:hawberry_cauldron of type minecraft:item
[10Mar2026 09:59:18.249] [modloading-worker-0/DEBUG] [com.tterrag.registrate.AbstractRegistrate/REGISTRATE.REGISTER]: Captured registration for entry fruitsdelight:hawberry_cauldron of type minecraft:block
[10Mar2026 09:59:18.249] [modloading-worker-0/DEBUG] [com.tterrag.registrate.AbstractRegistrate/REGISTRATE.REGISTER]: Captured registration for entry fruitsdelight:hawberry_jelly_cauldron of type minecraft:item
[10Mar2026 09:59:18.250] [modloading-worker-0/DEBUG] [com.tterrag.registrate.AbstractRegistrate/REGISTRATE.REGISTER]: Captured registration for entry fruitsdelight:hawberry_jelly_cauldron of type minecraft:block
[10Mar2026 09:59:18.250] [modloading-worker-0/DEBUG] [com.tterrag.registrate.AbstractRegistrate/REGISTRATE.REGISTER]: Captured registration for entry fruitsdelight:hawberry_jello_cauldron of type minecraft:item
[10Mar2026 09:59:18.250] [modloading-worker-0/DEBUG] [com.tterrag.registrate.AbstractRegistrate/REGISTRATE.REGISTER]: Captured registration for entry fruitsdelight:hawberry_jello_cauldron of type minecraft:block
[10Mar2026 09:59:18.250] [modloading-worker-0/DEBUG] [com.tterrag.registrate.AbstractRegistrate/REGISTRATE.REGISTER]: Captured registration for entry fruitsdelight:lychee_cauldron of type minecraft:item
[10Mar2026 09:59:18.251] [modloading-worker-0/DEBUG] [com.tterrag.registrate.AbstractRegistrate/REGISTRATE.REGISTER]: Captured registration for entry fruitsdelight:lychee_cauldron of type minecraft:block
[10Mar2026 09:59:18.251] [modloading-worker-0/DEBUG] [com.tterrag.registrate.AbstractRegistrate/REGISTRATE.REGISTER]: Captured registration for entry fruitsdelight:lychee_jelly_cauldron of type minecraft:item
[10Mar2026 09:59:18.251] [modloading-worker-0/DEBUG] [com.tterrag.registrate.AbstractRegistrate/REGISTRATE.REGISTER]: Captured registration for entry fruitsdelight:lychee_jelly_cauldron of type minecraft:block
[10Mar2026 09:59:18.251] [modloading-worker-0/DEBUG] [com.tterrag.registrate.AbstractRegistrate/REGISTRATE.REGISTER]: Captured registration for entry fruitsdelight:lychee_jello_cauldron of type minecraft:item
[10Mar2026 09:59:18.252] [modloading-worker-0/DEBUG] [com.tterrag.registrate.AbstractRegistrate/REGISTRATE.REGISTER]: Captured registration for entry fruitsdelight:lychee_jello_cauldron of type minecraft:block
[10Mar2026 09:59:18.252] [modloading-worker-0/DEBUG] [com.tterrag.registrate.AbstractRegistrate/REGISTRATE.REGISTER]: Captured registration for entry fruitsdelight:mango_cauldron of type minecraft:item
[10Mar2026 09:59:18.252] [modloading-worker-0/DEBUG] [com.tterrag.registrate.AbstractRegistrate/REGISTRATE.REGISTER]: Captured registration for entry fruitsdelight:mango_cauldron of type minecraft:block
[10Mar2026 09:59:18.252] [modloading-worker-0/DEBUG] [com.tterrag.registrate.AbstractRegistrate/REGISTRATE.REGISTER]: Captured registration for entry fruitsdelight:mango_jelly_cauldron of type minecraft:item
[10Mar2026 09:59:18.252] [modloading-worker-0/DEBUG] [com.tterrag.registrate.AbstractRegistrate/REGISTRATE.REGISTER]: Captured registration for entry fruitsdelight:mango_jelly_cauldron of type minecraft:block
[10Mar2026 09:59:18.252] [modloading-worker-0/DEBUG] [com.tterrag.registrate.AbstractRegistrate/REGISTRATE.REGISTER]: Captured registration for entry fruitsdelight:mango_jello_cauldron of type minecraft:item
[10Mar2026 09:59:18.252] [modloading-worker-0/DEBUG] [com.tterrag.registrate.AbstractRegistrate/REGISTRATE.REGISTER]: Captured registration for entry fruitsdelight:mango_jello_cauldron of type minecraft:block
[10Mar2026 09:59:18.252] [modloading-worker-0/DEBUG] [com.tterrag.registrate.AbstractRegistrate/REGISTRATE.REGISTER]: Captured registration for entry fruitsdelight:orange_cauldron of type minecraft:item
[10Mar2026 09:59:18.252] [modloading-worker-0/DEBUG] [com.tterrag.registrate.AbstractRegistrate/REGISTRATE.REGISTER]: Captured registration for entry fruitsdelight:orange_cauldron of type minecraft:block
[10Mar2026 09:59:18.253] [modloading-worker-0/DEBUG] [com.tterrag.registrate.AbstractRegistrate/REGISTRATE.REGISTER]: Captured registration for entry fruitsdelight:orange_jelly_cauldron of type minecraft:item
[10Mar2026 09:59:18.253] [modloading-worker-0/DEBUG] [com.tterrag.registrate.AbstractRegistrate/REGISTRATE.REGISTER]: Captured registration for entry fruitsdelight:orange_jelly_cauldron of type minecraft:block
[10Mar2026 09:59:18.253] [modloading-worker-0/DEBUG] [com.tterrag.registrate.AbstractRegistrate/REGISTRATE.REGISTER]: Captured registration for entry fruitsdelight:orange_jello_cauldron of type minecraft:item
[10Mar2026 09:59:18.253] [modloading-worker-0/DEBUG] [com.tterrag.registrate.AbstractRegistrate/REGISTRATE.REGISTER]: Captured registration for entry fruitsdelight:orange_jello_cauldron of type minecraft:block
[10Mar2026 09:59:18.253] [modloading-worker-0/DEBUG] [com.tterrag.registrate.AbstractRegistrate/REGISTRATE.REGISTER]: Captured registration for entry fruitsdelight:peach_cauldron of type minecraft:item
[10Mar2026 09:59:18.253] [modloading-worker-0/DEBUG] [com.tterrag.registrate.AbstractRegistrate/REGISTRATE.REGISTER]: Captured registration for entry fruitsdelight:peach_cauldron of type minecraft:block
[10Mar2026 09:59:18.253] [modloading-worker-0/DEBUG] [com.tterrag.registrate.AbstractRegistrate/REGISTRATE.REGISTER]: Captured registration for entry fruitsdelight:peach_jelly_cauldron of type minecraft:item
[10Mar2026 09:59:18.253] [modloading-worker-0/DEBUG] [com.tterrag.registrate.AbstractRegistrate/REGISTRATE.REGISTER]: Captured registration for entry fruitsdelight:peach_jelly_cauldron of type minecraft:block
[10Mar2026 09:59:18.254] [modloading-worker-0/DEBUG] [com.tterrag.registrate.AbstractRegistrate/REGISTRATE.REGISTER]: Captured registration for entry fruitsdelight:peach_jello_cauldron of type minecraft:item
[10Mar2026 09:59:18.254] [modloading-worker-0/DEBUG] [com.tterrag.registrate.AbstractRegistrate/REGISTRATE.REGISTER]: Captured registration for entry fruitsdelight:peach_jello_cauldron of type minecraft:block
[10Mar2026 09:59:18.254] [modloading-worker-0/DEBUG] [com.tterrag.registrate.AbstractRegistrate/REGISTRATE.REGISTER]: Captured registration for entry fruitsdelight:pear_cauldron of type minecraft:item
[10Mar2026 09:59:18.254] [modloading-worker-0/DEBUG] [com.tterrag.registrate.AbstractRegistrate/REGISTRATE.REGISTER]: Captured registration for entry fruitsdelight:pear_cauldron of type minecraft:block
[10Mar2026 09:59:18.254] [modloading-worker-0/DEBUG] [com.tterrag.registrate.AbstractRegistrate/REGISTRATE.REGISTER]: Captured registration for entry fruitsdelight:pear_jelly_cauldron of type minecraft:item
[10Mar2026 09:59:18.254] [modloading-worker-0/DEBUG] [com.tterrag.registrate.AbstractRegistrate/REGISTRATE.REGISTER]: Captured registration for entry fruitsdelight:pear_jelly_cauldron of type minecraft:block
[10Mar2026 09:59:18.254] [modloading-worker-0/DEBUG] [com.tterrag.registrate.AbstractRegistrate/REGISTRATE.REGISTER]: Captured registration for entry fruitsdelight:pear_jello_cauldron of type minecraft:item
[10Mar2026 09:59:18.254] [modloading-worker-0/DEBUG] [com.tterrag.registrate.AbstractRegistrate/REGISTRATE.REGISTER]: Captured registration for entry fruitsdelight:pear_jello_cauldron of type minecraft:block
[10Mar2026 09:59:18.255] [modloading-worker-0/DEBUG] [com.tterrag.registrate.AbstractRegistrate/REGISTRATE.REGISTER]: Captured registration for entry fruitsdelight:persimmon_cauldron of type minecraft:item
[10Mar2026 09:59:18.255] [modloading-worker-0/DEBUG] [com.tterrag.registrate.AbstractRegistrate/REGISTRATE.REGISTER]: Captured registration for entry fruitsdelight:persimmon_cauldron of type minecraft:block
[10Mar2026 09:59:18.255] [modloading-worker-0/DEBUG] [com.tterrag.registrate.AbstractRegistrate/REGISTRATE.REGISTER]: Captured registration for entry fruitsdelight:persimmon_jelly_cauldron of type minecraft:item
[10Mar2026 09:59:18.255] [modloading-worker-0/DEBUG] [com.tterrag.registrate.AbstractRegistrate/REGISTRATE.REGISTER]: Captured registration for entry fruitsdelight:persimmon_jelly_cauldron of type minecraft:block
[10Mar2026 09:59:18.255] [modloading-worker-0/DEBUG] [com.tterrag.registrate.AbstractRegistrate/REGISTRATE.REGISTER]: Captured registration for entry fruitsdelight:persimmon_jello_cauldron of type minecraft:item
[10Mar2026 09:59:18.255] [modloading-worker-0/DEBUG] [com.tterrag.registrate.AbstractRegistrate/REGISTRATE.REGISTER]: Captured registration for entry fruitsdelight:persimmon_jello_cauldron of type minecraft:block
[10Mar2026 09:59:18.255] [modloading-worker-0/DEBUG] [com.tterrag.registrate.AbstractRegistrate/REGISTRATE.REGISTER]: Captured registration for entry fruitsdelight:pineapple_cauldron of type minecraft:item
[10Mar2026 09:59:18.255] [modloading-worker-0/DEBUG] [com.tterrag.registrate.AbstractRegistrate/REGISTRATE.REGISTER]: Captured registration for entry fruitsdelight:pineapple_cauldron of type minecraft:block
[10Mar2026 09:59:18.256] [modloading-worker-0/DEBUG] [com.tterrag.registrate.AbstractRegistrate/REGISTRATE.REGISTER]: Captured registration for entry fruitsdelight:pineapple_jelly_cauldron of type minecraft:item
[10Mar2026 09:59:18.256] [modloading-worker-0/DEBUG] [com.tterrag.registrate.AbstractRegistrate/REGISTRATE.REGISTER]: Captured registration for entry fruitsdelight:pineapple_jelly_cauldron of type minecraft:block
[10Mar2026 09:59:18.256] [modloading-worker-0/DEBUG] [com.tterrag.registrate.AbstractRegistrate/REGISTRATE.REGISTER]: Captured registration for entry fruitsdelight:pineapple_jello_cauldron of type minecraft:item
[10Mar2026 09:59:18.256] [modloading-worker-0/DEBUG] [com.tterrag.registrate.AbstractRegistrate/REGISTRATE.REGISTER]: Captured registration for entry fruitsdelight:pineapple_jello_cauldron of type minecraft:block
[10Mar2026 09:59:18.256] [modloading-worker-0/DEBUG] [com.tterrag.registrate.AbstractRegistrate/REGISTRATE.REGISTER]: Captured registration for entry fruitsdelight:lemon_cauldron of type minecraft:item
[10Mar2026 09:59:18.256] [modloading-worker-0/DEBUG] [com.tterrag.registrate.AbstractRegistrate/REGISTRATE.REGISTER]: Captured registration for entry fruitsdelight:lemon_cauldron of type minecraft:block
[10Mar2026 09:59:18.256] [modloading-worker-0/DEBUG] [com.tterrag.registrate.AbstractRegistrate/REGISTRATE.REGISTER]: Captured registration for entry fruitsdelight:lemon_jelly_cauldron of type minecraft:item
[10Mar2026 09:59:18.256] [modloading-worker-0/DEBUG] [com.tterrag.registrate.AbstractRegistrate/REGISTRATE.REGISTER]: Captured registration for entry fruitsdelight:lemon_jelly_cauldron of type minecraft:block
[10Mar2026 09:59:18.256] [modloading-worker-0/DEBUG] [com.tterrag.registrate.AbstractRegistrate/REGISTRATE.REGISTER]: Captured registration for entry fruitsdelight:lemon_jello_cauldron of type minecraft:item
[10Mar2026 09:59:18.257] [modloading-worker-0/DEBUG] [com.tterrag.registrate.AbstractRegistrate/REGISTRATE.REGISTER]: Captured registration for entry fruitsdelight:lemon_jello_cauldron of type minecraft:block
[10Mar2026 09:59:18.257] [modloading-worker-0/DEBUG] [com.tterrag.registrate.AbstractRegistrate/REGISTRATE.REGISTER]: Captured registration for entry fruitsdelight:cranberry_cauldron of type minecraft:item
[10Mar2026 09:59:18.257] [modloading-worker-0/DEBUG] [com.tterrag.registrate.AbstractRegistrate/REGISTRATE.REGISTER]: Captured registration for entry fruitsdelight:cranberry_cauldron of type minecraft:block
[10Mar2026 09:59:18.257] [modloading-worker-0/DEBUG] [com.tterrag.registrate.AbstractRegistrate/REGISTRATE.REGISTER]: Captured registration for entry fruitsdelight:cranberry_jelly_cauldron of type minecraft:item
[10Mar2026 09:59:18.257] [modloading-worker-0/DEBUG] [com.tterrag.registrate.AbstractRegistrate/REGISTRATE.REGISTER]: Captured registration for entry fruitsdelight:cranberry_jelly_cauldron of type minecraft:block
[10Mar2026 09:59:18.257] [modloading-worker-0/DEBUG] [com.tterrag.registrate.AbstractRegistrate/REGISTRATE.REGISTER]: Captured registration for entry fruitsdelight:cranberry_jello_cauldron of type minecraft:item
[10Mar2026 09:59:18.257] [modloading-worker-0/DEBUG] [com.tterrag.registrate.AbstractRegistrate/REGISTRATE.REGISTER]: Captured registration for entry fruitsdelight:cranberry_jello_cauldron of type minecraft:block
[10Mar2026 09:59:18.258] [modloading-worker-0/DEBUG] [com.tterrag.registrate.AbstractRegistrate/REGISTRATE.REGISTER]: Captured registration for entry fruitsdelight:mangosteen_cauldron of type minecraft:item
[10Mar2026 09:59:18.258] [modloading-worker-0/DEBUG] [com.tterrag.registrate.AbstractRegistrate/REGISTRATE.REGISTER]: Captured registration for entry fruitsdelight:mangosteen_cauldron of type minecraft:block
[10Mar2026 09:59:18.258] [modloading-worker-0/DEBUG] [com.tterrag.registrate.AbstractRegistrate/REGISTRATE.REGISTER]: Captured registration for entry fruitsdelight:mangosteen_jelly_cauldron of type minecraft:item
[10Mar2026 09:59:18.258] [modloading-worker-0/DEBUG] [com.tterrag.registrate.AbstractRegistrate/REGISTRATE.REGISTER]: Captured registration for entry fruitsdelight:mangosteen_jelly_cauldron of type minecraft:block
[10Mar2026 09:59:18.258] [modloading-worker-0/DEBUG] [com.tterrag.registrate.AbstractRegistrate/REGISTRATE.REGISTER]: Captured registration for entry fruitsdelight:mangosteen_jello_cauldron of type minecraft:item
[10Mar2026 09:59:18.258] [modloading-worker-0/DEBUG] [com.tterrag.registrate.AbstractRegistrate/REGISTRATE.REGISTER]: Captured registration for entry fruitsdelight:mangosteen_jello_cauldron of type minecraft:block
[10Mar2026 09:59:18.258] [modloading-worker-0/DEBUG] [com.tterrag.registrate.AbstractRegistrate/REGISTRATE.REGISTER]: Captured registration for entry fruitsdelight:sweetberry_cauldron of type minecraft:item
[10Mar2026 09:59:18.258] [modloading-worker-0/DEBUG] [com.tterrag.registrate.AbstractRegistrate/REGISTRATE.REGISTER]: Captured registration for entry fruitsdelight:sweetberry_cauldron of type minecraft:block
[10Mar2026 09:59:18.259] [modloading-worker-0/DEBUG] [com.tterrag.registrate.AbstractRegistrate/REGISTRATE.REGISTER]: Captured registration for entry fruitsdelight:sweetberry_jelly_cauldron of type minecraft:item
[10Mar2026 09:59:18.259] [modloading-worker-0/DEBUG] [com.tterrag.registrate.AbstractRegistrate/REGISTRATE.REGISTER]: Captured registration for entry fruitsdelight:sweetberry_jelly_cauldron of type minecraft:block
[10Mar2026 09:59:18.259] [modloading-worker-0/DEBUG] [com.tterrag.registrate.AbstractRegistrate/REGISTRATE.REGISTER]: Captured registration for entry fruitsdelight:sweetberry_jello_cauldron of type minecraft:item
[10Mar2026 09:59:18.259] [modloading-worker-0/DEBUG] [com.tterrag.registrate.AbstractRegistrate/REGISTRATE.REGISTER]: Captured registration for entry fruitsdelight:sweetberry_jello_cauldron of type minecraft:block
[10Mar2026 09:59:18.259] [modloading-worker-0/DEBUG] [com.tterrag.registrate.AbstractRegistrate/REGISTRATE.REGISTER]: Captured registration for entry fruitsdelight:chorus_cauldron of type minecraft:item
[10Mar2026 09:59:18.259] [modloading-worker-0/DEBUG] [com.tterrag.registrate.AbstractRegistrate/REGISTRATE.REGISTER]: Captured registration for entry fruitsdelight:chorus_cauldron of type minecraft:block
[10Mar2026 09:59:18.259] [modloading-worker-0/DEBUG] [com.tterrag.registrate.AbstractRegistrate/REGISTRATE.REGISTER]: Captured registration for entry fruitsdelight:chorus_jelly_cauldron of type minecraft:item
[10Mar2026 09:59:18.259] [modloading-worker-0/DEBUG] [com.tterrag.registrate.AbstractRegistrate/REGISTRATE.REGISTER]: Captured registration for entry fruitsdelight:chorus_jelly_cauldron of type minecraft:block
[10Mar2026 09:59:18.259] [modloading-worker-0/DEBUG] [com.tterrag.registrate.AbstractRegistrate/REGISTRATE.REGISTER]: Captured registration for entry fruitsdelight:chorus_jello_cauldron of type minecraft:item
[10Mar2026 09:59:18.260] [modloading-worker-0/DEBUG] [com.tterrag.registrate.AbstractRegistrate/REGISTRATE.REGISTER]: Captured registration for entry fruitsdelight:chorus_jello_cauldron of type minecraft:block
[10Mar2026 09:59:18.260] [modloading-worker-0/DEBUG] [com.tterrag.registrate.AbstractRegistrate/REGISTRATE.REGISTER]: Captured registration for entry fruitsdelight:bayberry_cauldron of type minecraft:item
[10Mar2026 09:59:18.260] [modloading-worker-0/DEBUG] [com.tterrag.registrate.AbstractRegistrate/REGISTRATE.REGISTER]: Captured registration for entry fruitsdelight:bayberry_cauldron of type minecraft:block
[10Mar2026 09:59:18.260] [modloading-worker-0/DEBUG] [com.tterrag.registrate.AbstractRegistrate/REGISTRATE.REGISTER]: Captured registration for entry fruitsdelight:bayberry_jelly_cauldron of type minecraft:item
[10Mar2026 09:59:18.260] [modloading-worker-0/DEBUG] [com.tterrag.registrate.AbstractRegistrate/REGISTRATE.REGISTER]: Captured registration for entry fruitsdelight:bayberry_jelly_cauldron of type minecraft:block
[10Mar2026 09:59:18.260] [modloading-worker-0/DEBUG] [com.tterrag.registrate.AbstractRegistrate/REGISTRATE.REGISTER]: Captured registration for entry fruitsdelight:bayberry_jello_cauldron of type minecraft:item
[10Mar2026 09:59:18.260] [modloading-worker-0/DEBUG] [com.tterrag.registrate.AbstractRegistrate/REGISTRATE.REGISTER]: Captured registration for entry fruitsdelight:bayberry_jello_cauldron of type minecraft:block
[10Mar2026 09:59:18.260] [modloading-worker-0/DEBUG] [com.tterrag.registrate.AbstractRegistrate/REGISTRATE.REGISTER]: Captured registration for entry fruitsdelight:kiwi_cauldron of type minecraft:item
[10Mar2026 09:59:18.260] [modloading-worker-0/DEBUG] [com.tterrag.registrate.AbstractRegistrate/REGISTRATE.REGISTER]: Captured registration for entry fruitsdelight:kiwi_cauldron of type minecraft:block
[10Mar2026 09:59:18.261] [modloading-worker-0/DEBUG] [com.tterrag.registrate.AbstractRegistrate/REGISTRATE.REGISTER]: Captured registration for entry fruitsdelight:kiwi_jelly_cauldron of type minecraft:item
[10Mar2026 09:59:18.261] [modloading-worker-0/DEBUG] [com.tterrag.registrate.AbstractRegistrate/REGISTRATE.REGISTER]: Captured registration for entry fruitsdelight:kiwi_jelly_cauldron of type minecraft:block
[10Mar2026 09:59:18.261] [modloading-worker-0/DEBUG] [com.tterrag.registrate.AbstractRegistrate/REGISTRATE.REGISTER]: Captured registration for entry fruitsdelight:kiwi_jello_cauldron of type minecraft:item
[10Mar2026 09:59:18.261] [modloading-worker-0/DEBUG] [com.tterrag.registrate.AbstractRegistrate/REGISTRATE.REGISTER]: Captured registration for entry fruitsdelight:kiwi_jello_cauldron of type minecraft:block
[10Mar2026 09:59:18.261] [modloading-worker-0/DEBUG] [com.tterrag.registrate.AbstractRegistrate/REGISTRATE.REGISTER]: Captured registration for entry fruitsdelight:fig_cauldron of type minecraft:item
[10Mar2026 09:59:18.261] [modloading-worker-0/DEBUG] [com.tterrag.registrate.AbstractRegistrate/REGISTRATE.REGISTER]: Captured registration for entry fruitsdelight:fig_cauldron of type minecraft:block
[10Mar2026 09:59:18.261] [modloading-worker-0/DEBUG] [com.tterrag.registrate.AbstractRegistrate/REGISTRATE.REGISTER]: Captured registration for entry fruitsdelight:fig_jelly_cauldron of type minecraft:item
[10Mar2026 09:59:18.261] [modloading-worker-0/DEBUG] [com.tterrag.registrate.AbstractRegistrate/REGISTRATE.REGISTER]: Captured registration for entry fruitsdelight:fig_jelly_cauldron of type minecraft:block
[10Mar2026 09:59:18.262] [modloading-worker-0/DEBUG] [com.tterrag.registrate.AbstractRegistrate/REGISTRATE.REGISTER]: Captured registration for entry fruitsdelight:fig_jello_cauldron of type minecraft:item
[10Mar2026 09:59:18.262] [modloading-worker-0/DEBUG] [com.tterrag.registrate.AbstractRegistrate/REGISTRATE.REGISTER]: Captured registration for entry fruitsdelight:fig_jello_cauldron of type minecraft:block
[10Mar2026 09:59:18.262] [modloading-worker-0/DEBUG] [com.tterrag.registrate.AbstractRegistrate/REGISTRATE.REGISTER]: Captured registration for entry fruitsdelight:durian_cauldron of type minecraft:item
[10Mar2026 09:59:18.262] [modloading-worker-0/DEBUG] [com.tterrag.registrate.AbstractRegistrate/REGISTRATE.REGISTER]: Captured registration for entry fruitsdelight:durian_cauldron of type minecraft:block
[10Mar2026 09:59:18.262] [modloading-worker-0/DEBUG] [com.tterrag.registrate.AbstractRegistrate/REGISTRATE.REGISTER]: Captured registration for entry fruitsdelight:durian_jelly_cauldron of type minecraft:item
[10Mar2026 09:59:18.262] [modloading-worker-0/DEBUG] [com.tterrag.registrate.AbstractRegistrate/REGISTRATE.REGISTER]: Captured registration for entry fruitsdelight:durian_jelly_cauldron of type minecraft:block
[10Mar2026 09:59:18.262] [modloading-worker-0/DEBUG] [com.tterrag.registrate.AbstractRegistrate/REGISTRATE.REGISTER]: Captured registration for entry fruitsdelight:durian_jello_cauldron of type minecraft:item
[10Mar2026 09:59:18.262] [modloading-worker-0/DEBUG] [com.tterrag.registrate.AbstractRegistrate/REGISTRATE.REGISTER]: Captured registration for entry fruitsdelight:durian_jello_cauldron of type minecraft:block
[10Mar2026 09:59:18.263] [modloading-worker-0/DEBUG] [com.tterrag.registrate.AbstractRegistrate/REGISTRATE.REGISTER]: Captured registration for entry fruitsdelight:dummy_cauldron of type minecraft:item
[10Mar2026 09:59:18.265] [modloading-worker-0/DEBUG] [com.tterrag.registrate.AbstractRegistrate/REGISTRATE.REGISTER]: Captured registration for entry fruitsdelight:jelly_craft_shapeless of type minecraft:recipe_serializer
[10Mar2026 09:59:18.265] [modloading-worker-0/DEBUG] [com.tterrag.registrate.AbstractRegistrate/REGISTRATE.REGISTER]: Captured registration for entry fruitsdelight:jelly_craft_shaped of type minecraft:recipe_serializer
[10Mar2026 09:59:18.267] [modloading-worker-0/DEBUG] [net.minecraftforge.fml.ModLoadingContext/]: Attempted to register an empty config for type CLIENT on mod fruitsdelight
[10Mar2026 09:59:18.267] [modloading-worker-0/DEBUG] [net.minecraftforge.fml.config.ConfigTracker/CONFIG]: Config file fruitsdelight-common.toml for fruitsdelight tracking
[10Mar2026 09:59:18.269] [modloading-worker-0/DEBUG] [com.tterrag.registrate.AbstractRegistrate/REGISTRATE.REGISTER]: Captured registration for entry fruitsdelight:replace_item of type forge:global_loot_modifier_serializers
[10Mar2026 09:59:18.277] [modloading-worker-0/DEBUG] [com.tterrag.registrate.AbstractRegistrate/REGISTRATE.REGISTER]: Captured registration for entry fruitsdelight:apple_jam of type forge:fluid_type
[10Mar2026 09:59:18.278] [modloading-worker-0/DEBUG] [com.tterrag.registrate.AbstractRegistrate/REGISTRATE.REGISTER]: Captured registration for entry fruitsdelight:apple_jam of type minecraft:fluid
[10Mar2026 09:59:18.278] [modloading-worker-0/DEBUG] [com.tterrag.registrate.AbstractRegistrate/REGISTRATE.REGISTER]: Captured registration for entry fruitsdelight:flowing_apple_jam of type minecraft:fluid
[10Mar2026 09:59:18.279] [modloading-worker-0/DEBUG] [com.tterrag.registrate.AbstractRegistrate/REGISTRATE.REGISTER]: Captured registration for entry fruitsdelight:apple_jello of type forge:fluid_type
[10Mar2026 09:59:18.279] [modloading-worker-0/DEBUG] [com.tterrag.registrate.AbstractRegistrate/REGISTRATE.REGISTER]: Captured registration for entry fruitsdelight:apple_jello of type minecraft:fluid
[10Mar2026 09:59:18.279] [modloading-worker-0/DEBUG] [com.tterrag.registrate.AbstractRegistrate/REGISTRATE.REGISTER]: Captured registration for entry fruitsdelight:flowing_apple_jello of type minecraft:fluid
[10Mar2026 09:59:18.279] [modloading-worker-0/DEBUG] [com.tterrag.registrate.AbstractRegistrate/REGISTRATE.REGISTER]: Captured registration for entry fruitsdelight:blueberry_jam of type forge:fluid_type
[10Mar2026 09:59:18.279] [modloading-worker-0/DEBUG] [com.tterrag.registrate.AbstractRegistrate/REGISTRATE.REGISTER]: Captured registration for entry fruitsdelight:blueberry_jam of type minecraft:fluid
[10Mar2026 09:59:18.279] [modloading-worker-0/DEBUG] [com.tterrag.registrate.AbstractRegistrate/REGISTRATE.REGISTER]: Captured registration for entry fruitsdelight:flowing_blueberry_jam of type minecraft:fluid
[10Mar2026 09:59:18.279] [modloading-worker-0/DEBUG] [com.tterrag.registrate.AbstractRegistrate/REGISTRATE.REGISTER]: Captured registration for entry fruitsdelight:blueberry_jello of type forge:fluid_type
[10Mar2026 09:59:18.279] [modloading-worker-0/DEBUG] [com.tterrag.registrate.AbstractRegistrate/REGISTRATE.REGISTER]: Captured registration for entry fruitsdelight:blueberry_jello of type minecraft:fluid
[10Mar2026 09:59:18.279] [modloading-worker-0/DEBUG] [com.tterrag.registrate.AbstractRegistrate/REGISTRATE.REGISTER]: Captured registration for entry fruitsdelight:flowing_blueberry_jello of type minecraft:fluid
[10Mar2026 09:59:18.279] [modloading-worker-0/DEBUG] [com.tterrag.registrate.AbstractRegistrate/REGISTRATE.REGISTER]: Captured registration for entry fruitsdelight:glowberry_jam of type forge:fluid_type
[10Mar2026 09:59:18.279] [modloading-worker-0/DEBUG] [com.tterrag.registrate.AbstractRegistrate/REGISTRATE.REGISTER]: Captured registration for entry fruitsdelight:glowberry_jam of type minecraft:fluid
[10Mar2026 09:59:18.280] [modloading-worker-0/DEBUG] [com.tterrag.registrate.AbstractRegistrate/REGISTRATE.REGISTER]: Captured registration for entry fruitsdelight:flowing_glowberry_jam of type minecraft:fluid
[10Mar2026 09:59:18.280] [modloading-worker-0/DEBUG] [com.tterrag.registrate.AbstractRegistrate/REGISTRATE.REGISTER]: Captured registration for entry fruitsdelight:glowberry_jello of type forge:fluid_type
[10Mar2026 09:59:18.280] [modloading-worker-0/DEBUG] [com.tterrag.registrate.AbstractRegistrate/REGISTRATE.REGISTER]: Captured registration for entry fruitsdelight:glowberry_jello of type minecraft:fluid
[10Mar2026 09:59:18.280] [modloading-worker-0/DEBUG] [com.tterrag.registrate.AbstractRegistrate/REGISTRATE.REGISTER]: Captured registration for entry fruitsdelight:flowing_glowberry_jello of type minecraft:fluid
[10Mar2026 09:59:18.280] [modloading-worker-0/DEBUG] [com.tterrag.registrate.AbstractRegistrate/REGISTRATE.REGISTER]: Captured registration for entry fruitsdelight:hamimelon_jam of type forge:fluid_type
[10Mar2026 09:59:18.280] [modloading-worker-0/DEBUG] [com.tterrag.registrate.AbstractRegistrate/REGISTRATE.REGISTER]: Captured registration for entry fruitsdelight:hamimelon_jam of type minecraft:fluid
[10Mar2026 09:59:18.280] [modloading-worker-0/DEBUG] [com.tterrag.registrate.AbstractRegistrate/REGISTRATE.REGISTER]: Captured registration for entry fruitsdelight:flowing_hamimelon_jam of type minecraft:fluid
[10Mar2026 09:59:18.280] [modloading-worker-0/DEBUG] [com.tterrag.registrate.AbstractRegistrate/REGISTRATE.REGISTER]: Captured registration for entry fruitsdelight:hamimelon_jello of type forge:fluid_type
[10Mar2026 09:59:18.280] [modloading-worker-0/DEBUG] [com.tterrag.registrate.AbstractRegistrate/REGISTRATE.REGISTER]: Captured registration for entry fruitsdelight:hamimelon_jello of type minecraft:fluid
[10Mar2026 09:59:18.280] [modloading-worker-0/DEBUG] [com.tterrag.registrate.AbstractRegistrate/REGISTRATE.REGISTER]: Captured registration for entry fruitsdelight:flowing_hamimelon_jello of type minecraft:fluid
[10Mar2026 09:59:18.280] [modloading-worker-0/DEBUG] [com.tterrag.registrate.AbstractRegistrate/REGISTRATE.REGISTER]: Captured registration for entry fruitsdelight:melon_jam of type forge:fluid_type
[10Mar2026 09:59:18.280] [modloading-worker-0/DEBUG] [com.tterrag.registrate.AbstractRegistrate/REGISTRATE.REGISTER]: Captured registration for entry fruitsdelight:melon_jam of type minecraft:fluid
[10Mar2026 09:59:18.281] [modloading-worker-0/DEBUG] [com.tterrag.registrate.AbstractRegistrate/REGISTRATE.REGISTER]: Captured registration for entry fruitsdelight:flowing_melon_jam of type minecraft:fluid
[10Mar2026 09:59:18.281] [modloading-worker-0/DEBUG] [com.tterrag.registrate.AbstractRegistrate/REGISTRATE.REGISTER]: Captured registration for entry fruitsdelight:melon_jello of type forge:fluid_type
[10Mar2026 09:59:18.281] [modloading-worker-0/DEBUG] [com.tterrag.registrate.AbstractRegistrate/REGISTRATE.REGISTER]: Captured registration for entry fruitsdelight:melon_jello of type minecraft:fluid
[10Mar2026 09:59:18.281] [modloading-worker-0/DEBUG] [com.tterrag.registrate.AbstractRegistrate/REGISTRATE.REGISTER]: Captured registration for entry fruitsdelight:flowing_melon_jello of type minecraft:fluid
[10Mar2026 09:59:18.281] [modloading-worker-0/DEBUG] [com.tterrag.registrate.AbstractRegistrate/REGISTRATE.REGISTER]: Captured registration for entry fruitsdelight:hawberry_jam of type forge:fluid_type
[10Mar2026 09:59:18.281] [modloading-worker-0/DEBUG] [com.tterrag.registrate.AbstractRegistrate/REGISTRATE.REGISTER]: Captured registration for entry fruitsdelight:hawberry_jam of type minecraft:fluid
[10Mar2026 09:59:18.281] [modloading-worker-0/DEBUG] [com.tterrag.registrate.AbstractRegistrate/REGISTRATE.REGISTER]: Captured registration for entry fruitsdelight:flowing_hawberry_jam of type minecraft:fluid
[10Mar2026 09:59:18.281] [modloading-worker-0/DEBUG] [com.tterrag.registrate.AbstractRegistrate/REGISTRATE.REGISTER]: Captured registration for entry fruitsdelight:hawberry_jello of type forge:fluid_type
[10Mar2026 09:59:18.281] [modloading-worker-0/DEBUG] [com.tterrag.registrate.AbstractRegistrate/REGISTRATE.REGISTER]: Captured registration for entry fruitsdelight:hawberry_jello of type minecraft:fluid
[10Mar2026 09:59:18.281] [modloading-worker-0/DEBUG] [com.tterrag.registrate.AbstractRegistrate/REGISTRATE.REGISTER]: Captured registration for entry fruitsdelight:flowing_hawberry_jello of type minecraft:fluid
[10Mar2026 09:59:18.281] [modloading-worker-0/DEBUG] [com.tterrag.registrate.AbstractRegistrate/REGISTRATE.REGISTER]: Captured registration for entry fruitsdelight:lychee_jam of type forge:fluid_type
[10Mar2026 09:59:18.281] [modloading-worker-0/DEBUG] [com.tterrag.registrate.AbstractRegistrate/REGISTRATE.REGISTER]: Captured registration for entry fruitsdelight:lychee_jam of type minecraft:fluid
[10Mar2026 09:59:18.281] [modloading-worker-0/DEBUG] [com.tterrag.registrate.AbstractRegistrate/REGISTRATE.REGISTER]: Captured registration for entry fruitsdelight:flowing_lychee_jam of type minecraft:fluid
[10Mar2026 09:59:18.282] [modloading-worker-0/DEBUG] [com.tterrag.registrate.AbstractRegistrate/REGISTRATE.REGISTER]: Captured registration for entry fruitsdelight:lychee_jello of type forge:fluid_type
[10Mar2026 09:59:18.282] [modloading-worker-0/DEBUG] [com.tterrag.registrate.AbstractRegistrate/REGISTRATE.REGISTER]: Captured registration for entry fruitsdelight:lychee_jello of type minecraft:fluid
[10Mar2026 09:59:18.282] [modloading-worker-0/DEBUG] [com.tterrag.registrate.AbstractRegistrate/REGISTRATE.REGISTER]: Captured registration for entry fruitsdelight:flowing_lychee_jello of type minecraft:fluid
[10Mar2026 09:59:18.282] [modloading-worker-0/DEBUG] [com.tterrag.registrate.AbstractRegistrate/REGISTRATE.REGISTER]: Captured registration for entry fruitsdelight:mango_jam of type forge:fluid_type
[10Mar2026 09:59:18.282] [modloading-worker-0/DEBUG] [com.tterrag.registrate.AbstractRegistrate/REGISTRATE.REGISTER]: Captured registration for entry fruitsdelight:mango_jam of type minecraft:fluid
[10Mar2026 09:59:18.282] [modloading-worker-0/DEBUG] [com.tterrag.registrate.AbstractRegistrate/REGISTRATE.REGISTER]: Captured registration for entry fruitsdelight:flowing_mango_jam of type minecraft:fluid
[10Mar2026 09:59:18.282] [modloading-worker-0/DEBUG] [com.tterrag.registrate.AbstractRegistrate/REGISTRATE.REGISTER]: Captured registration for entry fruitsdelight:mango_jello of type forge:fluid_type
[10Mar2026 09:59:18.282] [modloading-worker-0/DEBUG] [com.tterrag.registrate.AbstractRegistrate/REGISTRATE.REGISTER]: Captured registration for entry fruitsdelight:mango_jello of type minecraft:fluid
[10Mar2026 09:59:18.282] [modloading-worker-0/DEBUG] [com.tterrag.registrate.AbstractRegistrate/REGISTRATE.REGISTER]: Captured registration for entry fruitsdelight:flowing_mango_jello of type minecraft:fluid
[10Mar2026 09:59:18.282] [modloading-worker-0/DEBUG] [com.tterrag.registrate.AbstractRegistrate/REGISTRATE.REGISTER]: Captured registration for entry fruitsdelight:orange_jam of type forge:fluid_type
[10Mar2026 09:59:18.282] [modloading-worker-0/DEBUG] [com.tterrag.registrate.AbstractRegistrate/REGISTRATE.REGISTER]: Captured registration for entry fruitsdelight:orange_jam of type minecraft:fluid
[10Mar2026 09:59:18.282] [modloading-worker-0/DEBUG] [com.tterrag.registrate.AbstractRegistrate/REGISTRATE.REGISTER]: Captured registration for entry fruitsdelight:flowing_orange_jam of type minecraft:fluid
[10Mar2026 09:59:18.283] [modloading-worker-0/DEBUG] [com.tterrag.registrate.AbstractRegistrate/REGISTRATE.REGISTER]: Captured registration for entry fruitsdelight:orange_jello of type forge:fluid_type
[10Mar2026 09:59:18.283] [modloading-worker-0/DEBUG] [com.tterrag.registrate.AbstractRegistrate/REGISTRATE.REGISTER]: Captured registration for entry fruitsdelight:orange_jello of type minecraft:fluid
[10Mar2026 09:59:18.283] [modloading-worker-0/DEBUG] [com.tterrag.registrate.AbstractRegistrate/REGISTRATE.REGISTER]: Captured registration for entry fruitsdelight:flowing_orange_jello of type minecraft:fluid
[10Mar2026 09:59:18.283] [modloading-worker-0/DEBUG] [com.tterrag.registrate.AbstractRegistrate/REGISTRATE.REGISTER]: Captured registration for entry fruitsdelight:peach_jam of type forge:fluid_type
[10Mar2026 09:59:18.283] [modloading-worker-0/DEBUG] [com.tterrag.registrate.AbstractRegistrate/REGISTRATE.REGISTER]: Captured registration for entry fruitsdelight:peach_jam of type minecraft:fluid
[10Mar2026 09:59:18.283] [modloading-worker-0/DEBUG] [com.tterrag.registrate.AbstractRegistrate/REGISTRATE.REGISTER]: Captured registration for entry fruitsdelight:flowing_peach_jam of type minecraft:fluid
[10Mar2026 09:59:18.283] [modloading-worker-0/DEBUG] [com.tterrag.registrate.AbstractRegistrate/REGISTRATE.REGISTER]: Captured registration for entry fruitsdelight:peach_jello of type forge:fluid_type
[10Mar2026 09:59:18.283] [modloading-worker-0/DEBUG] [com.tterrag.registrate.AbstractRegistrate/REGISTRATE.REGISTER]: Captured registration for entry fruitsdelight:peach_jello of type minecraft:fluid
[10Mar2026 09:59:18.283] [modloading-worker-0/DEBUG] [com.tterrag.registrate.AbstractRegistrate/REGISTRATE.REGISTER]: Captured registration for entry fruitsdelight:flowing_peach_jello of type minecraft:fluid
[10Mar2026 09:59:18.283] [modloading-worker-0/DEBUG] [com.tterrag.registrate.AbstractRegistrate/REGISTRATE.REGISTER]: Captured registration for entry fruitsdelight:pear_jam of type forge:fluid_type
[10Mar2026 09:59:18.283] [modloading-worker-0/DEBUG] [com.tterrag.registrate.AbstractRegistrate/REGISTRATE.REGISTER]: Captured registration for entry fruitsdelight:pear_jam of type minecraft:fluid
[10Mar2026 09:59:18.283] [modloading-worker-0/DEBUG] [com.tterrag.registrate.AbstractRegistrate/REGISTRATE.REGISTER]: Captured registration for entry fruitsdelight:flowing_pear_jam of type minecraft:fluid
[10Mar2026 09:59:18.283] [modloading-worker-0/DEBUG] [com.tterrag.registrate.AbstractRegistrate/REGISTRATE.REGISTER]: Captured registration for entry fruitsdelight:pear_jello of type forge:fluid_type
[10Mar2026 09:59:18.283] [modloading-worker-0/DEBUG] [com.tterrag.registrate.AbstractRegistrate/REGISTRATE.REGISTER]: Captured registration for entry fruitsdelight:pear_jello of type minecraft:fluid
[10Mar2026 09:59:18.284] [modloading-worker-0/DEBUG] [com.tterrag.registrate.AbstractRegistrate/REGISTRATE.REGISTER]: Captured registration for entry fruitsdelight:flowing_pear_jello of type minecraft:fluid
[10Mar2026 09:59:18.284] [modloading-worker-0/DEBUG] [com.tterrag.registrate.AbstractRegistrate/REGISTRATE.REGISTER]: Captured registration for entry fruitsdelight:persimmon_jam of type forge:fluid_type
[10Mar2026 09:59:18.284] [modloading-worker-0/DEBUG] [com.tterrag.registrate.AbstractRegistrate/REGISTRATE.REGISTER]: Captured registration for entry fruitsdelight:persimmon_jam of type minecraft:fluid
[10Mar2026 09:59:18.284] [modloading-worker-0/DEBUG] [com.tterrag.registrate.AbstractRegistrate/REGISTRATE.REGISTER]: Captured registration for entry fruitsdelight:flowing_persimmon_jam of type minecraft:fluid
[10Mar2026 09:59:18.284] [modloading-worker-0/DEBUG] [com.tterrag.registrate.AbstractRegistrate/REGISTRATE.REGISTER]: Captured registration for entry fruitsdelight:persimmon_jello of type forge:fluid_type
[10Mar2026 09:59:18.284] [modloading-worker-0/DEBUG] [com.tterrag.registrate.AbstractRegistrate/REGISTRATE.REGISTER]: Captured registration for entry fruitsdelight:persimmon_jello of type minecraft:fluid
[10Mar2026 09:59:18.284] [modloading-worker-0/DEBUG] [com.tterrag.registrate.AbstractRegistrate/REGISTRATE.REGISTER]: Captured registration for entry fruitsdelight:flowing_persimmon_jello of type minecraft:fluid
[10Mar2026 09:59:18.284] [modloading-worker-0/DEBUG] [com.tterrag.registrate.AbstractRegistrate/REGISTRATE.REGISTER]: Captured registration for entry fruitsdelight:pineapple_jam of type forge:fluid_type
[10Mar2026 09:59:18.284] [modloading-worker-0/DEBUG] [com.tterrag.registrate.AbstractRegistrate/REGISTRATE.REGISTER]: Captured registration for entry fruitsdelight:pineapple_jam of type minecraft:fluid
[10Mar2026 09:59:18.284] [modloading-worker-0/DEBUG] [com.tterrag.registrate.AbstractRegistrate/REGISTRATE.REGISTER]: Captured registration for entry fruitsdelight:flowing_pineapple_jam of type minecraft:fluid
[10Mar2026 09:59:18.284] [modloading-worker-0/DEBUG] [com.tterrag.registrate.AbstractRegistrate/REGISTRATE.REGISTER]: Captured registration for entry fruitsdelight:pineapple_jello of type forge:fluid_type
[10Mar2026 09:59:18.284] [modloading-worker-0/DEBUG] [com.tterrag.registrate.AbstractRegistrate/REGISTRATE.REGISTER]: Captured registration for entry fruitsdelight:pineapple_jello of type minecraft:fluid
[10Mar2026 09:59:18.284] [modloading-worker-0/DEBUG] [com.tterrag.registrate.AbstractRegistrate/REGISTRATE.REGISTER]: Captured registration for entry fruitsdelight:flowing_pineapple_jello of type minecraft:fluid
[10Mar2026 09:59:18.284] [modloading-worker-0/DEBUG] [com.tterrag.registrate.AbstractRegistrate/REGISTRATE.REGISTER]: Captured registration for entry fruitsdelight:lemon_jam of type forge:fluid_type
[10Mar2026 09:59:18.284] [modloading-worker-0/DEBUG] [com.tterrag.registrate.AbstractRegistrate/REGISTRATE.REGISTER]: Captured registration for entry fruitsdelight:lemon_jam of type minecraft:fluid
[10Mar2026 09:59:18.285] [modloading-worker-0/DEBUG] [com.tterrag.registrate.AbstractRegistrate/REGISTRATE.REGISTER]: Captured registration for entry fruitsdelight:flowing_lemon_jam of type minecraft:fluid
[10Mar2026 09:59:18.285] [modloading-worker-0/DEBUG] [com.tterrag.registrate.AbstractRegistrate/REGISTRATE.REGISTER]: Captured registration for entry fruitsdelight:lemon_jello of type forge:fluid_type
[10Mar2026 09:59:18.285] [modloading-worker-0/DEBUG] [com.tterrag.registrate.AbstractRegistrate/REGISTRATE.REGISTER]: Captured registration for entry fruitsdelight:lemon_jello of type minecraft:fluid
[10Mar2026 09:59:18.285] [modloading-worker-0/DEBUG] [com.tterrag.registrate.AbstractRegistrate/REGISTRATE.REGISTER]: Captured registration for entry fruitsdelight:flowing_lemon_jello of type minecraft:fluid
[10Mar2026 09:59:18.285] [modloading-worker-0/DEBUG] [com.tterrag.registrate.AbstractRegistrate/REGISTRATE.REGISTER]: Captured registration for entry fruitsdelight:cranberry_jam of type forge:fluid_type
[10Mar2026 09:59:18.285] [modloading-worker-0/DEBUG] [com.tterrag.registrate.AbstractRegistrate/REGISTRATE.REGISTER]: Captured registration for entry fruitsdelight:cranberry_jam of type minecraft:fluid
[10Mar2026 09:59:18.285] [modloading-worker-0/DEBUG] [com.tterrag.registrate.AbstractRegistrate/REGISTRATE.REGISTER]: Captured registration for entry fruitsdelight:flowing_cranberry_jam of type minecraft:fluid
[10Mar2026 09:59:18.285] [modloading-worker-0/DEBUG] [com.tterrag.registrate.AbstractRegistrate/REGISTRATE.REGISTER]: Captured registration for entry fruitsdelight:cranberry_jello of type forge:fluid_type
[10Mar2026 09:59:18.285] [modloading-worker-0/DEBUG] [com.tterrag.registrate.AbstractRegistrate/REGISTRATE.REGISTER]: Captured registration for entry fruitsdelight:cranberry_jello of type minecraft:fluid
[10Mar2026 09:59:18.285] [modloading-worker-0/DEBUG] [com.tterrag.registrate.AbstractRegistrate/REGISTRATE.REGISTER]: Captured registration for entry fruitsdelight:flowing_cranberry_jello of type minecraft:fluid
[10Mar2026 09:59:18.285] [modloading-worker-0/DEBUG] [com.tterrag.registrate.AbstractRegistrate/REGISTRATE.REGISTER]: Captured registration for entry fruitsdelight:mangosteen_jam of type forge:fluid_type
[10Mar2026 09:59:18.285] [modloading-worker-0/DEBUG] [com.tterrag.registrate.AbstractRegistrate/REGISTRATE.REGISTER]: Captured registration for entry fruitsdelight:mangosteen_jam of type minecraft:fluid
[10Mar2026 09:59:18.285] [modloading-worker-0/DEBUG] [com.tterrag.registrate.AbstractRegistrate/REGISTRATE.REGISTER]: Captured registration for entry fruitsdelight:flowing_mangosteen_jam of type minecraft:fluid
[10Mar2026 09:59:18.285] [modloading-worker-0/DEBUG] [com.tterrag.registrate.AbstractRegistrate/REGISTRATE.REGISTER]: Captured registration for entry fruitsdelight:mangosteen_jello of type forge:fluid_type
[10Mar2026 09:59:18.285] [modloading-worker-0/DEBUG] [com.tterrag.registrate.AbstractRegistrate/REGISTRATE.REGISTER]: Captured registration for entry fruitsdelight:mangosteen_jello of type minecraft:fluid
[10Mar2026 09:59:18.286] [modloading-worker-0/DEBUG] [com.tterrag.registrate.AbstractRegistrate/REGISTRATE.REGISTER]: Captured registration for entry fruitsdelight:flowing_mangosteen_jello of type minecraft:fluid
[10Mar2026 09:59:18.286] [modloading-worker-0/DEBUG] [com.tterrag.registrate.AbstractRegistrate/REGISTRATE.REGISTER]: Captured registration for entry fruitsdelight:sweetberry_jam of type forge:fluid_type
[10Mar2026 09:59:18.286] [modloading-worker-0/DEBUG] [com.tterrag.registrate.AbstractRegistrate/REGISTRATE.REGISTER]: Captured registration for entry fruitsdelight:sweetberry_jam of type minecraft:fluid
[10Mar2026 09:59:18.286] [modloading-worker-0/DEBUG] [com.tterrag.registrate.AbstractRegistrate/REGISTRATE.REGISTER]: Captured registration for entry fruitsdelight:flowing_sweetberry_jam of type minecraft:fluid
[10Mar2026 09:59:18.286] [modloading-worker-0/DEBUG] [com.tterrag.registrate.AbstractRegistrate/REGISTRATE.REGISTER]: Captured registration for entry fruitsdelight:sweetberry_jello of type forge:fluid_type
[10Mar2026 09:59:18.286] [modloading-worker-0/DEBUG] [com.tterrag.registrate.AbstractRegistrate/REGISTRATE.REGISTER]: Captured registration for entry fruitsdelight:sweetberry_jello of type minecraft:fluid
[10Mar2026 09:59:18.286] [modloading-worker-0/DEBUG] [com.tterrag.registrate.AbstractRegistrate/REGISTRATE.REGISTER]: Captured registration for entry fruitsdelight:flowing_sweetberry_jello of type minecraft:fluid
[10Mar2026 09:59:18.286] [modloading-worker-0/DEBUG] [com.tterrag.registrate.AbstractRegistrate/REGISTRATE.REGISTER]: Captured registration for entry fruitsdelight:chorus_jam of type forge:fluid_type
[10Mar2026 09:59:18.286] [modloading-worker-0/DEBUG] [com.tterrag.registrate.AbstractRegistrate/REGISTRATE.REGISTER]: Captured registration for entry fruitsdelight:chorus_jam of type minecraft:fluid
[10Mar2026 09:59:18.286] [modloading-worker-0/DEBUG] [com.tterrag.registrate.AbstractRegistrate/REGISTRATE.REGISTER]: Captured registration for entry fruitsdelight:flowing_chorus_jam of type minecraft:fluid
[10Mar2026 09:59:18.286] [modloading-worker-0/DEBUG] [com.tterrag.registrate.AbstractRegistrate/REGISTRATE.REGISTER]: Captured registration for entry fruitsdelight:chorus_jello of type forge:fluid_type
[10Mar2026 09:59:18.286] [modloading-worker-0/DEBUG] [com.tterrag.registrate.AbstractRegistrate/REGISTRATE.REGISTER]: Captured registration for entry fruitsdelight:chorus_jello of type minecraft:fluid
[10Mar2026 09:59:18.286] [modloading-worker-0/DEBUG] [com.tterrag.registrate.AbstractRegistrate/REGISTRATE.REGISTER]: Captured registration for entry fruitsdelight:flowing_chorus_jello of type minecraft:fluid
[10Mar2026 09:59:18.286] [modloading-worker-0/DEBUG] [com.tterrag.registrate.AbstractRegistrate/REGISTRATE.REGISTER]: Captured registration for entry fruitsdelight:bayberry_jam of type forge:fluid_type
[10Mar2026 09:59:18.287] [modloading-worker-0/DEBUG] [com.tterrag.registrate.AbstractRegistrate/REGISTRATE.REGISTER]: Captured registration for entry fruitsdelight:bayberry_jam of type minecraft:fluid
[10Mar2026 09:59:18.287] [modloading-worker-0/DEBUG] [com.tterrag.registrate.AbstractRegistrate/REGISTRATE.REGISTER]: Captured registration for entry fruitsdelight:flowing_bayberry_jam of type minecraft:fluid
[10Mar2026 09:59:18.287] [modloading-worker-0/DEBUG] [com.tterrag.registrate.AbstractRegistrate/REGISTRATE.REGISTER]: Captured registration for entry fruitsdelight:bayberry_jello of type forge:fluid_type
[10Mar2026 09:59:18.287] [modloading-worker-0/DEBUG] [com.tterrag.registrate.AbstractRegistrate/REGISTRATE.REGISTER]: Captured registration for entry fruitsdelight:bayberry_jello of type minecraft:fluid
[10Mar2026 09:59:18.287] [modloading-worker-0/DEBUG] [com.tterrag.registrate.AbstractRegistrate/REGISTRATE.REGISTER]: Captured registration for entry fruitsdelight:flowing_bayberry_jello of type minecraft:fluid
[10Mar2026 09:59:18.287] [modloading-worker-0/DEBUG] [com.tterrag.registrate.AbstractRegistrate/REGISTRATE.REGISTER]: Captured registration for entry fruitsdelight:kiwi_jam of type forge:fluid_type
[10Mar2026 09:59:18.287] [modloading-worker-0/DEBUG] [com.tterrag.registrate.AbstractRegistrate/REGISTRATE.REGISTER]: Captured registration for entry fruitsdelight:kiwi_jam of type minecraft:fluid
[10Mar2026 09:59:18.287] [modloading-worker-0/DEBUG] [com.tterrag.registrate.AbstractRegistrate/REGISTRATE.REGISTER]: Captured registration for entry fruitsdelight:flowing_kiwi_jam of type minecraft:fluid
[10Mar2026 09:59:18.287] [modloading-worker-0/DEBUG] [com.tterrag.registrate.AbstractRegistrate/REGISTRATE.REGISTER]: Captured registration for entry fruitsdelight:kiwi_jello of type forge:fluid_type
[10Mar2026 09:59:18.287] [modloading-worker-0/DEBUG] [com.tterrag.registrate.AbstractRegistrate/REGISTRATE.REGISTER]: Captured registration for entry fruitsdelight:kiwi_jello of type minecraft:fluid
[10Mar2026 09:59:18.287] [modloading-worker-0/DEBUG] [com.tterrag.registrate.AbstractRegistrate/REGISTRATE.REGISTER]: Captured registration for entry fruitsdelight:flowing_kiwi_jello of type minecraft:fluid
[10Mar2026 09:59:18.287] [modloading-worker-0/DEBUG] [com.tterrag.registrate.AbstractRegistrate/REGISTRATE.REGISTER]: Captured registration for entry fruitsdelight:fig_jam of type forge:fluid_type
[10Mar2026 09:59:18.287] [modloading-worker-0/DEBUG] [com.tterrag.registrate.AbstractRegistrate/REGISTRATE.REGISTER]: Captured registration for entry fruitsdelight:fig_jam of type minecraft:fluid
[10Mar2026 09:59:18.287] [modloading-worker-0/DEBUG] [com.tterrag.registrate.AbstractRegistrate/REGISTRATE.REGISTER]: Captured registration for entry fruitsdelight:flowing_fig_jam of type minecraft:fluid
[10Mar2026 09:59:18.288] [modloading-worker-0/DEBUG] [com.tterrag.registrate.AbstractRegistrate/REGISTRATE.REGISTER]: Captured registration for entry fruitsdelight:fig_jello of type forge:fluid_type
[10Mar2026 09:59:18.288] [modloading-worker-0/DEBUG] [com.tterrag.registrate.AbstractRegistrate/REGISTRATE.REGISTER]: Captured registration for entry fruitsdelight:fig_jello of type minecraft:fluid
[10Mar2026 09:59:18.288] [modloading-worker-0/DEBUG] [com.tterrag.registrate.AbstractRegistrate/REGISTRATE.REGISTER]: Captured registration for entry fruitsdelight:flowing_fig_jello of type minecraft:fluid
[10Mar2026 09:59:18.288] [modloading-worker-0/DEBUG] [com.tterrag.registrate.AbstractRegistrate/REGISTRATE.REGISTER]: Captured registration for entry fruitsdelight:durian_jam of type forge:fluid_type
[10Mar2026 09:59:18.288] [modloading-worker-0/DEBUG] [com.tterrag.registrate.AbstractRegistrate/REGISTRATE.REGISTER]: Captured registration for entry fruitsdelight:durian_jam of type minecraft:fluid
[10Mar2026 09:59:18.288] [modloading-worker-0/DEBUG] [com.tterrag.registrate.AbstractRegistrate/REGISTRATE.REGISTER]: Captured registration for entry fruitsdelight:flowing_durian_jam of type minecraft:fluid
[10Mar2026 09:59:18.288] [modloading-worker-0/DEBUG] [com.tterrag.registrate.AbstractRegistrate/REGISTRATE.REGISTER]: Captured registration for entry fruitsdelight:durian_jello of type forge:fluid_type
[10Mar2026 09:59:18.288] [modloading-worker-0/DEBUG] [com.tterrag.registrate.AbstractRegistrate/REGISTRATE.REGISTER]: Captured registration for entry fruitsdelight:durian_jello of type minecraft:fluid
[10Mar2026 09:59:18.288] [modloading-worker-0/DEBUG] [com.tterrag.registrate.AbstractRegistrate/REGISTRATE.REGISTER]: Captured registration for entry fruitsdelight:flowing_durian_jello of type minecraft:fluid
[10Mar2026 09:59:18.289] [modloading-worker-0/DEBUG] [com.tterrag.registrate.AbstractRegistrate/REGISTRATE.REGISTER]: Captured registration for entry fruitsdelight:hamimelon_juice of type forge:fluid_type
[10Mar2026 09:59:18.289] [modloading-worker-0/DEBUG] [com.tterrag.registrate.AbstractRegistrate/REGISTRATE.REGISTER]: Captured registration for entry fruitsdelight:hamimelon_juice of type minecraft:fluid
[10Mar2026 09:59:18.289] [modloading-worker-0/DEBUG] [com.tterrag.registrate.AbstractRegistrate/REGISTRATE.REGISTER]: Captured registration for entry fruitsdelight:flowing_hamimelon_juice of type minecraft:fluid
[10Mar2026 09:59:18.289] [modloading-worker-0/DEBUG] [com.tterrag.registrate.AbstractRegistrate/REGISTRATE.REGISTER]: Captured registration for entry fruitsdelight:hawberry_tea of type forge:fluid_type
[10Mar2026 09:59:18.289] [modloading-worker-0/DEBUG] [com.tterrag.registrate.AbstractRegistrate/REGISTRATE.REGISTER]: Captured registration for entry fruitsdelight:hawberry_tea of type minecraft:fluid
[10Mar2026 09:59:18.289] [modloading-worker-0/DEBUG] [com.tterrag.registrate.AbstractRegistrate/REGISTRATE.REGISTER]: Captured registration for entry fruitsdelight:flowing_hawberry_tea of type minecraft:fluid
[10Mar2026 09:59:18.289] [modloading-worker-0/DEBUG] [com.tterrag.registrate.AbstractRegistrate/REGISTRATE.REGISTER]: Captured registration for entry fruitsdelight:orange_juice of type forge:fluid_type
[10Mar2026 09:59:18.289] [modloading-worker-0/DEBUG] [com.tterrag.registrate.AbstractRegistrate/REGISTRATE.REGISTER]: Captured registration for entry fruitsdelight:orange_juice of type minecraft:fluid
[10Mar2026 09:59:18.290] [modloading-worker-0/DEBUG] [com.tterrag.registrate.AbstractRegistrate/REGISTRATE.REGISTER]: Captured registration for entry fruitsdelight:flowing_orange_juice of type minecraft:fluid
[10Mar2026 09:59:18.290] [modloading-worker-0/DEBUG] [com.tterrag.registrate.AbstractRegistrate/REGISTRATE.REGISTER]: Captured registration for entry fruitsdelight:lemon_juice of type forge:fluid_type
[10Mar2026 09:59:18.290] [modloading-worker-0/DEBUG] [com.tterrag.registrate.AbstractRegistrate/REGISTRATE.REGISTER]: Captured registration for entry fruitsdelight:lemon_juice of type minecraft:fluid
[10Mar2026 09:59:18.290] [modloading-worker-0/DEBUG] [com.tterrag.registrate.AbstractRegistrate/REGISTRATE.REGISTER]: Captured registration for entry fruitsdelight:flowing_lemon_juice of type minecraft:fluid
[10Mar2026 09:59:18.290] [modloading-worker-0/DEBUG] [com.tterrag.registrate.AbstractRegistrate/REGISTRATE.REGISTER]: Captured registration for entry fruitsdelight:pear_juice of type forge:fluid_type
[10Mar2026 09:59:18.290] [modloading-worker-0/DEBUG] [com.tterrag.registrate.AbstractRegistrate/REGISTRATE.REGISTER]: Captured registration for entry fruitsdelight:pear_juice of type minecraft:fluid
[10Mar2026 09:59:18.290] [modloading-worker-0/DEBUG] [com.tterrag.registrate.AbstractRegistrate/REGISTRATE.REGISTER]: Captured registration for entry fruitsdelight:flowing_pear_juice of type minecraft:fluid
[10Mar2026 09:59:18.290] [modloading-worker-0/DEBUG] [com.tterrag.registrate.AbstractRegistrate/REGISTRATE.REGISTER]: Captured registration for entry fruitsdelight:mango_tea of type forge:fluid_type
[10Mar2026 09:59:18.290] [modloading-worker-0/DEBUG] [com.tterrag.registrate.AbstractRegistrate/REGISTRATE.REGISTER]: Captured registration for entry fruitsdelight:mango_tea of type minecraft:fluid
[10Mar2026 09:59:18.290] [modloading-worker-0/DEBUG] [com.tterrag.registrate.AbstractRegistrate/REGISTRATE.REGISTER]: Captured registration for entry fruitsdelight:flowing_mango_tea of type minecraft:fluid
[10Mar2026 09:59:18.290] [modloading-worker-0/DEBUG] [com.tterrag.registrate.AbstractRegistrate/REGISTRATE.REGISTER]: Captured registration for entry fruitsdelight:peach_tea of type forge:fluid_type
[10Mar2026 09:59:18.290] [modloading-worker-0/DEBUG] [com.tterrag.registrate.AbstractRegistrate/REGISTRATE.REGISTER]: Captured registration for entry fruitsdelight:peach_tea of type minecraft:fluid
[10Mar2026 09:59:18.290] [modloading-worker-0/DEBUG] [com.tterrag.registrate.AbstractRegistrate/REGISTRATE.REGISTER]: Captured registration for entry fruitsdelight:flowing_peach_tea of type minecraft:fluid
[10Mar2026 09:59:18.291] [modloading-worker-0/DEBUG] [com.tterrag.registrate.AbstractRegistrate/REGISTRATE.REGISTER]: Captured registration for entry fruitsdelight:lychee_cherry_tea of type forge:fluid_type
[10Mar2026 09:59:18.291] [modloading-worker-0/DEBUG] [com.tterrag.registrate.AbstractRegistrate/REGISTRATE.REGISTER]: Captured registration for entry fruitsdelight:lychee_cherry_tea of type minecraft:fluid
[10Mar2026 09:59:18.291] [modloading-worker-0/DEBUG] [com.tterrag.registrate.AbstractRegistrate/REGISTRATE.REGISTER]: Captured registration for entry fruitsdelight:flowing_lychee_cherry_tea of type minecraft:fluid
[10Mar2026 09:59:18.291] [modloading-worker-0/DEBUG] [com.tterrag.registrate.AbstractRegistrate/REGISTRATE.REGISTER]: Captured registration for entry fruitsdelight:mangosteen_tea of type forge:fluid_type
[10Mar2026 09:59:18.291] [modloading-worker-0/DEBUG] [com.tterrag.registrate.AbstractRegistrate/REGISTRATE.REGISTER]: Captured registration for entry fruitsdelight:mangosteen_tea of type minecraft:fluid
[10Mar2026 09:59:18.291] [modloading-worker-0/DEBUG] [com.tterrag.registrate.AbstractRegistrate/REGISTRATE.REGISTER]: Captured registration for entry fruitsdelight:flowing_mangosteen_tea of type minecraft:fluid
[10Mar2026 09:59:18.291] [modloading-worker-0/DEBUG] [com.tterrag.registrate.AbstractRegistrate/REGISTRATE.REGISTER]: Captured registration for entry fruitsdelight:bayberry_soup of type forge:fluid_type
[10Mar2026 09:59:18.291] [modloading-worker-0/DEBUG] [com.tterrag.registrate.AbstractRegistrate/REGISTRATE.REGISTER]: Captured registration for entry fruitsdelight:bayberry_soup of type minecraft:fluid
[10Mar2026 09:59:18.291] [modloading-worker-0/DEBUG] [com.tterrag.registrate.AbstractRegistrate/REGISTRATE.REGISTER]: Captured registration for entry fruitsdelight:flowing_bayberry_soup of type minecraft:fluid
[10Mar2026 09:59:18.291] [modloading-worker-0/DEBUG] [com.tterrag.registrate.AbstractRegistrate/REGISTRATE.REGISTER]: Captured registration for entry fruitsdelight:kiwi_juice of type forge:fluid_type
[10Mar2026 09:59:18.291] [modloading-worker-0/DEBUG] [com.tterrag.registrate.AbstractRegistrate/REGISTRATE.REGISTER]: Captured registration for entry fruitsdelight:kiwi_juice of type minecraft:fluid
[10Mar2026 09:59:18.291] [modloading-worker-0/DEBUG] [com.tterrag.registrate.AbstractRegistrate/REGISTRATE.REGISTER]: Captured registration for entry fruitsdelight:flowing_kiwi_juice of type minecraft:fluid
[10Mar2026 09:59:18.292] [modloading-worker-0/DEBUG] [com.tterrag.registrate.AbstractRegistrate/REGISTRATE.REGISTER]: Captured registration for entry fruitsdelight:bellini_cocktail of type forge:fluid_type
[10Mar2026 09:59:18.292] [modloading-worker-0/DEBUG] [com.tterrag.registrate.AbstractRegistrate/REGISTRATE.REGISTER]: Captured registration for entry fruitsdelight:bellini_cocktail of type minecraft:fluid
[10Mar2026 09:59:18.292] [modloading-worker-0/DEBUG] [com.tterrag.registrate.AbstractRegistrate/REGISTRATE.REGISTER]: Captured registration for entry fruitsdelight:flowing_bellini_cocktail of type minecraft:fluid
[10Mar2026 09:59:18.297] [modloading-worker-0/DEBUG] [net.minecraftforge.fml.javafmlmod.AutomaticEventSubscriber/LOADING]: Attempting to inject @EventBusSubscriber classes into the eventbus for fruitsdelight
[10Mar2026 09:59:18.297] [modloading-worker-0/DEBUG] [net.minecraftforge.fml.javafmlmod.AutomaticEventSubscriber/LOADING]: Auto-subscribing dev.xkmc.fruitsdelight.init.FruitsDelight to MOD
[10Mar2026 09:59:18.298] [modloading-worker-0/DEBUG] [net.minecraftforge.fml.javafmlmod.AutomaticEventSubscriber/LOADING]: Auto-subscribing dev.xkmc.fruitsdelight.events.EffectHandlers to FORGE
[10Mar2026 09:59:18.303] [main/DEBUG] [net.minecraftforge.fml.DeferredWorkQueue/LOADING]: Dispatching synchronous work for work queue CONSTRUCT: 1 jobs
[10Mar2026 09:59:18.305] [main/DEBUG] [net.minecraftforge.fml.config.ConfigTracker/CONFIG]: Config file enemyexpansion.toml for enemyexpansion tracking
[10Mar2026 09:59:18.306] [main/DEBUG] [net.minecraftforge.fml.DeferredWorkQueue/LOADING]: Synchronous work queue completed in 1.848 ms
[10Mar2026 09:59:18.362] [main/DEBUG] [net.minecraftforge.common.capabilities.CapabilityManager/CAPABILITIES]: Attempting to automatically register: Lnet/minecraftforge/energy/IEnergyStorage;
[10Mar2026 09:59:18.363] [main/DEBUG] [net.minecraftforge.common.capabilities.CapabilityManager/CAPABILITIES]: Attempting to automatically register: Lnet/minecraftforge/fluids/capability/IFluidHandler;
[10Mar2026 09:59:18.363] [main/DEBUG] [net.minecraftforge.common.capabilities.CapabilityManager/CAPABILITIES]: Attempting to automatically register: Lnet/minecraftforge/fluids/capability/IFluidHandlerItem;
[10Mar2026 09:59:18.363] [main/DEBUG] [net.minecraftforge.common.capabilities.CapabilityManager/CAPABILITIES]: Attempting to automatically register: Lnet/minecraftforge/items/IItemHandler;
[10Mar2026 09:59:18.383] [main/DEBUG] [com.tterrag.registrate.AbstractRegistrate/REGISTRATE.REGISTER]: (fruitsdelight) Registering 112 known objects of type minecraft:fluid
[10Mar2026 09:59:18.385] [main/DEBUG] [com.tterrag.registrate.AbstractRegistrate/REGISTRATE.REGISTER]: Registered fruitsdelight:apple_jam to registry minecraft:fluid
[10Mar2026 09:59:18.385] [main/DEBUG] [com.tterrag.registrate.AbstractRegistrate/REGISTRATE.REGISTER]: Registered fruitsdelight:flowing_apple_jam to registry minecraft:fluid
[10Mar2026 09:59:18.385] [main/DEBUG] [com.tterrag.registrate.AbstractRegistrate/REGISTRATE.REGISTER]: Registered fruitsdelight:apple_jello to registry minecraft:fluid
[10Mar2026 09:59:18.385] [main/DEBUG] [com.tterrag.registrate.AbstractRegistrate/REGISTRATE.REGISTER]: Registered fruitsdelight:flowing_apple_jello to registry minecraft:fluid
[10Mar2026 09:59:18.385] [main/DEBUG] [com.tterrag.registrate.AbstractRegistrate/REGISTRATE.REGISTER]: Registered fruitsdelight:blueberry_jam to registry minecraft:fluid
[10Mar2026 09:59:18.385] [main/DEBUG] [com.tterrag.registrate.AbstractRegistrate/REGISTRATE.REGISTER]: Registered fruitsdelight:flowing_blueberry_jam to registry minecraft:fluid
[10Mar2026 09:59:18.385] [main/DEBUG] [com.tterrag.registrate.AbstractRegistrate/REGISTRATE.REGISTER]: Registered fruitsdelight:blueberry_jello to registry minecraft:fluid
[10Mar2026 09:59:18.386] [main/DEBUG] [com.tterrag.registrate.AbstractRegistrate/REGISTRATE.REGISTER]: Registered fruitsdelight:flowing_blueberry_jello to registry minecraft:fluid
[10Mar2026 09:59:18.386] [main/DEBUG] [com.tterrag.registrate.AbstractRegistrate/REGISTRATE.REGISTER]: Registered fruitsdelight:glowberry_jam to registry minecraft:fluid
[10Mar2026 09:59:18.386] [main/DEBUG] [com.tterrag.registrate.AbstractRegistrate/REGISTRATE.REGISTER]: Registered fruitsdelight:flowing_glowberry_jam to registry minecraft:fluid
[10Mar2026 09:59:18.386] [main/DEBUG] [com.tterrag.registrate.AbstractRegistrate/REGISTRATE.REGISTER]: Registered fruitsdelight:glowberry_jello to registry minecraft:fluid
[10Mar2026 09:59:18.386] [main/DEBUG] [com.tterrag.registrate.AbstractRegistrate/REGISTRATE.REGISTER]: Registered fruitsdelight:flowing_glowberry_jello to registry minecraft:fluid
[10Mar2026 09:59:18.386] [main/DEBUG] [com.tterrag.registrate.AbstractRegistrate/REGISTRATE.REGISTER]: Registered fruitsdelight:hamimelon_jam to registry minecraft:fluid
[10Mar2026 09:59:18.386] [main/DEBUG] [com.tterrag.registrate.AbstractRegistrate/REGISTRATE.REGISTER]: Registered fruitsdelight:flowing_hamimelon_jam to registry minecraft:fluid
[10Mar2026 09:59:18.386] [main/DEBUG] [com.tterrag.registrate.AbstractRegistrate/REGISTRATE.REGISTER]: Registered fruitsdelight:hamimelon_jello to registry minecraft:fluid
[10Mar2026 09:59:18.387] [main/DEBUG] [com.tterrag.registrate.AbstractRegistrate/REGISTRATE.REGISTER]: Registered fruitsdelight:flowing_hamimelon_jello to registry minecraft:fluid
[10Mar2026 09:59:18.387] [main/DEBUG] [com.tterrag.registrate.AbstractRegistrate/REGISTRATE.REGISTER]: Registered fruitsdelight:melon_jam to registry minecraft:fluid
[10Mar2026 09:59:18.387] [main/DEBUG] [com.tterrag.registrate.AbstractRegistrate/REGISTRATE.REGISTER]: Registered fruitsdelight:flowing_melon_jam to registry minecraft:fluid
[10Mar2026 09:59:18.387] [main/DEBUG] [com.tterrag.registrate.AbstractRegistrate/REGISTRATE.REGISTER]: Registered fruitsdelight:melon_jello to registry minecraft:fluid
[10Mar2026 09:59:18.387] [main/DEBUG] [com.tterrag.registrate.AbstractRegistrate/REGISTRATE.REGISTER]: Registered fruitsdelight:flowing_melon_jello to registry minecraft:fluid
[10Mar2026 09:59:18.388] [main/DEBUG] [com.tterrag.registrate.AbstractRegistrate/REGISTRATE.REGISTER]: Registered fruitsdelight:hawberry_jam to registry minecraft:fluid
[10Mar2026 09:59:18.388] [main/DEBUG] [com.tterrag.registrate.AbstractRegistrate/REGISTRATE.REGISTER]: Registered fruitsdelight:flowing_hawberry_jam to registry minecraft:fluid
[10Mar2026 09:59:18.388] [main/DEBUG] [com.tterrag.registrate.AbstractRegistrate/REGISTRATE.REGISTER]: Registered fruitsdelight:hawberry_jello to registry minecraft:fluid
[10Mar2026 09:59:18.388] [main/DEBUG] [com.tterrag.registrate.AbstractRegistrate/REGISTRATE.REGISTER]: Registered fruitsdelight:flowing_hawberry_jello to registry minecraft:fluid
[10Mar2026 09:59:18.388] [main/DEBUG] [com.tterrag.registrate.AbstractRegistrate/REGISTRATE.REGISTER]: Registered fruitsdelight:lychee_jam to registry minecraft:fluid
[10Mar2026 09:59:18.388] [main/DEBUG] [com.tterrag.registrate.AbstractRegistrate/REGISTRATE.REGISTER]: Registered fruitsdelight:flowing_lychee_jam to registry minecraft:fluid
[10Mar2026 09:59:18.388] [main/DEBUG] [com.tterrag.registrate.AbstractRegistrate/REGISTRATE.REGISTER]: Registered fruitsdelight:lychee_jello to registry minecraft:fluid
[10Mar2026 09:59:18.388] [main/DEBUG] [com.tterrag.registrate.AbstractRegistrate/REGISTRATE.REGISTER]: Registered fruitsdelight:flowing_lychee_jello to registry minecraft:fluid
[10Mar2026 09:59:18.389] [main/DEBUG] [com.tterrag.registrate.AbstractRegistrate/REGISTRATE.REGISTER]: Registered fruitsdelight:mango_jam to registry minecraft:fluid
[10Mar2026 09:59:18.389] [main/DEBUG] [com.tterrag.registrate.AbstractRegistrate/REGISTRATE.REGISTER]: Registered fruitsdelight:flowing_mango_jam to registry minecraft:fluid
[10Mar2026 09:59:18.389] [main/DEBUG] [com.tterrag.registrate.AbstractRegistrate/REGISTRATE.REGISTER]: Registered fruitsdelight:mango_jello to registry minecraft:fluid
[10Mar2026 09:59:18.389] [main/DEBUG] [com.tterrag.registrate.AbstractRegistrate/REGISTRATE.REGISTER]: Registered fruitsdelight:flowing_mango_jello to registry minecraft:fluid
[10Mar2026 09:59:18.389] [main/DEBUG] [com.tterrag.registrate.AbstractRegistrate/REGISTRATE.REGISTER]: Registered fruitsdelight:orange_jam to registry minecraft:fluid
[10Mar2026 09:59:18.389] [main/DEBUG] [com.tterrag.registrate.AbstractRegistrate/REGISTRATE.REGISTER]: Registered fruitsdelight:flowing_orange_jam to registry minecraft:fluid
[10Mar2026 09:59:18.389] [main/DEBUG] [com.tterrag.registrate.AbstractRegistrate/REGISTRATE.REGISTER]: Registered fruitsdelight:orange_jello to registry minecraft:fluid
[10Mar2026 09:59:18.389] [main/DEBUG] [com.tterrag.registrate.AbstractRegistrate/REGISTRATE.REGISTER]: Registered fruitsdelight:flowing_orange_jello to registry minecraft:fluid
[10Mar2026 09:59:18.390] [main/DEBUG] [com.tterrag.registrate.AbstractRegistrate/REGISTRATE.REGISTER]: Registered fruitsdelight:peach_jam to registry minecraft:fluid
[10Mar2026 09:59:18.390] [main/DEBUG] [com.tterrag.registrate.AbstractRegistrate/REGISTRATE.REGISTER]: Registered fruitsdelight:flowing_peach_jam to registry minecraft:fluid
[10Mar2026 09:59:18.390] [main/DEBUG] [com.tterrag.registrate.AbstractRegistrate/REGISTRATE.REGISTER]: Registered fruitsdelight:peach_jello to registry minecraft:fluid
[10Mar2026 09:59:18.390] [main/DEBUG] [com.tterrag.registrate.AbstractRegistrate/REGISTRATE.REGISTER]: Registered fruitsdelight:flowing_peach_jello to registry minecraft:fluid
[10Mar2026 09:59:18.390] [main/DEBUG] [com.tterrag.registrate.AbstractRegistrate/REGISTRATE.REGISTER]: Registered fruitsdelight:pear_jam to registry minecraft:fluid
[10Mar2026 09:59:18.390] [main/DEBUG] [com.tterrag.registrate.AbstractRegistrate/REGISTRATE.REGISTER]: Registered fruitsdelight:flowing_pear_jam to registry minecraft:fluid
[10Mar2026 09:59:18.390] [main/DEBUG] [com.tterrag.registrate.AbstractRegistrate/REGISTRATE.REGISTER]: Registered fruitsdelight:pear_jello to registry minecraft:fluid
[10Mar2026 09:59:18.391] [main/DEBUG] [com.tterrag.registrate.AbstractRegistrate/REGISTRATE.REGISTER]: Registered fruitsdelight:flowing_pear_jello to registry minecraft:fluid
[10Mar2026 09:59:18.391] [main/DEBUG] [com.tterrag.registrate.AbstractRegistrate/REGISTRATE.REGISTER]: Registered fruitsdelight:persimmon_jam to registry minecraft:fluid
[10Mar2026 09:59:18.391] [main/DEBUG] [com.tterrag.registrate.AbstractRegistrate/REGISTRATE.REGISTER]: Registered fruitsdelight:flowing_persimmon_jam to registry minecraft:fluid
[10Mar2026 09:59:18.391] [main/DEBUG] [com.tterrag.registrate.AbstractRegistrate/REGISTRATE.REGISTER]: Registered fruitsdelight:persimmon_jello to registry minecraft:fluid
[10Mar2026 09:59:18.391] [main/DEBUG] [com.tterrag.registrate.AbstractRegistrate/REGISTRATE.REGISTER]: Registered fruitsdelight:flowing_persimmon_jello to registry minecraft:fluid
[10Mar2026 09:59:18.391] [main/DEBUG] [com.tterrag.registrate.AbstractRegistrate/REGISTRATE.REGISTER]: Registered fruitsdelight:pineapple_jam to registry minecraft:fluid
[10Mar2026 09:59:18.391] [main/DEBUG] [com.tterrag.registrate.AbstractRegistrate/REGISTRATE.REGISTER]: Registered fruitsdelight:flowing_pineapple_jam to registry minecraft:fluid
[10Mar2026 09:59:18.391] [main/DEBUG] [com.tterrag.registrate.AbstractRegistrate/REGISTRATE.REGISTER]: Registered fruitsdelight:pineapple_jello to registry minecraft:fluid
[10Mar2026 09:59:18.392] [main/DEBUG] [com.tterrag.registrate.AbstractRegistrate/REGISTRATE.REGISTER]: Registered fruitsdelight:flowing_pineapple_jello to registry minecraft:fluid
[10Mar2026 09:59:18.392] [main/DEBUG] [com.tterrag.registrate.AbstractRegistrate/REGISTRATE.REGISTER]: Registered fruitsdelight:lemon_jam to registry minecraft:fluid
[10Mar2026 09:59:18.392] [main/DEBUG] [com.tterrag.registrate.AbstractRegistrate/REGISTRATE.REGISTER]: Registered fruitsdelight:flowing_lemon_jam to registry minecraft:fluid
[10Mar2026 09:59:18.392] [main/DEBUG] [com.tterrag.registrate.AbstractRegistrate/REGISTRATE.REGISTER]: Registered fruitsdelight:lemon_jello to registry minecraft:fluid
[10Mar2026 09:59:18.392] [main/DEBUG] [com.tterrag.registrate.AbstractRegistrate/REGISTRATE.REGISTER]: Registered fruitsdelight:flowing_lemon_jello to registry minecraft:fluid
[10Mar2026 09:59:18.392] [main/DEBUG] [com.tterrag.registrate.AbstractRegistrate/REGISTRATE.REGISTER]: Registered fruitsdelight:cranberry_jam to registry minecraft:fluid
[10Mar2026 09:59:18.392] [main/DEBUG] [com.tterrag.registrate.AbstractRegistrate/REGISTRATE.REGISTER]: Registered fruitsdelight:flowing_cranberry_jam to registry minecraft:fluid
[10Mar2026 09:59:18.392] [main/DEBUG] [com.tterrag.registrate.AbstractRegistrate/REGISTRATE.REGISTER]: Registered fruitsdelight:cranberry_jello to registry minecraft:fluid
[10Mar2026 09:59:18.393] [main/DEBUG] [com.tterrag.registrate.AbstractRegistrate/REGISTRATE.REGISTER]: Registered fruitsdelight:flowing_cranberry_jello to registry minecraft:fluid
[10Mar2026 09:59:18.393] [main/DEBUG] [com.tterrag.registrate.AbstractRegistrate/REGISTRATE.REGISTER]: Registered fruitsdelight:mangosteen_jam to registry minecraft:fluid
[10Mar2026 09:59:18.393] [main/DEBUG] [com.tterrag.registrate.AbstractRegistrate/REGISTRATE.REGISTER]: Registered fruitsdelight:flowing_mangosteen_jam to registry minecraft:fluid
[10Mar2026 09:59:18.393] [main/DEBUG] [com.tterrag.registrate.AbstractRegistrate/REGISTRATE.REGISTER]: Registered fruitsdelight:mangosteen_jello to registry minecraft:fluid
[10Mar2026 09:59:18.393] [main/DEBUG] [com.tterrag.registrate.AbstractRegistrate/REGISTRATE.REGISTER]: Registered fruitsdelight:flowing_mangosteen_jello to registry minecraft:fluid
[10Mar2026 09:59:18.393] [main/DEBUG] [com.tterrag.registrate.AbstractRegistrate/REGISTRATE.REGISTER]: Registered fruitsdelight:sweetberry_jam to registry minecraft:fluid
[10Mar2026 09:59:18.393] [main/DEBUG] [com.tterrag.registrate.AbstractRegistrate/REGISTRATE.REGISTER]: Registered fruitsdelight:flowing_sweetberry_jam to registry minecraft:fluid
[10Mar2026 09:59:18.393] [main/DEBUG] [com.tterrag.registrate.AbstractRegistrate/REGISTRATE.REGISTER]: Registered fruitsdelight:sweetberry_jello to registry minecraft:fluid
[10Mar2026 09:59:18.394] [main/DEBUG] [com.tterrag.registrate.AbstractRegistrate/REGISTRATE.REGISTER]: Registered fruitsdelight:flowing_sweetberry_jello to registry minecraft:fluid
[10Mar2026 09:59:18.394] [main/DEBUG] [com.tterrag.registrate.AbstractRegistrate/REGISTRATE.REGISTER]: Registered fruitsdelight:chorus_jam to registry minecraft:fluid
[10Mar2026 09:59:18.394] [main/DEBUG] [com.tterrag.registrate.AbstractRegistrate/REGISTRATE.REGISTER]: Registered fruitsdelight:flowing_chorus_jam to registry minecraft:fluid
[10Mar2026 09:59:18.394] [main/DEBUG] [com.tterrag.registrate.AbstractRegistrate/REGISTRATE.REGISTER]: Registered fruitsdelight:chorus_jello to registry minecraft:fluid
[10Mar2026 09:59:18.394] [main/DEBUG] [com.tterrag.registrate.AbstractRegistrate/REGISTRATE.REGISTER]: Registered fruitsdelight:flowing_chorus_jello to registry minecraft:fluid
[10Mar2026 09:59:18.394] [main/DEBUG] [com.tterrag.registrate.AbstractRegistrate/REGISTRATE.REGISTER]: Registered fruitsdelight:bayberry_jam to registry minecraft:fluid
[10Mar2026 09:59:18.394] [main/DEBUG] [com.tterrag.registrate.AbstractRegistrate/REGISTRATE.REGISTER]: Registered fruitsdelight:flowing_bayberry_jam to registry minecraft:fluid
[10Mar2026 09:59:18.395] [main/DEBUG] [com.tterrag.registrate.AbstractRegistrate/REGISTRATE.REGISTER]: Registered fruitsdelight:bayberry_jello to registry minecraft:fluid
[10Mar2026 09:59:18.395] [main/DEBUG] [com.tterrag.registrate.AbstractRegistrate/REGISTRATE.REGISTER]: Registered fruitsdelight:flowing_bayberry_jello to registry minecraft:fluid
[10Mar2026 09:59:18.395] [main/DEBUG] [com.tterrag.registrate.AbstractRegistrate/REGISTRATE.REGISTER]: Registered fruitsdelight:kiwi_jam to registry minecraft:fluid
[10Mar2026 09:59:18.395] [main/DEBUG] [com.tterrag.registrate.AbstractRegistrate/REGISTRATE.REGISTER]: Registered fruitsdelight:flowing_kiwi_jam to registry minecraft:fluid
[10Mar2026 09:59:18.395] [main/DEBUG] [com.tterrag.registrate.AbstractRegistrate/REGISTRATE.REGISTER]: Registered fruitsdelight:kiwi_jello to registry minecraft:fluid
[10Mar2026 09:59:18.395] [main/DEBUG] [com.tterrag.registrate.AbstractRegistrate/REGISTRATE.REGISTER]: Registered fruitsdelight:flowing_kiwi_jello to registry minecraft:fluid
[10Mar2026 09:59:18.395] [main/DEBUG] [com.tterrag.registrate.AbstractRegistrate/REGISTRATE.REGISTER]: Registered fruitsdelight:fig_jam to registry minecraft:fluid
[10Mar2026 09:59:18.395] [main/DEBUG] [com.tterrag.registrate.AbstractRegistrate/REGISTRATE.REGISTER]: Registered fruitsdelight:flowing_fig_jam to registry minecraft:fluid
[10Mar2026 09:59:18.396] [main/DEBUG] [com.tterrag.registrate.AbstractRegistrate/REGISTRATE.REGISTER]: Registered fruitsdelight:fig_jello to registry minecraft:fluid
[10Mar2026 09:59:18.396] [main/DEBUG] [com.tterrag.registrate.AbstractRegistrate/REGISTRATE.REGISTER]: Registered fruitsdelight:flowing_fig_jello to registry minecraft:fluid
[10Mar2026 09:59:18.396] [main/DEBUG] [com.tterrag.registrate.AbstractRegistrate/REGISTRATE.REGISTER]: Registered fruitsdelight:durian_jam to registry minecraft:fluid
[10Mar2026 09:59:18.396] [main/DEBUG] [com.tterrag.registrate.AbstractRegistrate/REGISTRATE.REGISTER]: Registered fruitsdelight:flowing_durian_jam to registry minecraft:fluid
[10Mar2026 09:59:18.396] [main/DEBUG] [com.tterrag.registrate.AbstractRegistrate/REGISTRATE.REGISTER]: Registered fruitsdelight:durian_jello to registry minecraft:fluid
[10Mar2026 09:59:18.396] [main/DEBUG] [com.tterrag.registrate.AbstractRegistrate/REGISTRATE.REGISTER]: Registered fruitsdelight:flowing_durian_jello to registry minecraft:fluid
[10Mar2026 09:59:18.396] [main/DEBUG] [com.tterrag.registrate.AbstractRegistrate/REGISTRATE.REGISTER]: Registered fruitsdelight:hamimelon_juice to registry minecraft:fluid
[10Mar2026 09:59:18.396] [main/DEBUG] [com.tterrag.registrate.AbstractRegistrate/REGISTRATE.REGISTER]: Registered fruitsdelight:flowing_hamimelon_juice to registry minecraft:fluid
[10Mar2026 09:59:18.397] [main/DEBUG] [com.tterrag.registrate.AbstractRegistrate/REGISTRATE.REGISTER]: Registered fruitsdelight:hawberry_tea to registry minecraft:fluid
[10Mar2026 09:59:18.397] [main/DEBUG] [com.tterrag.registrate.AbstractRegistrate/REGISTRATE.REGISTER]: Registered fruitsdelight:flowing_hawberry_tea to registry minecraft:fluid
[10Mar2026 09:59:18.397] [main/DEBUG] [com.tterrag.registrate.AbstractRegistrate/REGISTRATE.REGISTER]: Registered fruitsdelight:orange_juice to registry minecraft:fluid
[10Mar2026 09:59:18.397] [main/DEBUG] [com.tterrag.registrate.AbstractRegistrate/REGISTRATE.REGISTER]: Registered fruitsdelight:flowing_orange_juice to registry minecraft:fluid
[10Mar2026 09:59:18.397] [main/DEBUG] [com.tterrag.registrate.AbstractRegistrate/REGISTRATE.REGISTER]: Registered fruitsdelight:lemon_juice to registry minecraft:fluid
[10Mar2026 09:59:18.397] [main/DEBUG] [com.tterrag.registrate.AbstractRegistrate/REGISTRATE.REGISTER]: Registered fruitsdelight:flowing_lemon_juice to registry minecraft:fluid
[10Mar2026 09:59:18.397] [main/DEBUG] [com.tterrag.registrate.AbstractRegistrate/REGISTRATE.REGISTER]: Registered fruitsdelight:pear_juice to registry minecraft:fluid
[10Mar2026 09:59:18.397] [main/DEBUG] [com.tterrag.registrate.AbstractRegistrate/REGISTRATE.REGISTER]: Registered fruitsdelight:flowing_pear_juice to registry minecraft:fluid
[10Mar2026 09:59:18.398] [main/DEBUG] [com.tterrag.registrate.AbstractRegistrate/REGISTRATE.REGISTER]: Registered fruitsdelight:mango_tea to registry minecraft:fluid
[10Mar2026 09:59:18.398] [main/DEBUG] [com.tterrag.registrate.AbstractRegistrate/REGISTRATE.REGISTER]: Registered fruitsdelight:flowing_mango_tea to registry minecraft:fluid
[10Mar2026 09:59:18.398] [main/DEBUG] [com.tterrag.registrate.AbstractRegistrate/REGISTRATE.REGISTER]: Registered fruitsdelight:peach_tea to registry minecraft:fluid
[10Mar2026 09:59:18.398] [main/DEBUG] [com.tterrag.registrate.AbstractRegistrate/REGISTRATE.REGISTER]: Registered fruitsdelight:flowing_peach_tea to registry minecraft:fluid
[10Mar2026 09:59:18.398] [main/DEBUG] [com.tterrag.registrate.AbstractRegistrate/REGISTRATE.REGISTER]: Registered fruitsdelight:lychee_cherry_tea to registry minecraft:fluid
[10Mar2026 09:59:18.398] [main/DEBUG] [com.tterrag.registrate.AbstractRegistrate/REGISTRATE.REGISTER]: Registered fruitsdelight:flowing_lychee_cherry_tea to registry minecraft:fluid
[10Mar2026 09:59:18.398] [main/DEBUG] [com.tterrag.registrate.AbstractRegistrate/REGISTRATE.REGISTER]: Registered fruitsdelight:mangosteen_tea to registry minecraft:fluid
[10Mar2026 09:59:18.399] [main/DEBUG] [com.tterrag.registrate.AbstractRegistrate/REGISTRATE.REGISTER]: Registered fruitsdelight:flowing_mangosteen_tea to registry minecraft:fluid
[10Mar2026 09:59:18.399] [main/DEBUG] [com.tterrag.registrate.AbstractRegistrate/REGISTRATE.REGISTER]: Registered fruitsdelight:bayberry_soup to registry minecraft:fluid
[10Mar2026 09:59:18.399] [main/DEBUG] [com.tterrag.registrate.AbstractRegistrate/REGISTRATE.REGISTER]: Registered fruitsdelight:flowing_bayberry_soup to registry minecraft:fluid
[10Mar2026 09:59:18.399] [main/DEBUG] [com.tterrag.registrate.AbstractRegistrate/REGISTRATE.REGISTER]: Registered fruitsdelight:kiwi_juice to registry minecraft:fluid
[10Mar2026 09:59:18.399] [main/DEBUG] [com.tterrag.registrate.AbstractRegistrate/REGISTRATE.REGISTER]: Registered fruitsdelight:flowing_kiwi_juice to registry minecraft:fluid
[10Mar2026 09:59:18.399] [main/DEBUG] [com.tterrag.registrate.AbstractRegistrate/REGISTRATE.REGISTER]: Registered fruitsdelight:bellini_cocktail to registry minecraft:fluid
[10Mar2026 09:59:18.399] [main/DEBUG] [com.tterrag.registrate.AbstractRegistrate/REGISTRATE.REGISTER]: Registered fruitsdelight:flowing_bellini_cocktail to registry minecraft:fluid
[10Mar2026 09:59:20.823] [main/DEBUG] [com.tterrag.registrate.AbstractRegistrate/REGISTRATE.REGISTER]: (fruitsdelight) Registering 200 known objects of type minecraft:block
[10Mar2026 09:59:20.825] [main/DEBUG] [com.tterrag.registrate.AbstractRegistrate/REGISTRATE.REGISTER]: Registered fruitsdelight:pear_leaves to registry minecraft:block
[10Mar2026 09:59:20.825] [main/DEBUG] [com.tterrag.registrate.AbstractRegistrate/REGISTRATE.REGISTER]: Registered fruitsdelight:pear_sapling to registry minecraft:block
[10Mar2026 09:59:20.826] [main/DEBUG] [com.tterrag.registrate.AbstractRegistrate/REGISTRATE.REGISTER]: Registered fruitsdelight:potted_pear_sapling to registry minecraft:block
[10Mar2026 09:59:20.827] [main/DEBUG] [com.tterrag.registrate.AbstractRegistrate/REGISTRATE.REGISTER]: Registered fruitsdelight:hawberry_leaves to registry minecraft:block
[10Mar2026 09:59:20.827] [main/DEBUG] [com.tterrag.registrate.AbstractRegistrate/REGISTRATE.REGISTER]: Registered fruitsdelight:hawberry_sapling to registry minecraft:block
[10Mar2026 09:59:20.827] [main/DEBUG] [com.tterrag.registrate.AbstractRegistrate/REGISTRATE.REGISTER]: Registered fruitsdelight:potted_hawberry_sapling to registry minecraft:block
[10Mar2026 09:59:20.828] [main/DEBUG] [com.tterrag.registrate.AbstractRegistrate/REGISTRATE.REGISTER]: Registered fruitsdelight:lychee_leaves to registry minecraft:block
[10Mar2026 09:59:20.828] [main/DEBUG] [com.tterrag.registrate.AbstractRegistrate/REGISTRATE.REGISTER]: Registered fruitsdelight:lychee_sapling to registry minecraft:block
[10Mar2026 09:59:20.828] [main/DEBUG] [com.tterrag.registrate.AbstractRegistrate/REGISTRATE.REGISTER]: Registered fruitsdelight:potted_lychee_sapling to registry minecraft:block
[10Mar2026 09:59:20.830] [main/DEBUG] [com.tterrag.registrate.AbstractRegistrate/REGISTRATE.REGISTER]: Registered fruitsdelight:mango_leaves to registry minecraft:block
[10Mar2026 09:59:20.830] [main/DEBUG] [com.tterrag.registrate.AbstractRegistrate/REGISTRATE.REGISTER]: Registered fruitsdelight:mango_sapling to registry minecraft:block
[10Mar2026 09:59:20.830] [main/DEBUG] [com.tterrag.registrate.AbstractRegistrate/REGISTRATE.REGISTER]: Registered fruitsdelight:potted_mango_sapling to registry minecraft:block
[10Mar2026 09:59:20.831] [main/DEBUG] [com.tterrag.registrate.AbstractRegistrate/REGISTRATE.REGISTER]: Registered fruitsdelight:persimmon_leaves to registry minecraft:block
[10Mar2026 09:59:20.831] [main/DEBUG] [com.tterrag.registrate.AbstractRegistrate/REGISTRATE.REGISTER]: Registered fruitsdelight:persimmon_sapling to registry minecraft:block
[10Mar2026 09:59:20.831] [main/DEBUG] [com.tterrag.registrate.AbstractRegistrate/REGISTRATE.REGISTER]: Registered fruitsdelight:potted_persimmon_sapling to registry minecraft:block
[10Mar2026 09:59:20.834] [main/DEBUG] [com.tterrag.registrate.AbstractRegistrate/REGISTRATE.REGISTER]: Registered fruitsdelight:peach_leaves to registry minecraft:block
[10Mar2026 09:59:20.834] [main/DEBUG] [com.tterrag.registrate.AbstractRegistrate/REGISTRATE.REGISTER]: Registered fruitsdelight:peach_sapling to registry minecraft:block
[10Mar2026 09:59:20.834] [main/DEBUG] [com.tterrag.registrate.AbstractRegistrate/REGISTRATE.REGISTER]: Registered fruitsdelight:potted_peach_sapling to registry minecraft:block
[10Mar2026 09:59:20.836] [main/DEBUG] [com.tterrag.registrate.AbstractRegistrate/REGISTRATE.REGISTER]: Registered fruitsdelight:orange_leaves to registry minecraft:block
[10Mar2026 09:59:20.836] [main/DEBUG] [com.tterrag.registrate.AbstractRegistrate/REGISTRATE.REGISTER]: Registered fruitsdelight:orange_sapling to registry minecraft:block
[10Mar2026 09:59:20.836] [main/DEBUG] [com.tterrag.registrate.AbstractRegistrate/REGISTRATE.REGISTER]: Registered fruitsdelight:potted_orange_sapling to registry minecraft:block
[10Mar2026 09:59:20.837] [main/DEBUG] [com.tterrag.registrate.AbstractRegistrate/REGISTRATE.REGISTER]: Registered fruitsdelight:apple_leaves to registry minecraft:block
[10Mar2026 09:59:20.838] [main/DEBUG] [com.tterrag.registrate.AbstractRegistrate/REGISTRATE.REGISTER]: Registered fruitsdelight:apple_sapling to registry minecraft:block
[10Mar2026 09:59:20.838] [main/DEBUG] [com.tterrag.registrate.AbstractRegistrate/REGISTRATE.REGISTER]: Registered fruitsdelight:potted_apple_sapling to registry minecraft:block
[10Mar2026 09:59:20.839] [main/DEBUG] [com.tterrag.registrate.AbstractRegistrate/REGISTRATE.REGISTER]: Registered fruitsdelight:mangosteen_leaves to registry minecraft:block
[10Mar2026 09:59:20.839] [main/DEBUG] [com.tterrag.registrate.AbstractRegistrate/REGISTRATE.REGISTER]: Registered fruitsdelight:mangosteen_sapling to registry minecraft:block
[10Mar2026 09:59:20.839] [main/DEBUG] [com.tterrag.registrate.AbstractRegistrate/REGISTRATE.REGISTER]: Registered fruitsdelight:potted_mangosteen_sapling to registry minecraft:block
[10Mar2026 09:59:20.841] [main/DEBUG] [com.tterrag.registrate.AbstractRegistrate/REGISTRATE.REGISTER]: Registered fruitsdelight:bayberry_leaves to registry minecraft:block
[10Mar2026 09:59:20.841] [main/DEBUG] [com.tterrag.registrate.AbstractRegistrate/REGISTRATE.REGISTER]: Registered fruitsdelight:bayberry_sapling to registry minecraft:block
[10Mar2026 09:59:20.841] [main/DEBUG] [com.tterrag.registrate.AbstractRegistrate/REGISTRATE.REGISTER]: Registered fruitsdelight:potted_bayberry_sapling to registry minecraft:block
[10Mar2026 09:59:20.842] [main/DEBUG] [com.tterrag.registrate.AbstractRegistrate/REGISTRATE.REGISTER]: Registered fruitsdelight:kiwi_leaves to registry minecraft:block
[10Mar2026 09:59:20.842] [main/DEBUG] [com.tterrag.registrate.AbstractRegistrate/REGISTRATE.REGISTER]: Registered fruitsdelight:kiwi_sapling to registry minecraft:block
[10Mar2026 09:59:20.842] [main/DEBUG] [com.tterrag.registrate.AbstractRegistrate/REGISTRATE.REGISTER]: Registered fruitsdelight:potted_kiwi_sapling to registry minecraft:block
[10Mar2026 09:59:20.844] [main/DEBUG] [com.tterrag.registrate.AbstractRegistrate/REGISTRATE.REGISTER]: Registered fruitsdelight:fig_leaves to registry minecraft:block
[10Mar2026 09:59:20.844] [main/DEBUG] [com.tterrag.registrate.AbstractRegistrate/REGISTRATE.REGISTER]: Registered fruitsdelight:fig_sapling to registry minecraft:block
[10Mar2026 09:59:20.844] [main/DEBUG] [com.tterrag.registrate.AbstractRegistrate/REGISTRATE.REGISTER]: Registered fruitsdelight:potted_fig_sapling to registry minecraft:block
[10Mar2026 09:59:20.851] [main/DEBUG] [com.tterrag.registrate.AbstractRegistrate/REGISTRATE.REGISTER]: Registered fruitsdelight:durian_leaves to registry minecraft:block
[10Mar2026 09:59:20.851] [main/DEBUG] [com.tterrag.registrate.AbstractRegistrate/REGISTRATE.REGISTER]: Registered fruitsdelight:durian_sapling to registry minecraft:block
[10Mar2026 09:59:20.852] [main/DEBUG] [com.tterrag.registrate.AbstractRegistrate/REGISTRATE.REGISTER]: Registered fruitsdelight:potted_durian_sapling to registry minecraft:block
[10Mar2026 09:59:20.852] [main/DEBUG] [com.tterrag.registrate.AbstractRegistrate/REGISTRATE.REGISTER]: Registered fruitsdelight:durian to registry minecraft:block
[10Mar2026 09:59:20.853] [main/DEBUG] [com.tterrag.registrate.AbstractRegistrate/REGISTRATE.REGISTER]: Registered fruitsdelight:blueberry_bush to registry minecraft:block
[10Mar2026 09:59:20.854] [main/DEBUG] [com.tterrag.registrate.AbstractRegistrate/REGISTRATE.REGISTER]: Registered fruitsdelight:lemon_tree to registry minecraft:block
[10Mar2026 09:59:20.854] [main/DEBUG] [com.tterrag.registrate.AbstractRegistrate/REGISTRATE.REGISTER]: Registered fruitsdelight:cranberry_bush to registry minecraft:block
[10Mar2026 09:59:20.854] [main/DEBUG] [com.tterrag.registrate.AbstractRegistrate/REGISTRATE.REGISTER]: Registered fruitsdelight:hamimelon to registry minecraft:block
[10Mar2026 09:59:20.855] [main/DEBUG] [com.tterrag.registrate.AbstractRegistrate/REGISTRATE.REGISTER]: Registered fruitsdelight:hamimelon_stem to registry minecraft:block
[10Mar2026 09:59:20.855] [main/DEBUG] [com.tterrag.registrate.AbstractRegistrate/REGISTRATE.REGISTER]: Registered fruitsdelight:attached_hamimelon_stem to registry minecraft:block
[10Mar2026 09:59:20.855] [main/DEBUG] [com.tterrag.registrate.AbstractRegistrate/REGISTRATE.REGISTER]: Registered fruitsdelight:pineapple to registry minecraft:block
[10Mar2026 09:59:20.855] [main/DEBUG] [com.tterrag.registrate.AbstractRegistrate/REGISTRATE.REGISTER]: Registered fruitsdelight:wild_pineapple to registry minecraft:block
[10Mar2026 09:59:20.856] [main/DEBUG] [com.tterrag.registrate.AbstractRegistrate/REGISTRATE.REGISTER]: Registered fruitsdelight:apple_jelly to registry minecraft:block
[10Mar2026 09:59:20.856] [main/DEBUG] [com.tterrag.registrate.AbstractRegistrate/REGISTRATE.REGISTER]: Registered fruitsdelight:blueberry_jelly to registry minecraft:block
[10Mar2026 09:59:20.856] [main/DEBUG] [com.tterrag.registrate.AbstractRegistrate/REGISTRATE.REGISTER]: Registered fruitsdelight:glowberry_jelly to registry minecraft:block
[10Mar2026 09:59:20.856] [main/DEBUG] [com.tterrag.registrate.AbstractRegistrate/REGISTRATE.REGISTER]: Registered fruitsdelight:hamimelon_jelly to registry minecraft:block
[10Mar2026 09:59:20.856] [main/DEBUG] [com.tterrag.registrate.AbstractRegistrate/REGISTRATE.REGISTER]: Registered fruitsdelight:melon_jelly to registry minecraft:block
[10Mar2026 09:59:20.856] [main/DEBUG] [com.tterrag.registrate.AbstractRegistrate/REGISTRATE.REGISTER]: Registered fruitsdelight:hawberry_jelly to registry minecraft:block
[10Mar2026 09:59:20.856] [main/DEBUG] [com.tterrag.registrate.AbstractRegistrate/REGISTRATE.REGISTER]: Registered fruitsdelight:lychee_jelly to registry minecraft:block
[10Mar2026 09:59:20.856] [main/DEBUG] [com.tterrag.registrate.AbstractRegistrate/REGISTRATE.REGISTER]: Registered fruitsdelight:mango_jelly to registry minecraft:block
[10Mar2026 09:59:20.856] [main/DEBUG] [com.tterrag.registrate.AbstractRegistrate/REGISTRATE.REGISTER]: Registered fruitsdelight:orange_jelly to registry minecraft:block
[10Mar2026 09:59:20.856] [main/DEBUG] [com.tterrag.registrate.AbstractRegistrate/REGISTRATE.REGISTER]: Registered fruitsdelight:peach_jelly to registry minecraft:block
[10Mar2026 09:59:20.856] [main/DEBUG] [com.tterrag.registrate.AbstractRegistrate/REGISTRATE.REGISTER]: Registered fruitsdelight:pear_jelly to registry minecraft:block
[10Mar2026 09:59:20.857] [main/DEBUG] [com.tterrag.registrate.AbstractRegistrate/REGISTRATE.REGISTER]: Registered fruitsdelight:persimmon_jelly to registry minecraft:block
[10Mar2026 09:59:20.857] [main/DEBUG] [com.tterrag.registrate.AbstractRegistrate/REGISTRATE.REGISTER]: Registered fruitsdelight:pineapple_jelly to registry minecraft:block
[10Mar2026 09:59:20.857] [main/DEBUG] [com.tterrag.registrate.AbstractRegistrate/REGISTRATE.REGISTER]: Registered fruitsdelight:lemon_jelly to registry minecraft:block
[10Mar2026 09:59:20.857] [main/DEBUG] [com.tterrag.registrate.AbstractRegistrate/REGISTRATE.REGISTER]: Registered fruitsdelight:cranberry_jelly to registry minecraft:block
[10Mar2026 09:59:20.857] [main/DEBUG] [com.tterrag.registrate.AbstractRegistrate/REGISTRATE.REGISTER]: Registered fruitsdelight:mangosteen_jelly to registry minecraft:block
[10Mar2026 09:59:20.857] [main/DEBUG] [com.tterrag.registrate.AbstractRegistrate/REGISTRATE.REGISTER]: Registered fruitsdelight:sweetberry_jelly to registry minecraft:block
[10Mar2026 09:59:20.857] [main/DEBUG] [com.tterrag.registrate.AbstractRegistrate/REGISTRATE.REGISTER]: Registered fruitsdelight:chorus_jelly to registry minecraft:block
[10Mar2026 09:59:20.857] [main/DEBUG] [com.tterrag.registrate.AbstractRegistrate/REGISTRATE.REGISTER]: Registered fruitsdelight:bayberry_jelly to registry minecraft:block
[10Mar2026 09:59:20.857] [main/DEBUG] [com.tterrag.registrate.AbstractRegistrate/REGISTRATE.REGISTER]: Registered fruitsdelight:kiwi_jelly to registry minecraft:block
[10Mar2026 09:59:20.857] [main/DEBUG] [com.tterrag.registrate.AbstractRegistrate/REGISTRATE.REGISTER]: Registered fruitsdelight:fig_jelly to registry minecraft:block
[10Mar2026 09:59:20.857] [main/DEBUG] [com.tterrag.registrate.AbstractRegistrate/REGISTRATE.REGISTER]: Registered fruitsdelight:durian_jelly to registry minecraft:block
[10Mar2026 09:59:20.858] [main/DEBUG] [com.tterrag.registrate.AbstractRegistrate/REGISTRATE.REGISTER]: Registered fruitsdelight:pineapple_fried_rice to registry minecraft:block
[10Mar2026 09:59:20.858] [main/DEBUG] [com.tterrag.registrate.AbstractRegistrate/REGISTRATE.REGISTER]: Registered fruitsdelight:mangosteen_cake to registry minecraft:block
[10Mar2026 09:59:20.859] [main/DEBUG] [com.tterrag.registrate.AbstractRegistrate/REGISTRATE.REGISTER]: Registered fruitsdelight:fig_pudding to registry minecraft:block
[10Mar2026 09:59:20.859] [main/DEBUG] [com.tterrag.registrate.AbstractRegistrate/REGISTRATE.REGISTER]: Registered fruitsdelight:pear_crate to registry minecraft:block
[10Mar2026 09:59:20.859] [main/DEBUG] [com.tterrag.registrate.AbstractRegistrate/REGISTRATE.REGISTER]: Registered fruitsdelight:hawberry_crate to registry minecraft:block
[10Mar2026 09:59:20.859] [main/DEBUG] [com.tterrag.registrate.AbstractRegistrate/REGISTRATE.REGISTER]: Registered fruitsdelight:lychee_crate to registry minecraft:block
[10Mar2026 09:59:20.859] [main/DEBUG] [com.tterrag.registrate.AbstractRegistrate/REGISTRATE.REGISTER]: Registered fruitsdelight:mango_crate to registry minecraft:block
[10Mar2026 09:59:20.859] [main/DEBUG] [com.tterrag.registrate.AbstractRegistrate/REGISTRATE.REGISTER]: Registered fruitsdelight:persimmon_crate to registry minecraft:block
[10Mar2026 09:59:20.859] [main/DEBUG] [com.tterrag.registrate.AbstractRegistrate/REGISTRATE.REGISTER]: Registered fruitsdelight:peach_crate to registry minecraft:block
[10Mar2026 09:59:20.859] [main/DEBUG] [com.tterrag.registrate.AbstractRegistrate/REGISTRATE.REGISTER]: Registered fruitsdelight:orange_crate to registry minecraft:block
[10Mar2026 09:59:20.859] [main/DEBUG] [com.tterrag.registrate.AbstractRegistrate/REGISTRATE.REGISTER]: Registered fruitsdelight:mangosteen_crate to registry minecraft:block
[10Mar2026 09:59:20.860] [main/DEBUG] [com.tterrag.registrate.AbstractRegistrate/REGISTRATE.REGISTER]: Registered fruitsdelight:bayberry_crate to registry minecraft:block
[10Mar2026 09:59:20.860] [main/DEBUG] [com.tterrag.registrate.AbstractRegistrate/REGISTRATE.REGISTER]: Registered fruitsdelight:kiwi_crate to registry minecraft:block
[10Mar2026 09:59:20.860] [main/DEBUG] [com.tterrag.registrate.AbstractRegistrate/REGISTRATE.REGISTER]: Registered fruitsdelight:fig_crate to registry minecraft:block
[10Mar2026 09:59:20.860] [main/DEBUG] [com.tterrag.registrate.AbstractRegistrate/REGISTRATE.REGISTER]: Registered fruitsdelight:blueberry_crate to registry minecraft:block
[10Mar2026 09:59:20.860] [main/DEBUG] [com.tterrag.registrate.AbstractRegistrate/REGISTRATE.REGISTER]: Registered fruitsdelight:lemon_crate to registry minecraft:block
[10Mar2026 09:59:20.860] [main/DEBUG] [com.tterrag.registrate.AbstractRegistrate/REGISTRATE.REGISTER]: Registered fruitsdelight:cranberry_crate to registry minecraft:block
[10Mar2026 09:59:20.860] [main/DEBUG] [com.tterrag.registrate.AbstractRegistrate/REGISTRATE.REGISTER]: Registered fruitsdelight:pineapple_crate to registry minecraft:block
[10Mar2026 09:59:20.860] [main/DEBUG] [com.tterrag.registrate.AbstractRegistrate/REGISTRATE.REGISTER]: Registered fruitsdelight:apple_crate to registry minecraft:block
[10Mar2026 09:59:20.861] [main/DEBUG] [com.tterrag.registrate.AbstractRegistrate/REGISTRATE.REGISTER]: Registered fruitsdelight:apple_jelly_block to registry minecraft:block
[10Mar2026 09:59:20.861] [main/DEBUG] [com.tterrag.registrate.AbstractRegistrate/REGISTRATE.REGISTER]: Registered fruitsdelight:blueberry_jelly_block to registry minecraft:block
[10Mar2026 09:59:20.861] [main/DEBUG] [com.tterrag.registrate.AbstractRegistrate/REGISTRATE.REGISTER]: Registered fruitsdelight:glowberry_jelly_block to registry minecraft:block
[10Mar2026 09:59:20.861] [main/DEBUG] [com.tterrag.registrate.AbstractRegistrate/REGISTRATE.REGISTER]: Registered fruitsdelight:hamimelon_jelly_block to registry minecraft:block
[10Mar2026 09:59:20.861] [main/DEBUG] [com.tterrag.registrate.AbstractRegistrate/REGISTRATE.REGISTER]: Registered fruitsdelight:melon_jelly_block to registry minecraft:block
[10Mar2026 09:59:20.861] [main/DEBUG] [com.tterrag.registrate.AbstractRegistrate/REGISTRATE.REGISTER]: Registered fruitsdelight:hawberry_jelly_block to registry minecraft:block
[10Mar2026 09:59:20.861] [main/DEBUG] [com.tterrag.registrate.AbstractRegistrate/REGISTRATE.REGISTER]: Registered fruitsdelight:lychee_jelly_block to registry minecraft:block
[10Mar2026 09:59:20.861] [main/DEBUG] [com.tterrag.registrate.AbstractRegistrate/REGISTRATE.REGISTER]: Registered fruitsdelight:mango_jelly_block to registry minecraft:block
[10Mar2026 09:59:20.862] [main/DEBUG] [com.tterrag.registrate.AbstractRegistrate/REGISTRATE.REGISTER]: Registered fruitsdelight:orange_jelly_block to registry minecraft:block
[10Mar2026 09:59:20.862] [main/DEBUG] [com.tterrag.registrate.AbstractRegistrate/REGISTRATE.REGISTER]: Registered fruitsdelight:peach_jelly_block to registry minecraft:block
[10Mar2026 09:59:20.862] [main/DEBUG] [com.tterrag.registrate.AbstractRegistrate/REGISTRATE.REGISTER]: Registered fruitsdelight:pear_jelly_block to registry minecraft:block
[10Mar2026 09:59:20.862] [main/DEBUG] [com.tterrag.registrate.AbstractRegistrate/REGISTRATE.REGISTER]: Registered fruitsdelight:persimmon_jelly_block to registry minecraft:block
[10Mar2026 09:59:20.862] [main/DEBUG] [com.tterrag.registrate.AbstractRegistrate/REGISTRATE.REGISTER]: Registered fruitsdelight:pineapple_jelly_block to registry minecraft:block
[10Mar2026 09:59:20.862] [main/DEBUG] [com.tterrag.registrate.AbstractRegistrate/REGISTRATE.REGISTER]: Registered fruitsdelight:lemon_jelly_block to registry minecraft:block
[10Mar2026 09:59:20.862] [main/DEBUG] [com.tterrag.registrate.AbstractRegistrate/REGISTRATE.REGISTER]: Registered fruitsdelight:cranberry_jelly_block to registry minecraft:block
[10Mar2026 09:59:20.862] [main/DEBUG] [com.tterrag.registrate.AbstractRegistrate/REGISTRATE.REGISTER]: Registered fruitsdelight:mangosteen_jelly_block to registry minecraft:block
[10Mar2026 09:59:20.862] [main/DEBUG] [com.tterrag.registrate.AbstractRegistrate/REGISTRATE.REGISTER]: Registered fruitsdelight:sweetberry_jelly_block to registry minecraft:block
[10Mar2026 09:59:20.862] [main/DEBUG] [com.tterrag.registrate.AbstractRegistrate/REGISTRATE.REGISTER]: Registered fruitsdelight:chorus_jelly_block to registry minecraft:block
[10Mar2026 09:59:20.862] [main/DEBUG] [com.tterrag.registrate.AbstractRegistrate/REGISTRATE.REGISTER]: Registered fruitsdelight:bayberry_jelly_block to registry minecraft:block
[10Mar2026 09:59:20.862] [main/DEBUG] [com.tterrag.registrate.AbstractRegistrate/REGISTRATE.REGISTER]: Registered fruitsdelight:kiwi_jelly_block to registry minecraft:block
[10Mar2026 09:59:20.862] [main/DEBUG] [com.tterrag.registrate.AbstractRegistrate/REGISTRATE.REGISTER]: Registered fruitsdelight:fig_jelly_block to registry minecraft:block
[10Mar2026 09:59:20.863] [main/DEBUG] [com.tterrag.registrate.AbstractRegistrate/REGISTRATE.REGISTER]: Registered fruitsdelight:durian_jelly_block to registry minecraft:block
[10Mar2026 09:59:20.863] [main/DEBUG] [com.tterrag.registrate.AbstractRegistrate/REGISTRATE.REGISTER]: Registered fruitsdelight:apple_jello_block to registry minecraft:block
[10Mar2026 09:59:20.863] [main/DEBUG] [com.tterrag.registrate.AbstractRegistrate/REGISTRATE.REGISTER]: Registered fruitsdelight:blueberry_jello_block to registry minecraft:block
[10Mar2026 09:59:20.863] [main/DEBUG] [com.tterrag.registrate.AbstractRegistrate/REGISTRATE.REGISTER]: Registered fruitsdelight:glowberry_jello_block to registry minecraft:block
[10Mar2026 09:59:20.863] [main/DEBUG] [com.tterrag.registrate.AbstractRegistrate/REGISTRATE.REGISTER]: Registered fruitsdelight:hamimelon_jello_block to registry minecraft:block
[10Mar2026 09:59:20.863] [main/DEBUG] [com.tterrag.registrate.AbstractRegistrate/REGISTRATE.REGISTER]: Registered fruitsdelight:melon_jello_block to registry minecraft:block
[10Mar2026 09:59:20.863] [main/DEBUG] [com.tterrag.registrate.AbstractRegistrate/REGISTRATE.REGISTER]: Registered fruitsdelight:hawberry_jello_block to registry minecraft:block
[10Mar2026 09:59:20.863] [main/DEBUG] [com.tterrag.registrate.AbstractRegistrate/REGISTRATE.REGISTER]: Registered fruitsdelight:lychee_jello_block to registry minecraft:block
[10Mar2026 09:59:20.863] [main/DEBUG] [com.tterrag.registrate.AbstractRegistrate/REGISTRATE.REGISTER]: Registered fruitsdelight:mango_jello_block to registry minecraft:block
[10Mar2026 09:59:20.863] [main/DEBUG] [com.tterrag.registrate.AbstractRegistrate/REGISTRATE.REGISTER]: Registered fruitsdelight:orange_jello_block to registry minecraft:block
[10Mar2026 09:59:20.863] [main/DEBUG] [com.tterrag.registrate.AbstractRegistrate/REGISTRATE.REGISTER]: Registered fruitsdelight:peach_jello_block to registry minecraft:block
[10Mar2026 09:59:20.863] [main/DEBUG] [com.tterrag.registrate.AbstractRegistrate/REGISTRATE.REGISTER]: Registered fruitsdelight:pear_jello_block to registry minecraft:block
[10Mar2026 09:59:20.863] [main/DEBUG] [com.tterrag.registrate.AbstractRegistrate/REGISTRATE.REGISTER]: Registered fruitsdelight:persimmon_jello_block to registry minecraft:block
[10Mar2026 09:59:20.864] [main/DEBUG] [com.tterrag.registrate.AbstractRegistrate/REGISTRATE.REGISTER]: Registered fruitsdelight:pineapple_jello_block to registry minecraft:block
[10Mar2026 09:59:20.864] [main/DEBUG] [com.tterrag.registrate.AbstractRegistrate/REGISTRATE.REGISTER]: Registered fruitsdelight:lemon_jello_block to registry minecraft:block
[10Mar2026 09:59:20.864] [main/DEBUG] [com.tterrag.registrate.AbstractRegistrate/REGISTRATE.REGISTER]: Registered fruitsdelight:cranberry_jello_block to registry minecraft:block
[10Mar2026 09:59:20.864] [main/DEBUG] [com.tterrag.registrate.AbstractRegistrate/REGISTRATE.REGISTER]: Registered fruitsdelight:mangosteen_jello_block to registry minecraft:block
[10Mar2026 09:59:20.864] [main/DEBUG] [com.tterrag.registrate.AbstractRegistrate/REGISTRATE.REGISTER]: Registered fruitsdelight:sweetberry_jello_block to registry minecraft:block
[10Mar2026 09:59:20.864] [main/DEBUG] [com.tterrag.registrate.AbstractRegistrate/REGISTRATE.REGISTER]: Registered fruitsdelight:chorus_jello_block to registry minecraft:block
[10Mar2026 09:59:20.864] [main/DEBUG] [com.tterrag.registrate.AbstractRegistrate/REGISTRATE.REGISTER]: Registered fruitsdelight:bayberry_jello_block to registry minecraft:block
[10Mar2026 09:59:20.864] [main/DEBUG] [com.tterrag.registrate.AbstractRegistrate/REGISTRATE.REGISTER]: Registered fruitsdelight:kiwi_jello_block to registry minecraft:block
[10Mar2026 09:59:20.864] [main/DEBUG] [com.tterrag.registrate.AbstractRegistrate/REGISTRATE.REGISTER]: Registered fruitsdelight:fig_jello_block to registry minecraft:block
[10Mar2026 09:59:20.864] [main/DEBUG] [com.tterrag.registrate.AbstractRegistrate/REGISTRATE.REGISTER]: Registered fruitsdelight:durian_jello_block to registry minecraft:block
[10Mar2026 09:59:20.864] [main/DEBUG] [com.tterrag.registrate.AbstractRegistrate/REGISTRATE.REGISTER]: Registered fruitsdelight:lemonade_cauldron to registry minecraft:block
[10Mar2026 09:59:20.865] [main/DEBUG] [com.tterrag.registrate.AbstractRegistrate/REGISTRATE.REGISTER]: Registered fruitsdelight:apple_cauldron to registry minecraft:block
[10Mar2026 09:59:20.865] [main/DEBUG] [com.tterrag.registrate.AbstractRegistrate/REGISTRATE.REGISTER]: Registered fruitsdelight:apple_jelly_cauldron to registry minecraft:block
[10Mar2026 09:59:20.865] [main/DEBUG] [com.tterrag.registrate.AbstractRegistrate/REGISTRATE.REGISTER]: Registered fruitsdelight:apple_jello_cauldron to registry minecraft:block
[10Mar2026 09:59:20.866] [main/DEBUG] [com.tterrag.registrate.AbstractRegistrate/REGISTRATE.REGISTER]: Registered fruitsdelight:blueberry_cauldron to registry minecraft:block
[10Mar2026 09:59:20.866] [main/DEBUG] [com.tterrag.registrate.AbstractRegistrate/REGISTRATE.REGISTER]: Registered fruitsdelight:blueberry_jelly_cauldron to registry minecraft:block
[10Mar2026 09:59:20.866] [main/DEBUG] [com.tterrag.registrate.AbstractRegistrate/REGISTRATE.REGISTER]: Registered fruitsdelight:blueberry_jello_cauldron to registry minecraft:block
[10Mar2026 09:59:20.866] [main/DEBUG] [com.tterrag.registrate.AbstractRegistrate/REGISTRATE.REGISTER]: Registered fruitsdelight:glowberry_cauldron to registry minecraft:block
[10Mar2026 09:59:20.866] [main/DEBUG] [com.tterrag.registrate.AbstractRegistrate/REGISTRATE.REGISTER]: Registered fruitsdelight:glowberry_jelly_cauldron to registry minecraft:block
[10Mar2026 09:59:20.866] [main/DEBUG] [com.tterrag.registrate.AbstractRegistrate/REGISTRATE.REGISTER]: Registered fruitsdelight:glowberry_jello_cauldron to registry minecraft:block
[10Mar2026 09:59:20.866] [main/DEBUG] [com.tterrag.registrate.AbstractRegistrate/REGISTRATE.REGISTER]: Registered fruitsdelight:hamimelon_cauldron to registry minecraft:block
[10Mar2026 09:59:20.867] [main/DEBUG] [com.tterrag.registrate.AbstractRegistrate/REGISTRATE.REGISTER]: Registered fruitsdelight:hamimelon_jelly_cauldron to registry minecraft:block
[10Mar2026 09:59:20.867] [main/DEBUG] [com.tterrag.registrate.AbstractRegistrate/REGISTRATE.REGISTER]: Registered fruitsdelight:hamimelon_jello_cauldron to registry minecraft:block
[10Mar2026 09:59:20.867] [main/DEBUG] [com.tterrag.registrate.AbstractRegistrate/REGISTRATE.REGISTER]: Registered fruitsdelight:melon_cauldron to registry minecraft:block
[10Mar2026 09:59:20.867] [main/DEBUG] [com.tterrag.registrate.AbstractRegistrate/REGISTRATE.REGISTER]: Registered fruitsdelight:melon_jelly_cauldron to registry minecraft:block
[10Mar2026 09:59:20.867] [main/DEBUG] [com.tterrag.registrate.AbstractRegistrate/REGISTRATE.REGISTER]: Registered fruitsdelight:melon_jello_cauldron to registry minecraft:block
[10Mar2026 09:59:20.867] [main/DEBUG] [com.tterrag.registrate.AbstractRegistrate/REGISTRATE.REGISTER]: Registered fruitsdelight:hawberry_cauldron to registry minecraft:block
[10Mar2026 09:59:20.868] [main/DEBUG] [com.tterrag.registrate.AbstractRegistrate/REGISTRATE.REGISTER]: Registered fruitsdelight:hawberry_jelly_cauldron to registry minecraft:block
[10Mar2026 09:59:20.868] [main/DEBUG] [com.tterrag.registrate.AbstractRegistrate/REGISTRATE.REGISTER]: Registered fruitsdelight:hawberry_jello_cauldron to registry minecraft:block
[10Mar2026 09:59:20.868] [main/DEBUG] [com.tterrag.registrate.AbstractRegistrate/REGISTRATE.REGISTER]: Registered fruitsdelight:lychee_cauldron to registry minecraft:block
[10Mar2026 09:59:20.868] [main/DEBUG] [com.tterrag.registrate.AbstractRegistrate/REGISTRATE.REGISTER]: Registered fruitsdelight:lychee_jelly_cauldron to registry minecraft:block
[10Mar2026 09:59:20.868] [main/DEBUG] [com.tterrag.registrate.AbstractRegistrate/REGISTRATE.REGISTER]: Registered fruitsdelight:lychee_jello_cauldron to registry minecraft:block
[10Mar2026 09:59:20.868] [main/DEBUG] [com.tterrag.registrate.AbstractRegistrate/REGISTRATE.REGISTER]: Registered fruitsdelight:mango_cauldron to registry minecraft:block
[10Mar2026 09:59:20.868] [main/DEBUG] [com.tterrag.registrate.AbstractRegistrate/REGISTRATE.REGISTER]: Registered fruitsdelight:mango_jelly_cauldron to registry minecraft:block
[10Mar2026 09:59:20.869] [main/DEBUG] [com.tterrag.registrate.AbstractRegistrate/REGISTRATE.REGISTER]: Registered fruitsdelight:mango_jello_cauldron to registry minecraft:block
[10Mar2026 09:59:20.869] [main/DEBUG] [com.tterrag.registrate.AbstractRegistrate/REGISTRATE.REGISTER]: Registered fruitsdelight:orange_cauldron to registry minecraft:block
[10Mar2026 09:59:20.869] [main/DEBUG] [com.tterrag.registrate.AbstractRegistrate/REGISTRATE.REGISTER]: Registered fruitsdelight:orange_jelly_cauldron to registry minecraft:block
[10Mar2026 09:59:20.869] [main/DEBUG] [com.tterrag.registrate.AbstractRegistrate/REGISTRATE.REGISTER]: Registered fruitsdelight:orange_jello_cauldron to registry minecraft:block
[10Mar2026 09:59:20.869] [main/DEBUG] [com.tterrag.registrate.AbstractRegistrate/REGISTRATE.REGISTER]: Registered fruitsdelight:peach_cauldron to registry minecraft:block
[10Mar2026 09:59:20.869] [main/DEBUG] [com.tterrag.registrate.AbstractRegistrate/REGISTRATE.REGISTER]: Registered fruitsdelight:peach_jelly_cauldron to registry minecraft:block
[10Mar2026 09:59:20.869] [main/DEBUG] [com.tterrag.registrate.AbstractRegistrate/REGISTRATE.REGISTER]: Registered fruitsdelight:peach_jello_cauldron to registry minecraft:block
[10Mar2026 09:59:20.869] [main/DEBUG] [com.tterrag.registrate.AbstractRegistrate/REGISTRATE.REGISTER]: Registered fruitsdelight:pear_cauldron to registry minecraft:block
[10Mar2026 09:59:20.870] [main/DEBUG] [com.tterrag.registrate.AbstractRegistrate/REGISTRATE.REGISTER]: Registered fruitsdelight:pear_jelly_cauldron to registry minecraft:block
[10Mar2026 09:59:20.870] [main/DEBUG] [com.tterrag.registrate.AbstractRegistrate/REGISTRATE.REGISTER]: Registered fruitsdelight:pear_jello_cauldron to registry minecraft:block
[10Mar2026 09:59:20.870] [main/DEBUG] [com.tterrag.registrate.AbstractRegistrate/REGISTRATE.REGISTER]: Registered fruitsdelight:persimmon_cauldron to registry minecraft:block
[10Mar2026 09:59:20.870] [main/DEBUG] [com.tterrag.registrate.AbstractRegistrate/REGISTRATE.REGISTER]: Registered fruitsdelight:persimmon_jelly_cauldron to registry minecraft:block
[10Mar2026 09:59:20.870] [main/DEBUG] [com.tterrag.registrate.AbstractRegistrate/REGISTRATE.REGISTER]: Registered fruitsdelight:persimmon_jello_cauldron to registry minecraft:block
[10Mar2026 09:59:20.870] [main/DEBUG] [com.tterrag.registrate.AbstractRegistrate/REGISTRATE.REGISTER]: Registered fruitsdelight:pineapple_cauldron to registry minecraft:block
[10Mar2026 09:59:20.870] [main/DEBUG] [com.tterrag.registrate.AbstractRegistrate/REGISTRATE.REGISTER]: Registered fruitsdelight:pineapple_jelly_cauldron to registry minecraft:block
[10Mar2026 09:59:20.870] [main/DEBUG] [com.tterrag.registrate.AbstractRegistrate/REGISTRATE.REGISTER]: Registered fruitsdelight:pineapple_jello_cauldron to registry minecraft:block
[10Mar2026 09:59:20.871] [main/DEBUG] [com.tterrag.registrate.AbstractRegistrate/REGISTRATE.REGISTER]: Registered fruitsdelight:lemon_cauldron to registry minecraft:block
[10Mar2026 09:59:20.871] [main/DEBUG] [com.tterrag.registrate.AbstractRegistrate/REGISTRATE.REGISTER]: Registered fruitsdelight:lemon_jelly_cauldron to registry minecraft:block
[10Mar2026 09:59:20.871] [main/DEBUG] [com.tterrag.registrate.AbstractRegistrate/REGISTRATE.REGISTER]: Registered fruitsdelight:lemon_jello_cauldron to registry minecraft:block
[10Mar2026 09:59:20.871] [main/DEBUG] [com.tterrag.registrate.AbstractRegistrate/REGISTRATE.REGISTER]: Registered fruitsdelight:cranberry_cauldron to registry minecraft:block
[10Mar2026 09:59:20.871] [main/DEBUG] [com.tterrag.registrate.AbstractRegistrate/REGISTRATE.REGISTER]: Registered fruitsdelight:cranberry_jelly_cauldron to registry minecraft:block
[10Mar2026 09:59:20.871] [main/DEBUG] [com.tterrag.registrate.AbstractRegistrate/REGISTRATE.REGISTER]: Registered fruitsdelight:cranberry_jello_cauldron to registry minecraft:block
[10Mar2026 09:59:20.871] [main/DEBUG] [com.tterrag.registrate.AbstractRegistrate/REGISTRATE.REGISTER]: Registered fruitsdelight:mangosteen_cauldron to registry minecraft:block
[10Mar2026 09:59:20.871] [main/DEBUG] [com.tterrag.registrate.AbstractRegistrate/REGISTRATE.REGISTER]: Registered fruitsdelight:mangosteen_jelly_cauldron to registry minecraft:block
[10Mar2026 09:59:20.872] [main/DEBUG] [com.tterrag.registrate.AbstractRegistrate/REGISTRATE.REGISTER]: Registered fruitsdelight:mangosteen_jello_cauldron to registry minecraft:block
[10Mar2026 09:59:20.872] [main/DEBUG] [com.tterrag.registrate.AbstractRegistrate/REGISTRATE.REGISTER]: Registered fruitsdelight:sweetberry_cauldron to registry minecraft:block
[10Mar2026 09:59:20.872] [main/DEBUG] [com.tterrag.registrate.AbstractRegistrate/REGISTRATE.REGISTER]: Registered fruitsdelight:sweetberry_jelly_cauldron to registry minecraft:block
[10Mar2026 09:59:20.872] [main/DEBUG] [com.tterrag.registrate.AbstractRegistrate/REGISTRATE.REGISTER]: Registered fruitsdelight:sweetberry_jello_cauldron to registry minecraft:block
[10Mar2026 09:59:20.872] [main/DEBUG] [com.tterrag.registrate.AbstractRegistrate/REGISTRATE.REGISTER]: Registered fruitsdelight:chorus_cauldron to registry minecraft:block
[10Mar2026 09:59:20.872] [main/DEBUG] [com.tterrag.registrate.AbstractRegistrate/REGISTRATE.REGISTER]: Registered fruitsdelight:chorus_jelly_cauldron to registry minecraft:block
[10Mar2026 09:59:20.872] [main/DEBUG] [com.tterrag.registrate.AbstractRegistrate/REGISTRATE.REGISTER]: Registered fruitsdelight:chorus_jello_cauldron to registry minecraft:block
[10Mar2026 09:59:20.873] [main/DEBUG] [com.tterrag.registrate.AbstractRegistrate/REGISTRATE.REGISTER]: Registered fruitsdelight:bayberry_cauldron to registry minecraft:block
[10Mar2026 09:59:20.873] [main/DEBUG] [com.tterrag.registrate.AbstractRegistrate/REGISTRATE.REGISTER]: Registered fruitsdelight:bayberry_jelly_cauldron to registry minecraft:block
[10Mar2026 09:59:20.873] [main/DEBUG] [com.tterrag.registrate.AbstractRegistrate/REGISTRATE.REGISTER]: Registered fruitsdelight:bayberry_jello_cauldron to registry minecraft:block
[10Mar2026 09:59:20.873] [main/DEBUG] [com.tterrag.registrate.AbstractRegistrate/REGISTRATE.REGISTER]: Registered fruitsdelight:kiwi_cauldron to registry minecraft:block
[10Mar2026 09:59:20.873] [main/DEBUG] [com.tterrag.registrate.AbstractRegistrate/REGISTRATE.REGISTER]: Registered fruitsdelight:kiwi_jelly_cauldron to registry minecraft:block
[10Mar2026 09:59:20.873] [main/DEBUG] [com.tterrag.registrate.AbstractRegistrate/REGISTRATE.REGISTER]: Registered fruitsdelight:kiwi_jello_cauldron to registry minecraft:block
[10Mar2026 09:59:20.873] [main/DEBUG] [com.tterrag.registrate.AbstractRegistrate/REGISTRATE.REGISTER]: Registered fruitsdelight:fig_cauldron to registry minecraft:block
[10Mar2026 09:59:20.874] [main/DEBUG] [com.tterrag.registrate.AbstractRegistrate/REGISTRATE.REGISTER]: Registered fruitsdelight:fig_jelly_cauldron to registry minecraft:block
[10Mar2026 09:59:20.874] [main/DEBUG] [com.tterrag.registrate.AbstractRegistrate/REGISTRATE.REGISTER]: Registered fruitsdelight:fig_jello_cauldron to registry minecraft:block
[10Mar2026 09:59:20.874] [main/DEBUG] [com.tterrag.registrate.AbstractRegistrate/REGISTRATE.REGISTER]: Registered fruitsdelight:durian_cauldron to registry minecraft:block
[10Mar2026 09:59:20.874] [main/DEBUG] [com.tterrag.registrate.AbstractRegistrate/REGISTRATE.REGISTER]: Registered fruitsdelight:durian_jelly_cauldron to registry minecraft:block
[10Mar2026 09:59:20.874] [main/DEBUG] [com.tterrag.registrate.AbstractRegistrate/REGISTRATE.REGISTER]: Registered fruitsdelight:durian_jello_cauldron to registry minecraft:block
[10Mar2026 09:59:20.881] [main/DEBUG] [com.tterrag.registrate.AbstractRegistrate/REGISTRATE.REGISTER]: (fruitsdelight) Registering 18 known objects of type minecraft:mob_effect
[10Mar2026 09:59:20.881] [main/DEBUG] [com.tterrag.registrate.AbstractRegistrate/REGISTRATE.REGISTER]: Registered fruitsdelight:astringent to registry minecraft:mob_effect
[10Mar2026 09:59:20.881] [main/DEBUG] [com.tterrag.registrate.AbstractRegistrate/REGISTRATE.REGISTER]: Registered fruitsdelight:sliding to registry minecraft:mob_effect
[10Mar2026 09:59:20.882] [main/DEBUG] [com.tterrag.registrate.AbstractRegistrate/REGISTRATE.REGISTER]: Registered fruitsdelight:shrinking to registry minecraft:mob_effect
[10Mar2026 09:59:20.882] [main/DEBUG] [com.tterrag.registrate.AbstractRegistrate/REGISTRATE.REGISTER]: Registered fruitsdelight:lozenge to registry minecraft:mob_effect
[10Mar2026 09:59:20.882] [main/DEBUG] [com.tterrag.registrate.AbstractRegistrate/REGISTRATE.REGISTER]: Registered fruitsdelight:appetizing to registry minecraft:mob_effect
[10Mar2026 09:59:20.882] [main/DEBUG] [com.tterrag.registrate.AbstractRegistrate/REGISTRATE.REGISTER]: Registered fruitsdelight:rage_aura to registry minecraft:mob_effect
[10Mar2026 09:59:20.882] [main/DEBUG] [com.tterrag.registrate.AbstractRegistrate/REGISTRATE.REGISTER]: Registered fruitsdelight:heal_aura to registry minecraft:mob_effect
[10Mar2026 09:59:20.883] [main/DEBUG] [com.tterrag.registrate.AbstractRegistrate/REGISTRATE.REGISTER]: Registered fruitsdelight:refreshing to registry minecraft:mob_effect
[10Mar2026 09:59:20.883] [main/DEBUG] [com.tterrag.registrate.AbstractRegistrate/REGISTRATE.REGISTER]: Registered fruitsdelight:sweetening to registry minecraft:mob_effect
[10Mar2026 09:59:20.883] [main/DEBUG] [com.tterrag.registrate.AbstractRegistrate/REGISTRATE.REGISTER]: Registered fruitsdelight:brightening to registry minecraft:mob_effect
[10Mar2026 09:59:20.883] [main/DEBUG] [com.tterrag.registrate.AbstractRegistrate/REGISTRATE.REGISTER]: Registered fruitsdelight:recovering to registry minecraft:mob_effect
[10Mar2026 09:59:20.884] [main/DEBUG] [com.tterrag.registrate.AbstractRegistrate/REGISTRATE.REGISTER]: Registered fruitsdelight:chorus to registry minecraft:mob_effect
[10Mar2026 09:59:20.884] [main/DEBUG] [com.tterrag.registrate.AbstractRegistrate/REGISTRATE.REGISTER]: Registered fruitsdelight:digesting to registry minecraft:mob_effect
[10Mar2026 09:59:20.884] [main/DEBUG] [com.tterrag.registrate.AbstractRegistrate/REGISTRATE.REGISTER]: Registered fruitsdelight:leaf_piercing to registry minecraft:mob_effect
[10Mar2026 09:59:20.884] [main/DEBUG] [com.tterrag.registrate.AbstractRegistrate/REGISTRATE.REGISTER]: Registered fruitsdelight:cycling to registry minecraft:mob_effect
[10Mar2026 09:59:20.884] [main/DEBUG] [com.tterrag.registrate.AbstractRegistrate/REGISTRATE.REGISTER]: Registered fruitsdelight:disgusted to registry minecraft:mob_effect
[10Mar2026 09:59:20.884] [main/DEBUG] [com.tterrag.registrate.AbstractRegistrate/REGISTRATE.REGISTER]: Registered fruitsdelight:alienating to registry minecraft:mob_effect
[10Mar2026 09:59:20.884] [main/DEBUG] [com.tterrag.registrate.AbstractRegistrate/REGISTRATE.REGISTER]: Registered fruitsdelight:suspicious_smell to registry minecraft:mob_effect
[10Mar2026 09:59:20.980] [main/DEBUG] [com.tterrag.registrate.AbstractRegistrate/REGISTRATE.REGISTER]: (fruitsdelight) Registering 274 known objects of type minecraft:item
[10Mar2026 09:59:20.981] [main/DEBUG] [com.tterrag.registrate.AbstractRegistrate/REGISTRATE.REGISTER]: Registered fruitsdelight:pear_leaves to registry minecraft:item
[10Mar2026 09:59:20.981] [main/DEBUG] [com.tterrag.registrate.AbstractRegistrate/REGISTRATE.REGISTER]: Registered fruitsdelight:pear_sapling to registry minecraft:item
[10Mar2026 09:59:20.982] [main/DEBUG] [com.tterrag.registrate.AbstractRegistrate/REGISTRATE.REGISTER]: Registered fruitsdelight:pear to registry minecraft:item
[10Mar2026 09:59:20.982] [main/DEBUG] [com.tterrag.registrate.AbstractRegistrate/REGISTRATE.REGISTER]: Registered fruitsdelight:hawberry_leaves to registry minecraft:item
[10Mar2026 09:59:20.982] [main/DEBUG] [com.tterrag.registrate.AbstractRegistrate/REGISTRATE.REGISTER]: Registered fruitsdelight:hawberry_sapling to registry minecraft:item
[10Mar2026 09:59:20.982] [main/DEBUG] [com.tterrag.registrate.AbstractRegistrate/REGISTRATE.REGISTER]: Registered fruitsdelight:hawberry to registry minecraft:item
[10Mar2026 09:59:20.982] [main/DEBUG] [com.tterrag.registrate.AbstractRegistrate/REGISTRATE.REGISTER]: Registered fruitsdelight:lychee_leaves to registry minecraft:item
[10Mar2026 09:59:20.982] [main/DEBUG] [com.tterrag.registrate.AbstractRegistrate/REGISTRATE.REGISTER]: Registered fruitsdelight:lychee_sapling to registry minecraft:item
[10Mar2026 09:59:20.982] [main/DEBUG] [com.tterrag.registrate.AbstractRegistrate/REGISTRATE.REGISTER]: Registered fruitsdelight:lychee to registry minecraft:item
[10Mar2026 09:59:20.982] [main/DEBUG] [com.tterrag.registrate.AbstractRegistrate/REGISTRATE.REGISTER]: Registered fruitsdelight:mango_leaves to registry minecraft:item
[10Mar2026 09:59:20.982] [main/DEBUG] [com.tterrag.registrate.AbstractRegistrate/REGISTRATE.REGISTER]: Registered fruitsdelight:mango_sapling to registry minecraft:item
[10Mar2026 09:59:20.982] [main/DEBUG] [com.tterrag.registrate.AbstractRegistrate/REGISTRATE.REGISTER]: Registered fruitsdelight:mango to registry minecraft:item
[10Mar2026 09:59:20.982] [main/DEBUG] [com.tterrag.registrate.AbstractRegistrate/REGISTRATE.REGISTER]: Registered fruitsdelight:persimmon_leaves to registry minecraft:item
[10Mar2026 09:59:20.982] [main/DEBUG] [com.tterrag.registrate.AbstractRegistrate/REGISTRATE.REGISTER]: Registered fruitsdelight:persimmon_sapling to registry minecraft:item
[10Mar2026 09:59:20.982] [main/DEBUG] [com.tterrag.registrate.AbstractRegistrate/REGISTRATE.REGISTER]: Registered fruitsdelight:persimmon to registry minecraft:item
[10Mar2026 09:59:20.983] [main/DEBUG] [com.tterrag.registrate.AbstractRegistrate/REGISTRATE.REGISTER]: Registered fruitsdelight:peach_leaves to registry minecraft:item
[10Mar2026 09:59:20.983] [main/DEBUG] [com.tterrag.registrate.AbstractRegistrate/REGISTRATE.REGISTER]: Registered fruitsdelight:peach_sapling to registry minecraft:item
[10Mar2026 09:59:20.983] [main/DEBUG] [com.tterrag.registrate.AbstractRegistrate/REGISTRATE.REGISTER]: Registered fruitsdelight:peach to registry minecraft:item
[10Mar2026 09:59:20.983] [main/DEBUG] [com.tterrag.registrate.AbstractRegistrate/REGISTRATE.REGISTER]: Registered fruitsdelight:orange_leaves to registry minecraft:item
[10Mar2026 09:59:20.983] [main/DEBUG] [com.tterrag.registrate.AbstractRegistrate/REGISTRATE.REGISTER]: Registered fruitsdelight:orange_sapling to registry minecraft:item
[10Mar2026 09:59:20.983] [main/DEBUG] [com.tterrag.registrate.AbstractRegistrate/REGISTRATE.REGISTER]: Registered fruitsdelight:orange to registry minecraft:item
[10Mar2026 09:59:20.983] [main/DEBUG] [com.tterrag.registrate.AbstractRegistrate/REGISTRATE.REGISTER]: Registered fruitsdelight:apple_leaves to registry minecraft:item
[10Mar2026 09:59:20.983] [main/DEBUG] [com.tterrag.registrate.AbstractRegistrate/REGISTRATE.REGISTER]: Registered fruitsdelight:apple_sapling to registry minecraft:item
[10Mar2026 09:59:20.983] [main/DEBUG] [com.tterrag.registrate.AbstractRegistrate/REGISTRATE.REGISTER]: Registered fruitsdelight:mangosteen_leaves to registry minecraft:item
[10Mar2026 09:59:20.983] [main/DEBUG] [com.tterrag.registrate.AbstractRegistrate/REGISTRATE.REGISTER]: Registered fruitsdelight:mangosteen_sapling to registry minecraft:item
[10Mar2026 09:59:20.983] [main/DEBUG] [com.tterrag.registrate.AbstractRegistrate/REGISTRATE.REGISTER]: Registered fruitsdelight:mangosteen to registry minecraft:item
[10Mar2026 09:59:20.983] [main/DEBUG] [com.tterrag.registrate.AbstractRegistrate/REGISTRATE.REGISTER]: Registered fruitsdelight:bayberry_leaves to registry minecraft:item
[10Mar2026 09:59:20.983] [main/DEBUG] [com.tterrag.registrate.AbstractRegistrate/REGISTRATE.REGISTER]: Registered fruitsdelight:bayberry_sapling to registry minecraft:item
[10Mar2026 09:59:20.983] [main/DEBUG] [com.tterrag.registrate.AbstractRegistrate/REGISTRATE.REGISTER]: Registered fruitsdelight:bayberry to registry minecraft:item
[10Mar2026 09:59:20.983] [main/DEBUG] [com.tterrag.registrate.AbstractRegistrate/REGISTRATE.REGISTER]: Registered fruitsdelight:kiwi_leaves to registry minecraft:item
[10Mar2026 09:59:20.983] [main/DEBUG] [com.tterrag.registrate.AbstractRegistrate/REGISTRATE.REGISTER]: Registered fruitsdelight:kiwi_sapling to registry minecraft:item
[10Mar2026 09:59:20.983] [main/DEBUG] [com.tterrag.registrate.AbstractRegistrate/REGISTRATE.REGISTER]: Registered fruitsdelight:kiwi to registry minecraft:item
[10Mar2026 09:59:20.984] [main/DEBUG] [com.tterrag.registrate.AbstractRegistrate/REGISTRATE.REGISTER]: Registered fruitsdelight:fig_leaves to registry minecraft:item
[10Mar2026 09:59:20.984] [main/DEBUG] [com.tterrag.registrate.AbstractRegistrate/REGISTRATE.REGISTER]: Registered fruitsdelight:fig_sapling to registry minecraft:item
[10Mar2026 09:59:20.984] [main/DEBUG] [com.tterrag.registrate.AbstractRegistrate/REGISTRATE.REGISTER]: Registered fruitsdelight:fig to registry minecraft:item
[10Mar2026 09:59:20.984] [main/DEBUG] [com.tterrag.registrate.AbstractRegistrate/REGISTRATE.REGISTER]: Registered fruitsdelight:durian_leaves to registry minecraft:item
[10Mar2026 09:59:20.984] [main/DEBUG] [com.tterrag.registrate.AbstractRegistrate/REGISTRATE.REGISTER]: Registered fruitsdelight:durian_sapling to registry minecraft:item
[10Mar2026 09:59:20.984] [main/DEBUG] [com.tterrag.registrate.AbstractRegistrate/REGISTRATE.REGISTER]: Registered fruitsdelight:durian to registry minecraft:item
[10Mar2026 09:59:20.984] [main/DEBUG] [com.tterrag.registrate.AbstractRegistrate/REGISTRATE.REGISTER]: Registered fruitsdelight:durian_helmet to registry minecraft:item
[10Mar2026 09:59:20.984] [main/DEBUG] [com.tterrag.registrate.AbstractRegistrate/REGISTRATE.REGISTER]: Registered fruitsdelight:durian_shell to registry minecraft:item
[10Mar2026 09:59:20.984] [main/DEBUG] [com.tterrag.registrate.AbstractRegistrate/REGISTRATE.REGISTER]: Registered fruitsdelight:blueberry_bush to registry minecraft:item
[10Mar2026 09:59:20.985] [main/DEBUG] [com.tterrag.registrate.AbstractRegistrate/REGISTRATE.REGISTER]: Registered fruitsdelight:blueberry to registry minecraft:item
[10Mar2026 09:59:20.985] [main/DEBUG] [com.tterrag.registrate.AbstractRegistrate/REGISTRATE.REGISTER]: Registered fruitsdelight:lemon_tree to registry minecraft:item
[10Mar2026 09:59:20.985] [main/DEBUG] [com.tterrag.registrate.AbstractRegistrate/REGISTRATE.REGISTER]: Registered fruitsdelight:lemon to registry minecraft:item
[10Mar2026 09:59:20.985] [main/DEBUG] [com.tterrag.registrate.AbstractRegistrate/REGISTRATE.REGISTER]: Registered fruitsdelight:lemon_seeds to registry minecraft:item
[10Mar2026 09:59:20.985] [main/DEBUG] [com.tterrag.registrate.AbstractRegistrate/REGISTRATE.REGISTER]: Registered fruitsdelight:cranberry to registry minecraft:item
[10Mar2026 09:59:20.985] [main/DEBUG] [com.tterrag.registrate.AbstractRegistrate/REGISTRATE.REGISTER]: Registered fruitsdelight:hamimelon to registry minecraft:item
[10Mar2026 09:59:20.985] [main/DEBUG] [com.tterrag.registrate.AbstractRegistrate/REGISTRATE.REGISTER]: Registered fruitsdelight:hamimelon_slice to registry minecraft:item
[10Mar2026 09:59:20.986] [main/DEBUG] [com.tterrag.registrate.AbstractRegistrate/REGISTRATE.REGISTER]: Registered fruitsdelight:hamimelon_seeds to registry minecraft:item
[10Mar2026 09:59:20.986] [main/DEBUG] [com.tterrag.registrate.AbstractRegistrate/REGISTRATE.REGISTER]: Registered fruitsdelight:wild_pineapple to registry minecraft:item
[10Mar2026 09:59:20.986] [main/DEBUG] [com.tterrag.registrate.AbstractRegistrate/REGISTRATE.REGISTER]: Registered fruitsdelight:pineapple to registry minecraft:item
[10Mar2026 09:59:20.986] [main/DEBUG] [com.tterrag.registrate.AbstractRegistrate/REGISTRATE.REGISTER]: Registered fruitsdelight:pineapple_slice to registry minecraft:item
[10Mar2026 09:59:20.986] [main/DEBUG] [com.tterrag.registrate.AbstractRegistrate/REGISTRATE.REGISTER]: Registered fruitsdelight:pineapple_sapling to registry minecraft:item
[10Mar2026 09:59:20.987] [main/DEBUG] [com.tterrag.registrate.AbstractRegistrate/REGISTRATE.REGISTER]: Registered fruitsdelight:apple_jelly to registry minecraft:item
[10Mar2026 09:59:20.987] [main/DEBUG] [com.tterrag.registrate.AbstractRegistrate/REGISTRATE.REGISTER]: Registered fruitsdelight:blueberry_jelly to registry minecraft:item
[10Mar2026 09:59:20.987] [main/DEBUG] [com.tterrag.registrate.AbstractRegistrate/REGISTRATE.REGISTER]: Registered fruitsdelight:glowberry_jelly to registry minecraft:item
[10Mar2026 09:59:20.987] [main/DEBUG] [com.tterrag.registrate.AbstractRegistrate/REGISTRATE.REGISTER]: Registered fruitsdelight:hamimelon_jelly to registry minecraft:item
[10Mar2026 09:59:20.987] [main/DEBUG] [com.tterrag.registrate.AbstractRegistrate/REGISTRATE.REGISTER]: Registered fruitsdelight:melon_jelly to registry minecraft:item
[10Mar2026 09:59:20.988] [main/DEBUG] [com.tterrag.registrate.AbstractRegistrate/REGISTRATE.REGISTER]: Registered fruitsdelight:hawberry_jelly to registry minecraft:item
[10Mar2026 09:59:20.988] [main/DEBUG] [com.tterrag.registrate.AbstractRegistrate/REGISTRATE.REGISTER]: Registered fruitsdelight:lychee_jelly to registry minecraft:item
[10Mar2026 09:59:20.988] [main/DEBUG] [com.tterrag.registrate.AbstractRegistrate/REGISTRATE.REGISTER]: Registered fruitsdelight:mango_jelly to registry minecraft:item
[10Mar2026 09:59:20.988] [main/DEBUG] [com.tterrag.registrate.AbstractRegistrate/REGISTRATE.REGISTER]: Registered fruitsdelight:orange_jelly to registry minecraft:item
[10Mar2026 09:59:20.988] [main/DEBUG] [com.tterrag.registrate.AbstractRegistrate/REGISTRATE.REGISTER]: Registered fruitsdelight:peach_jelly to registry minecraft:item
[10Mar2026 09:59:20.988] [main/DEBUG] [com.tterrag.registrate.AbstractRegistrate/REGISTRATE.REGISTER]: Registered fruitsdelight:pear_jelly to registry minecraft:item
[10Mar2026 09:59:20.988] [main/DEBUG] [com.tterrag.registrate.AbstractRegistrate/REGISTRATE.REGISTER]: Registered fruitsdelight:persimmon_jelly to registry minecraft:item
[10Mar2026 09:59:20.988] [main/DEBUG] [com.tterrag.registrate.AbstractRegistrate/REGISTRATE.REGISTER]: Registered fruitsdelight:pineapple_jelly to registry minecraft:item
[10Mar2026 09:59:20.988] [main/DEBUG] [com.tterrag.registrate.AbstractRegistrate/REGISTRATE.REGISTER]: Registered fruitsdelight:lemon_jelly to registry minecraft:item
[10Mar2026 09:59:20.988] [main/DEBUG] [com.tterrag.registrate.AbstractRegistrate/REGISTRATE.REGISTER]: Registered fruitsdelight:cranberry_jelly to registry minecraft:item
[10Mar2026 09:59:20.989] [main/DEBUG] [com.tterrag.registrate.AbstractRegistrate/REGISTRATE.REGISTER]: Registered fruitsdelight:mangosteen_jelly to registry minecraft:item
[10Mar2026 09:59:20.989] [main/DEBUG] [com.tterrag.registrate.AbstractRegistrate/REGISTRATE.REGISTER]: Registered fruitsdelight:sweetberry_jelly to registry minecraft:item
[10Mar2026 09:59:20.989] [main/DEBUG] [com.tterrag.registrate.AbstractRegistrate/REGISTRATE.REGISTER]: Registered fruitsdelight:chorus_jelly to registry minecraft:item
[10Mar2026 09:59:20.989] [main/DEBUG] [com.tterrag.registrate.AbstractRegistrate/REGISTRATE.REGISTER]: Registered fruitsdelight:bayberry_jelly to registry minecraft:item
[10Mar2026 09:59:20.989] [main/DEBUG] [com.tterrag.registrate.AbstractRegistrate/REGISTRATE.REGISTER]: Registered fruitsdelight:kiwi_jelly to registry minecraft:item
[10Mar2026 09:59:20.989] [main/DEBUG] [com.tterrag.registrate.AbstractRegistrate/REGISTRATE.REGISTER]: Registered fruitsdelight:fig_jelly to registry minecraft:item
[10Mar2026 09:59:20.989] [main/DEBUG] [com.tterrag.registrate.AbstractRegistrate/REGISTRATE.REGISTER]: Registered fruitsdelight:durian_jelly to registry minecraft:item
[10Mar2026 09:59:20.989] [main/DEBUG] [com.tterrag.registrate.AbstractRegistrate/REGISTRATE.REGISTER]: Registered fruitsdelight:apple_jello to registry minecraft:item
[10Mar2026 09:59:20.989] [main/DEBUG] [com.tterrag.registrate.AbstractRegistrate/REGISTRATE.REGISTER]: Registered fruitsdelight:blueberry_jello to registry minecraft:item
[10Mar2026 09:59:20.989] [main/DEBUG] [com.tterrag.registrate.AbstractRegistrate/REGISTRATE.REGISTER]: Registered fruitsdelight:glowberry_jello to registry minecraft:item
[10Mar2026 09:59:20.990] [main/DEBUG] [com.tterrag.registrate.AbstractRegistrate/REGISTRATE.REGISTER]: Registered fruitsdelight:hamimelon_jello to registry minecraft:item
[10Mar2026 09:59:20.990] [main/DEBUG] [com.tterrag.registrate.AbstractRegistrate/REGISTRATE.REGISTER]: Registered fruitsdelight:melon_jello to registry minecraft:item
[10Mar2026 09:59:20.990] [main/DEBUG] [com.tterrag.registrate.AbstractRegistrate/REGISTRATE.REGISTER]: Registered fruitsdelight:hawberry_jello to registry minecraft:item
[10Mar2026 09:59:20.990] [main/DEBUG] [com.tterrag.registrate.AbstractRegistrate/REGISTRATE.REGISTER]: Registered fruitsdelight:lychee_jello to registry minecraft:item
[10Mar2026 09:59:20.991] [main/DEBUG] [com.tterrag.registrate.AbstractRegistrate/REGISTRATE.REGISTER]: Registered fruitsdelight:mango_jello to registry minecraft:item
[10Mar2026 09:59:20.991] [main/DEBUG] [com.tterrag.registrate.AbstractRegistrate/REGISTRATE.REGISTER]: Registered fruitsdelight:orange_jello to registry minecraft:item
[10Mar2026 09:59:20.991] [main/DEBUG] [com.tterrag.registrate.AbstractRegistrate/REGISTRATE.REGISTER]: Registered fruitsdelight:peach_jello to registry minecraft:item
[10Mar2026 09:59:20.991] [main/DEBUG] [com.tterrag.registrate.AbstractRegistrate/REGISTRATE.REGISTER]: Registered fruitsdelight:pear_jello to registry minecraft:item
[10Mar2026 09:59:20.991] [main/DEBUG] [com.tterrag.registrate.AbstractRegistrate/REGISTRATE.REGISTER]: Registered fruitsdelight:persimmon_jello to registry minecraft:item
[10Mar2026 09:59:20.991] [main/DEBUG] [com.tterrag.registrate.AbstractRegistrate/REGISTRATE.REGISTER]: Registered fruitsdelight:pineapple_jello to registry minecraft:item
[10Mar2026 09:59:20.991] [main/DEBUG] [com.tterrag.registrate.AbstractRegistrate/REGISTRATE.REGISTER]: Registered fruitsdelight:lemon_jello to registry minecraft:item
[10Mar2026 09:59:20.991] [main/DEBUG] [com.tterrag.registrate.AbstractRegistrate/REGISTRATE.REGISTER]: Registered fruitsdelight:cranberry_jello to registry minecraft:item
[10Mar2026 09:59:20.991] [main/DEBUG] [com.tterrag.registrate.AbstractRegistrate/REGISTRATE.REGISTER]: Registered fruitsdelight:mangosteen_jello to registry minecraft:item
[10Mar2026 09:59:20.991] [main/DEBUG] [com.tterrag.registrate.AbstractRegistrate/REGISTRATE.REGISTER]: Registered fruitsdelight:sweetberry_jello to registry minecraft:item
[10Mar2026 09:59:20.992] [main/DEBUG] [com.tterrag.registrate.AbstractRegistrate/REGISTRATE.REGISTER]: Registered fruitsdelight:chorus_jello to registry minecraft:item
[10Mar2026 09:59:20.992] [main/DEBUG] [com.tterrag.registrate.AbstractRegistrate/REGISTRATE.REGISTER]: Registered fruitsdelight:bayberry_jello to registry minecraft:item
[10Mar2026 09:59:20.992] [main/DEBUG] [com.tterrag.registrate.AbstractRegistrate/REGISTRATE.REGISTER]: Registered fruitsdelight:kiwi_jello to registry minecraft:item
[10Mar2026 09:59:20.992] [main/DEBUG] [com.tterrag.registrate.AbstractRegistrate/REGISTRATE.REGISTER]: Registered fruitsdelight:fig_jello to registry minecraft:item
[10Mar2026 09:59:20.992] [main/DEBUG] [com.tterrag.registrate.AbstractRegistrate/REGISTRATE.REGISTER]: Registered fruitsdelight:durian_jello to registry minecraft:item
[10Mar2026 09:59:20.992] [main/DEBUG] [com.tterrag.registrate.AbstractRegistrate/REGISTRATE.REGISTER]: Registered fruitsdelight:hamimelon_juice to registry minecraft:item
[10Mar2026 09:59:20.992] [main/DEBUG] [com.tterrag.registrate.AbstractRegistrate/REGISTRATE.REGISTER]: Registered fruitsdelight:hawberry_tea to registry minecraft:item
[10Mar2026 09:59:20.992] [main/DEBUG] [com.tterrag.registrate.AbstractRegistrate/REGISTRATE.REGISTER]: Registered fruitsdelight:orange_juice to registry minecraft:item
[10Mar2026 09:59:20.992] [main/DEBUG] [com.tterrag.registrate.AbstractRegistrate/REGISTRATE.REGISTER]: Registered fruitsdelight:lemon_juice to registry minecraft:item
[10Mar2026 09:59:20.992] [main/DEBUG] [com.tterrag.registrate.AbstractRegistrate/REGISTRATE.REGISTER]: Registered fruitsdelight:pear_juice to registry minecraft:item
[10Mar2026 09:59:20.992] [main/DEBUG] [com.tterrag.registrate.AbstractRegistrate/REGISTRATE.REGISTER]: Registered fruitsdelight:mango_tea to registry minecraft:item
[10Mar2026 09:59:20.992] [main/DEBUG] [com.tterrag.registrate.AbstractRegistrate/REGISTRATE.REGISTER]: Registered fruitsdelight:peach_tea to registry minecraft:item
[10Mar2026 09:59:20.993] [main/DEBUG] [com.tterrag.registrate.AbstractRegistrate/REGISTRATE.REGISTER]: Registered fruitsdelight:lychee_cherry_tea to registry minecraft:item
[10Mar2026 09:59:20.993] [main/DEBUG] [com.tterrag.registrate.AbstractRegistrate/REGISTRATE.REGISTER]: Registered fruitsdelight:mangosteen_tea to registry minecraft:item
[10Mar2026 09:59:20.993] [main/DEBUG] [com.tterrag.registrate.AbstractRegistrate/REGISTRATE.REGISTER]: Registered fruitsdelight:bayberry_soup to registry minecraft:item
[10Mar2026 09:59:20.993] [main/DEBUG] [com.tterrag.registrate.AbstractRegistrate/REGISTRATE.REGISTER]: Registered fruitsdelight:kiwi_juice to registry minecraft:item
[10Mar2026 09:59:20.993] [main/DEBUG] [com.tterrag.registrate.AbstractRegistrate/REGISTRATE.REGISTER]: Registered fruitsdelight:bellini_cocktail to registry minecraft:item
[10Mar2026 09:59:20.993] [main/DEBUG] [com.tterrag.registrate.AbstractRegistrate/REGISTRATE.REGISTER]: Registered fruitsdelight:blueberry_custard to registry minecraft:item
[10Mar2026 09:59:20.993] [main/DEBUG] [com.tterrag.registrate.AbstractRegistrate/REGISTRATE.REGISTER]: Registered fruitsdelight:blueberry_muffin to registry minecraft:item
[10Mar2026 09:59:20.993] [main/DEBUG] [com.tterrag.registrate.AbstractRegistrate/REGISTRATE.REGISTER]: Registered fruitsdelight:cranberry_muffin to registry minecraft:item
[10Mar2026 09:59:20.993] [main/DEBUG] [com.tterrag.registrate.AbstractRegistrate/REGISTRATE.REGISTER]: Registered fruitsdelight:fig_pudding_slice to registry minecraft:item
[10Mar2026 09:59:20.994] [main/DEBUG] [com.tterrag.registrate.AbstractRegistrate/REGISTRATE.REGISTER]: Registered fruitsdelight:hamimelon_popsicle to registry minecraft:item
[10Mar2026 09:59:20.994] [main/DEBUG] [com.tterrag.registrate.AbstractRegistrate/REGISTRATE.REGISTER]: Registered fruitsdelight:kiwi_popsicle to registry minecraft:item
[10Mar2026 09:59:20.994] [main/DEBUG] [com.tterrag.registrate.AbstractRegistrate/REGISTRATE.REGISTER]: Registered fruitsdelight:hamimelon_shaved_ice to registry minecraft:item
[10Mar2026 09:59:20.994] [main/DEBUG] [com.tterrag.registrate.AbstractRegistrate/REGISTRATE.REGISTER]: Registered fruitsdelight:hawberry_roll to registry minecraft:item
[10Mar2026 09:59:20.994] [main/DEBUG] [com.tterrag.registrate.AbstractRegistrate/REGISTRATE.REGISTER]: Registered fruitsdelight:hawberry_sheet to registry minecraft:item
[10Mar2026 09:59:20.994] [main/DEBUG] [com.tterrag.registrate.AbstractRegistrate/REGISTRATE.REGISTER]: Registered fruitsdelight:hawberry_stick to registry minecraft:item
[10Mar2026 09:59:20.994] [main/DEBUG] [com.tterrag.registrate.AbstractRegistrate/REGISTRATE.REGISTER]: Registered fruitsdelight:orange_slice to registry minecraft:item
[10Mar2026 09:59:20.994] [main/DEBUG] [com.tterrag.registrate.AbstractRegistrate/REGISTRATE.REGISTER]: Registered fruitsdelight:lemon_slice to registry minecraft:item
[10Mar2026 09:59:20.994] [main/DEBUG] [com.tterrag.registrate.AbstractRegistrate/REGISTRATE.REGISTER]: Registered fruitsdelight:durian_flesh to registry minecraft:item
[10Mar2026 09:59:20.994] [main/DEBUG] [com.tterrag.registrate.AbstractRegistrate/REGISTRATE.REGISTER]: Registered fruitsdelight:baked_pear to registry minecraft:item
[10Mar2026 09:59:20.995] [main/DEBUG] [com.tterrag.registrate.AbstractRegistrate/REGISTRATE.REGISTER]: Registered fruitsdelight:baked_durian to registry minecraft:item
[10Mar2026 09:59:20.995] [main/DEBUG] [com.tterrag.registrate.AbstractRegistrate/REGISTRATE.REGISTER]: Registered fruitsdelight:pineapple_pie to registry minecraft:item
[10Mar2026 09:59:20.995] [main/DEBUG] [com.tterrag.registrate.AbstractRegistrate/REGISTRATE.REGISTER]: Registered fruitsdelight:durian_pie to registry minecraft:item
[10Mar2026 09:59:20.995] [main/DEBUG] [com.tterrag.registrate.AbstractRegistrate/REGISTRATE.REGISTER]: Registered fruitsdelight:lemon_tart to registry minecraft:item
[10Mar2026 09:59:20.995] [main/DEBUG] [com.tterrag.registrate.AbstractRegistrate/REGISTRATE.REGISTER]: Registered fruitsdelight:fig_tart to registry minecraft:item
[10Mar2026 09:59:20.995] [main/DEBUG] [com.tterrag.registrate.AbstractRegistrate/REGISTRATE.REGISTER]: Registered fruitsdelight:mango_milkshake to registry minecraft:item
[10Mar2026 09:59:20.995] [main/DEBUG] [com.tterrag.registrate.AbstractRegistrate/REGISTRATE.REGISTER]: Registered fruitsdelight:mango_salad to registry minecraft:item
[10Mar2026 09:59:20.995] [main/DEBUG] [com.tterrag.registrate.AbstractRegistrate/REGISTRATE.REGISTER]: Registered fruitsdelight:dried_persimmon to registry minecraft:item
[10Mar2026 09:59:20.995] [main/DEBUG] [com.tterrag.registrate.AbstractRegistrate/REGISTRATE.REGISTER]: Registered fruitsdelight:persimmon_cookie to registry minecraft:item
[10Mar2026 09:59:20.995] [main/DEBUG] [com.tterrag.registrate.AbstractRegistrate/REGISTRATE.REGISTER]: Registered fruitsdelight:lemon_cookie to registry minecraft:item
[10Mar2026 09:59:20.995] [main/DEBUG] [com.tterrag.registrate.AbstractRegistrate/REGISTRATE.REGISTER]: Registered fruitsdelight:cranberry_cookie to registry minecraft:item
[10Mar2026 09:59:20.995] [main/DEBUG] [com.tterrag.registrate.AbstractRegistrate/REGISTRATE.REGISTER]: Registered fruitsdelight:bayberry_cookie to registry minecraft:item
[10Mar2026 09:59:20.996] [main/DEBUG] [com.tterrag.registrate.AbstractRegistrate/REGISTRATE.REGISTER]: Registered fruitsdelight:mangosteen_cake to registry minecraft:item
[10Mar2026 09:59:20.996] [main/DEBUG] [com.tterrag.registrate.AbstractRegistrate/REGISTRATE.REGISTER]: Registered fruitsdelight:pear_with_rock_sugar to registry minecraft:item
[10Mar2026 09:59:20.996] [main/DEBUG] [com.tterrag.registrate.AbstractRegistrate/REGISTRATE.REGISTER]: Registered fruitsdelight:orange_chicken to registry minecraft:item
[10Mar2026 09:59:20.996] [main/DEBUG] [com.tterrag.registrate.AbstractRegistrate/REGISTRATE.REGISTER]: Registered fruitsdelight:fig_chicken_stew to registry minecraft:item
[10Mar2026 09:59:20.996] [main/DEBUG] [com.tterrag.registrate.AbstractRegistrate/REGISTRATE.REGISTER]: Registered fruitsdelight:orange_marinated_pork to registry minecraft:item
[10Mar2026 09:59:20.996] [main/DEBUG] [com.tterrag.registrate.AbstractRegistrate/REGISTRATE.REGISTER]: Registered fruitsdelight:bowl_of_pineapple_fried_rice to registry minecraft:item
[10Mar2026 09:59:20.996] [main/DEBUG] [com.tterrag.registrate.AbstractRegistrate/REGISTRATE.REGISTER]: Registered fruitsdelight:pineapple_marinated_pork to registry minecraft:item
[10Mar2026 09:59:20.996] [main/DEBUG] [com.tterrag.registrate.AbstractRegistrate/REGISTRATE.REGISTER]: Registered fruitsdelight:lychee_chicken to registry minecraft:item
[10Mar2026 09:59:20.996] [main/DEBUG] [com.tterrag.registrate.AbstractRegistrate/REGISTRATE.REGISTER]: Registered fruitsdelight:jelly_bread to registry minecraft:item
[10Mar2026 09:59:20.996] [main/DEBUG] [com.tterrag.registrate.AbstractRegistrate/REGISTRATE.REGISTER]: Registered fruitsdelight:pineapple_fried_rice to registry minecraft:item
[10Mar2026 09:59:20.996] [main/DEBUG] [com.tterrag.registrate.AbstractRegistrate/REGISTRATE.REGISTER]: Registered fruitsdelight:fig_pudding to registry minecraft:item
[10Mar2026 09:59:20.996] [main/DEBUG] [com.tterrag.registrate.AbstractRegistrate/REGISTRATE.REGISTER]: Registered fruitsdelight:pear_crate to registry minecraft:item
[10Mar2026 09:59:20.996] [main/DEBUG] [com.tterrag.registrate.AbstractRegistrate/REGISTRATE.REGISTER]: Registered fruitsdelight:hawberry_crate to registry minecraft:item
[10Mar2026 09:59:20.997] [main/DEBUG] [com.tterrag.registrate.AbstractRegistrate/REGISTRATE.REGISTER]: Registered fruitsdelight:lychee_crate to registry minecraft:item
[10Mar2026 09:59:20.997] [main/DEBUG] [com.tterrag.registrate.AbstractRegistrate/REGISTRATE.REGISTER]: Registered fruitsdelight:mango_crate to registry minecraft:item
[10Mar2026 09:59:20.997] [main/DEBUG] [com.tterrag.registrate.AbstractRegistrate/REGISTRATE.REGISTER]: Registered fruitsdelight:persimmon_crate to registry minecraft:item
[10Mar2026 09:59:20.997] [main/DEBUG] [com.tterrag.registrate.AbstractRegistrate/REGISTRATE.REGISTER]: Registered fruitsdelight:peach_crate to registry minecraft:item
[10Mar2026 09:59:20.997] [main/DEBUG] [com.tterrag.registrate.AbstractRegistrate/REGISTRATE.REGISTER]: Registered fruitsdelight:orange_crate to registry minecraft:item
[10Mar2026 09:59:20.997] [main/DEBUG] [com.tterrag.registrate.AbstractRegistrate/REGISTRATE.REGISTER]: Registered fruitsdelight:mangosteen_crate to registry minecraft:item
[10Mar2026 09:59:20.997] [main/DEBUG] [com.tterrag.registrate.AbstractRegistrate/REGISTRATE.REGISTER]: Registered fruitsdelight:bayberry_crate to registry minecraft:item
[10Mar2026 09:59:20.997] [main/DEBUG] [com.tterrag.registrate.AbstractRegistrate/REGISTRATE.REGISTER]: Registered fruitsdelight:kiwi_crate to registry minecraft:item
[10Mar2026 09:59:20.997] [main/DEBUG] [com.tterrag.registrate.AbstractRegistrate/REGISTRATE.REGISTER]: Registered fruitsdelight:fig_crate to registry minecraft:item
[10Mar2026 09:59:20.997] [main/DEBUG] [com.tterrag.registrate.AbstractRegistrate/REGISTRATE.REGISTER]: Registered fruitsdelight:blueberry_crate to registry minecraft:item
[10Mar2026 09:59:20.997] [main/DEBUG] [com.tterrag.registrate.AbstractRegistrate/REGISTRATE.REGISTER]: Registered fruitsdelight:lemon_crate to registry minecraft:item
[10Mar2026 09:59:20.997] [main/DEBUG] [com.tterrag.registrate.AbstractRegistrate/REGISTRATE.REGISTER]: Registered fruitsdelight:cranberry_crate to registry minecraft:item
[10Mar2026 09:59:20.997] [main/DEBUG] [com.tterrag.registrate.AbstractRegistrate/REGISTRATE.REGISTER]: Registered fruitsdelight:pineapple_crate to registry minecraft:item
[10Mar2026 09:59:20.997] [main/DEBUG] [com.tterrag.registrate.AbstractRegistrate/REGISTRATE.REGISTER]: Registered fruitsdelight:apple_crate to registry minecraft:item
[10Mar2026 09:59:20.997] [main/DEBUG] [com.tterrag.registrate.AbstractRegistrate/REGISTRATE.REGISTER]: Registered fruitsdelight:apple_jelly_block to registry minecraft:item
[10Mar2026 09:59:20.997] [main/DEBUG] [com.tterrag.registrate.AbstractRegistrate/REGISTRATE.REGISTER]: Registered fruitsdelight:blueberry_jelly_block to registry minecraft:item
[10Mar2026 09:59:20.997] [main/DEBUG] [com.tterrag.registrate.AbstractRegistrate/REGISTRATE.REGISTER]: Registered fruitsdelight:glowberry_jelly_block to registry minecraft:item
[10Mar2026 09:59:20.997] [main/DEBUG] [com.tterrag.registrate.AbstractRegistrate/REGISTRATE.REGISTER]: Registered fruitsdelight:hamimelon_jelly_block to registry minecraft:item
[10Mar2026 09:59:20.997] [main/DEBUG] [com.tterrag.registrate.AbstractRegistrate/REGISTRATE.REGISTER]: Registered fruitsdelight:melon_jelly_block to registry minecraft:item
[10Mar2026 09:59:20.997] [main/DEBUG] [com.tterrag.registrate.AbstractRegistrate/REGISTRATE.REGISTER]: Registered fruitsdelight:hawberry_jelly_block to registry minecraft:item
[10Mar2026 09:59:20.998] [main/DEBUG] [com.tterrag.registrate.AbstractRegistrate/REGISTRATE.REGISTER]: Registered fruitsdelight:lychee_jelly_block to registry minecraft:item
[10Mar2026 09:59:20.998] [main/DEBUG] [com.tterrag.registrate.AbstractRegistrate/REGISTRATE.REGISTER]: Registered fruitsdelight:mango_jelly_block to registry minecraft:item
[10Mar2026 09:59:20.998] [main/DEBUG] [com.tterrag.registrate.AbstractRegistrate/REGISTRATE.REGISTER]: Registered fruitsdelight:orange_jelly_block to registry minecraft:item
[10Mar2026 09:59:20.998] [main/DEBUG] [com.tterrag.registrate.AbstractRegistrate/REGISTRATE.REGISTER]: Registered fruitsdelight:peach_jelly_block to registry minecraft:item
[10Mar2026 09:59:20.998] [main/DEBUG] [com.tterrag.registrate.AbstractRegistrate/REGISTRATE.REGISTER]: Registered fruitsdelight:pear_jelly_block to registry minecraft:item
[10Mar2026 09:59:20.998] [main/DEBUG] [com.tterrag.registrate.AbstractRegistrate/REGISTRATE.REGISTER]: Registered fruitsdelight:persimmon_jelly_block to registry minecraft:item
[10Mar2026 09:59:20.998] [main/DEBUG] [com.tterrag.registrate.AbstractRegistrate/REGISTRATE.REGISTER]: Registered fruitsdelight:pineapple_jelly_block to registry minecraft:item
[10Mar2026 09:59:20.998] [main/DEBUG] [com.tterrag.registrate.AbstractRegistrate/REGISTRATE.REGISTER]: Registered fruitsdelight:lemon_jelly_block to registry minecraft:item
[10Mar2026 09:59:20.998] [main/DEBUG] [com.tterrag.registrate.AbstractRegistrate/REGISTRATE.REGISTER]: Registered fruitsdelight:cranberry_jelly_block to registry minecraft:item
[10Mar2026 09:59:20.998] [main/DEBUG] [com.tterrag.registrate.AbstractRegistrate/REGISTRATE.REGISTER]: Registered fruitsdelight:mangosteen_jelly_block to registry minecraft:item
[10Mar2026 09:59:20.998] [main/DEBUG] [com.tterrag.registrate.AbstractRegistrate/REGISTRATE.REGISTER]: Registered fruitsdelight:sweetberry_jelly_block to registry minecraft:item
[10Mar2026 09:59:20.998] [main/DEBUG] [com.tterrag.registrate.AbstractRegistrate/REGISTRATE.REGISTER]: Registered fruitsdelight:chorus_jelly_block to registry minecraft:item
[10Mar2026 09:59:20.998] [main/DEBUG] [com.tterrag.registrate.AbstractRegistrate/REGISTRATE.REGISTER]: Registered fruitsdelight:bayberry_jelly_block to registry minecraft:item
[10Mar2026 09:59:20.998] [main/DEBUG] [com.tterrag.registrate.AbstractRegistrate/REGISTRATE.REGISTER]: Registered fruitsdelight:kiwi_jelly_block to registry minecraft:item
[10Mar2026 09:59:20.998] [main/DEBUG] [com.tterrag.registrate.AbstractRegistrate/REGISTRATE.REGISTER]: Registered fruitsdelight:fig_jelly_block to registry minecraft:item
[10Mar2026 09:59:20.998] [main/DEBUG] [com.tterrag.registrate.AbstractRegistrate/REGISTRATE.REGISTER]: Registered fruitsdelight:durian_jelly_block to registry minecraft:item
[10Mar2026 09:59:20.998] [main/DEBUG] [com.tterrag.registrate.AbstractRegistrate/REGISTRATE.REGISTER]: Registered fruitsdelight:apple_jello_block to registry minecraft:item
[10Mar2026 09:59:20.998] [main/DEBUG] [com.tterrag.registrate.AbstractRegistrate/REGISTRATE.REGISTER]: Registered fruitsdelight:blueberry_jello_block to registry minecraft:item
[10Mar2026 09:59:20.998] [main/DEBUG] [com.tterrag.registrate.AbstractRegistrate/REGISTRATE.REGISTER]: Registered fruitsdelight:glowberry_jello_block to registry minecraft:item
[10Mar2026 09:59:20.998] [main/DEBUG] [com.tterrag.registrate.AbstractRegistrate/REGISTRATE.REGISTER]: Registered fruitsdelight:hamimelon_jello_block to registry minecraft:item
[10Mar2026 09:59:20.999] [main/DEBUG] [com.tterrag.registrate.AbstractRegistrate/REGISTRATE.REGISTER]: Registered fruitsdelight:melon_jello_block to registry minecraft:item
[10Mar2026 09:59:20.999] [main/DEBUG] [com.tterrag.registrate.AbstractRegistrate/REGISTRATE.REGISTER]: Registered fruitsdelight:hawberry_jello_block to registry minecraft:item
[10Mar2026 09:59:20.999] [main/DEBUG] [com.tterrag.registrate.AbstractRegistrate/REGISTRATE.REGISTER]: Registered fruitsdelight:lychee_jello_block to registry minecraft:item
[10Mar2026 09:59:20.999] [main/DEBUG] [com.tterrag.registrate.AbstractRegistrate/REGISTRATE.REGISTER]: Registered fruitsdelight:mango_jello_block to registry minecraft:item
[10Mar2026 09:59:20.999] [main/DEBUG] [com.tterrag.registrate.AbstractRegistrate/REGISTRATE.REGISTER]: Registered fruitsdelight:orange_jello_block to registry minecraft:item
[10Mar2026 09:59:20.999] [main/DEBUG] [com.tterrag.registrate.AbstractRegistrate/REGISTRATE.REGISTER]: Registered fruitsdelight:peach_jello_block to registry minecraft:item
[10Mar2026 09:59:20.999] [main/DEBUG] [com.tterrag.registrate.AbstractRegistrate/REGISTRATE.REGISTER]: Registered fruitsdelight:pear_jello_block to registry minecraft:item
[10Mar2026 09:59:20.999] [main/DEBUG] [com.tterrag.registrate.AbstractRegistrate/REGISTRATE.REGISTER]: Registered fruitsdelight:persimmon_jello_block to registry minecraft:item
[10Mar2026 09:59:20.999] [main/DEBUG] [com.tterrag.registrate.AbstractRegistrate/REGISTRATE.REGISTER]: Registered fruitsdelight:pineapple_jello_block to registry minecraft:item
[10Mar2026 09:59:20.999] [main/DEBUG] [com.tterrag.registrate.AbstractRegistrate/REGISTRATE.REGISTER]: Registered fruitsdelight:lemon_jello_block to registry minecraft:item
[10Mar2026 09:59:20.999] [main/DEBUG] [com.tterrag.registrate.AbstractRegistrate/REGISTRATE.REGISTER]: Registered fruitsdelight:cranberry_jello_block to registry minecraft:item
[10Mar2026 09:59:20.999] [main/DEBUG] [com.tterrag.registrate.AbstractRegistrate/REGISTRATE.REGISTER]: Registered fruitsdelight:mangosteen_jello_block to registry minecraft:item
[10Mar2026 09:59:20.999] [main/DEBUG] [com.tterrag.registrate.AbstractRegistrate/REGISTRATE.REGISTER]: Registered fruitsdelight:sweetberry_jello_block to registry minecraft:item
[10Mar2026 09:59:20.999] [main/DEBUG] [com.tterrag.registrate.AbstractRegistrate/REGISTRATE.REGISTER]: Registered fruitsdelight:chorus_jello_block to registry minecraft:item
[10Mar2026 09:59:20.999] [main/DEBUG] [com.tterrag.registrate.AbstractRegistrate/REGISTRATE.REGISTER]: Registered fruitsdelight:bayberry_jello_block to registry minecraft:item
[10Mar2026 09:59:20.999] [main/DEBUG] [com.tterrag.registrate.AbstractRegistrate/REGISTRATE.REGISTER]: Registered fruitsdelight:kiwi_jello_block to registry minecraft:item
[10Mar2026 09:59:20.999] [main/DEBUG] [com.tterrag.registrate.AbstractRegistrate/REGISTRATE.REGISTER]: Registered fruitsdelight:fig_jello_block to registry minecraft:item
[10Mar2026 09:59:20.999] [main/DEBUG] [com.tterrag.registrate.AbstractRegistrate/REGISTRATE.REGISTER]: Registered fruitsdelight:durian_jello_block to registry minecraft:item
[10Mar2026 09:59:20.999] [main/DEBUG] [com.tterrag.registrate.AbstractRegistrate/REGISTRATE.REGISTER]: Registered fruitsdelight:lemonade_cauldron to registry minecraft:item
[10Mar2026 09:59:20.999] [main/DEBUG] [com.tterrag.registrate.AbstractRegistrate/REGISTRATE.REGISTER]: Registered fruitsdelight:apple_cauldron to registry minecraft:item
[10Mar2026 09:59:20.999] [main/DEBUG] [com.tterrag.registrate.AbstractRegistrate/REGISTRATE.REGISTER]: Registered fruitsdelight:apple_jelly_cauldron to registry minecraft:item
[10Mar2026 09:59:20.999] [main/DEBUG] [com.tterrag.registrate.AbstractRegistrate/REGISTRATE.REGISTER]: Registered fruitsdelight:apple_jello_cauldron to registry minecraft:item
[10Mar2026 09:59:20.999] [main/DEBUG] [com.tterrag.registrate.AbstractRegistrate/REGISTRATE.REGISTER]: Registered fruitsdelight:blueberry_cauldron to registry minecraft:item
[10Mar2026 09:59:20.999] [main/DEBUG] [com.tterrag.registrate.AbstractRegistrate/REGISTRATE.REGISTER]: Registered fruitsdelight:blueberry_jelly_cauldron to registry minecraft:item
[10Mar2026 09:59:21.000] [main/DEBUG] [com.tterrag.registrate.AbstractRegistrate/REGISTRATE.REGISTER]: Registered fruitsdelight:blueberry_jello_cauldron to registry minecraft:item
[10Mar2026 09:59:21.000] [main/DEBUG] [com.tterrag.registrate.AbstractRegistrate/REGISTRATE.REGISTER]: Registered fruitsdelight:glowberry_cauldron to registry minecraft:item
[10Mar2026 09:59:21.000] [main/DEBUG] [com.tterrag.registrate.AbstractRegistrate/REGISTRATE.REGISTER]: Registered fruitsdelight:glowberry_jelly_cauldron to registry minecraft:item
[10Mar2026 09:59:21.000] [main/DEBUG] [com.tterrag.registrate.AbstractRegistrate/REGISTRATE.REGISTER]: Registered fruitsdelight:glowberry_jello_cauldron to registry minecraft:item
[10Mar2026 09:59:21.000] [main/DEBUG] [com.tterrag.registrate.AbstractRegistrate/REGISTRATE.REGISTER]: Registered fruitsdelight:hamimelon_cauldron to registry minecraft:item
[10Mar2026 09:59:21.000] [main/DEBUG] [com.tterrag.registrate.AbstractRegistrate/REGISTRATE.REGISTER]: Registered fruitsdelight:hamimelon_jelly_cauldron to registry minecraft:item
[10Mar2026 09:59:21.000] [main/DEBUG] [com.tterrag.registrate.AbstractRegistrate/REGISTRATE.REGISTER]: Registered fruitsdelight:hamimelon_jello_cauldron to registry minecraft:item
[10Mar2026 09:59:21.000] [main/DEBUG] [com.tterrag.registrate.AbstractRegistrate/REGISTRATE.REGISTER]: Registered fruitsdelight:melon_cauldron to registry minecraft:item
[10Mar2026 09:59:21.000] [main/DEBUG] [com.tterrag.registrate.AbstractRegistrate/REGISTRATE.REGISTER]: Registered fruitsdelight:melon_jelly_cauldron to registry minecraft:item
[10Mar2026 09:59:21.000] [main/DEBUG] [com.tterrag.registrate.AbstractRegistrate/REGISTRATE.REGISTER]: Registered fruitsdelight:melon_jello_cauldron to registry minecraft:item
[10Mar2026 09:59:21.000] [main/DEBUG] [com.tterrag.registrate.AbstractRegistrate/REGISTRATE.REGISTER]: Registered fruitsdelight:hawberry_cauldron to registry minecraft:item
[10Mar2026 09:59:21.000] [main/DEBUG] [com.tterrag.registrate.AbstractRegistrate/REGISTRATE.REGISTER]: Registered fruitsdelight:hawberry_jelly_cauldron to registry minecraft:item
[10Mar2026 09:59:21.000] [main/DEBUG] [com.tterrag.registrate.AbstractRegistrate/REGISTRATE.REGISTER]: Registered fruitsdelight:hawberry_jello_cauldron to registry minecraft:item
[10Mar2026 09:59:21.000] [main/DEBUG] [com.tterrag.registrate.AbstractRegistrate/REGISTRATE.REGISTER]: Registered fruitsdelight:lychee_cauldron to registry minecraft:item
[10Mar2026 09:59:21.000] [main/DEBUG] [com.tterrag.registrate.AbstractRegistrate/REGISTRATE.REGISTER]: Registered fruitsdelight:lychee_jelly_cauldron to registry minecraft:item
[10Mar2026 09:59:21.000] [main/DEBUG] [com.tterrag.registrate.AbstractRegistrate/REGISTRATE.REGISTER]: Registered fruitsdelight:lychee_jello_cauldron to registry minecraft:item
[10Mar2026 09:59:21.000] [main/DEBUG] [com.tterrag.registrate.AbstractRegistrate/REGISTRATE.REGISTER]: Registered fruitsdelight:mango_cauldron to registry minecraft:item
[10Mar2026 09:59:21.000] [main/DEBUG] [com.tterrag.registrate.AbstractRegistrate/REGISTRATE.REGISTER]: Registered fruitsdelight:mango_jelly_cauldron to registry minecraft:item
[10Mar2026 09:59:21.000] [main/DEBUG] [com.tterrag.registrate.AbstractRegistrate/REGISTRATE.REGISTER]: Registered fruitsdelight:mango_jello_cauldron to registry minecraft:item
[10Mar2026 09:59:21.001] [main/DEBUG] [com.tterrag.registrate.AbstractRegistrate/REGISTRATE.REGISTER]: Registered fruitsdelight:orange_cauldron to registry minecraft:item
[10Mar2026 09:59:21.001] [main/DEBUG] [com.tterrag.registrate.AbstractRegistrate/REGISTRATE.REGISTER]: Registered fruitsdelight:orange_jelly_cauldron to registry minecraft:item
[10Mar2026 09:59:21.001] [main/DEBUG] [com.tterrag.registrate.AbstractRegistrate/REGISTRATE.REGISTER]: Registered fruitsdelight:orange_jello_cauldron to registry minecraft:item
[10Mar2026 09:59:21.001] [main/DEBUG] [com.tterrag.registrate.AbstractRegistrate/REGISTRATE.REGISTER]: Registered fruitsdelight:peach_cauldron to registry minecraft:item
[10Mar2026 09:59:21.001] [main/DEBUG] [com.tterrag.registrate.AbstractRegistrate/REGISTRATE.REGISTER]: Registered fruitsdelight:peach_jelly_cauldron to registry minecraft:item
[10Mar2026 09:59:21.001] [main/DEBUG] [com.tterrag.registrate.AbstractRegistrate/REGISTRATE.REGISTER]: Registered fruitsdelight:peach_jello_cauldron to registry minecraft:item
[10Mar2026 09:59:21.001] [main/DEBUG] [com.tterrag.registrate.AbstractRegistrate/REGISTRATE.REGISTER]: Registered fruitsdelight:pear_cauldron to registry minecraft:item
[10Mar2026 09:59:21.001] [main/DEBUG] [com.tterrag.registrate.AbstractRegistrate/REGISTRATE.REGISTER]: Registered fruitsdelight:pear_jelly_cauldron to registry minecraft:item
[10Mar2026 09:59:21.001] [main/DEBUG] [com.tterrag.registrate.AbstractRegistrate/REGISTRATE.REGISTER]: Registered fruitsdelight:pear_jello_cauldron to registry minecraft:item
[10Mar2026 09:59:21.001] [main/DEBUG] [com.tterrag.registrate.AbstractRegistrate/REGISTRATE.REGISTER]: Registered fruitsdelight:persimmon_cauldron to registry minecraft:item
[10Mar2026 09:59:21.001] [main/DEBUG] [com.tterrag.registrate.AbstractRegistrate/REGISTRATE.REGISTER]: Registered fruitsdelight:persimmon_jelly_cauldron to registry minecraft:item
[10Mar2026 09:59:21.001] [main/DEBUG] [com.tterrag.registrate.AbstractRegistrate/REGISTRATE.REGISTER]: Registered fruitsdelight:persimmon_jello_cauldron to registry minecraft:item
[10Mar2026 09:59:21.001] [main/DEBUG] [com.tterrag.registrate.AbstractRegistrate/REGISTRATE.REGISTER]: Registered fruitsdelight:pineapple_cauldron to registry minecraft:item
[10Mar2026 09:59:21.001] [main/DEBUG] [com.tterrag.registrate.AbstractRegistrate/REGISTRATE.REGISTER]: Registered fruitsdelight:pineapple_jelly_cauldron to registry minecraft:item
[10Mar2026 09:59:21.002] [main/DEBUG] [com.tterrag.registrate.AbstractRegistrate/REGISTRATE.REGISTER]: Registered fruitsdelight:pineapple_jello_cauldron to registry minecraft:item
[10Mar2026 09:59:21.002] [main/DEBUG] [com.tterrag.registrate.AbstractRegistrate/REGISTRATE.REGISTER]: Registered fruitsdelight:lemon_cauldron to registry minecraft:item
[10Mar2026 09:59:21.002] [main/DEBUG] [com.tterrag.registrate.AbstractRegistrate/REGISTRATE.REGISTER]: Registered fruitsdelight:lemon_jelly_cauldron to registry minecraft:item
[10Mar2026 09:59:21.002] [main/DEBUG] [com.tterrag.registrate.AbstractRegistrate/REGISTRATE.REGISTER]: Registered fruitsdelight:lemon_jello_cauldron to registry minecraft:item
[10Mar2026 09:59:21.002] [main/DEBUG] [com.tterrag.registrate.AbstractRegistrate/REGISTRATE.REGISTER]: Registered fruitsdelight:cranberry_cauldron to registry minecraft:item
[10Mar2026 09:59:21.002] [main/DEBUG] [com.tterrag.registrate.AbstractRegistrate/REGISTRATE.REGISTER]: Registered fruitsdelight:cranberry_jelly_cauldron to registry minecraft:item
[10Mar2026 09:59:21.002] [main/DEBUG] [com.tterrag.registrate.AbstractRegistrate/REGISTRATE.REGISTER]: Registered fruitsdelight:cranberry_jello_cauldron to registry minecraft:item
[10Mar2026 09:59:21.002] [main/DEBUG] [com.tterrag.registrate.AbstractRegistrate/REGISTRATE.REGISTER]: Registered fruitsdelight:mangosteen_cauldron to registry minecraft:item
[10Mar2026 09:59:21.002] [main/DEBUG] [com.tterrag.registrate.AbstractRegistrate/REGISTRATE.REGISTER]: Registered fruitsdelight:mangosteen_jelly_cauldron to registry minecraft:item
[10Mar2026 09:59:21.002] [main/DEBUG] [com.tterrag.registrate.AbstractRegistrate/REGISTRATE.REGISTER]: Registered fruitsdelight:mangosteen_jello_cauldron to registry minecraft:item
[10Mar2026 09:59:21.002] [main/DEBUG] [com.tterrag.registrate.AbstractRegistrate/REGISTRATE.REGISTER]: Registered fruitsdelight:sweetberry_cauldron to registry minecraft:item
[10Mar2026 09:59:21.002] [main/DEBUG] [com.tterrag.registrate.AbstractRegistrate/REGISTRATE.REGISTER]: Registered fruitsdelight:sweetberry_jelly_cauldron to registry minecraft:item
[10Mar2026 09:59:21.002] [main/DEBUG] [com.tterrag.registrate.AbstractRegistrate/REGISTRATE.REGISTER]: Registered fruitsdelight:sweetberry_jello_cauldron to registry minecraft:item
[10Mar2026 09:59:21.002] [main/DEBUG] [com.tterrag.registrate.AbstractRegistrate/REGISTRATE.REGISTER]: Registered fruitsdelight:chorus_cauldron to registry minecraft:item
[10Mar2026 09:59:21.002] [main/DEBUG] [com.tterrag.registrate.AbstractRegistrate/REGISTRATE.REGISTER]: Registered fruitsdelight:chorus_jelly_cauldron to registry minecraft:item
[10Mar2026 09:59:21.003] [main/DEBUG] [com.tterrag.registrate.AbstractRegistrate/REGISTRATE.REGISTER]: Registered fruitsdelight:chorus_jello_cauldron to registry minecraft:item
[10Mar2026 09:59:21.003] [main/DEBUG] [com.tterrag.registrate.AbstractRegistrate/REGISTRATE.REGISTER]: Registered fruitsdelight:bayberry_cauldron to registry minecraft:item
[10Mar2026 09:59:21.003] [main/DEBUG] [com.tterrag.registrate.AbstractRegistrate/REGISTRATE.REGISTER]: Registered fruitsdelight:bayberry_jelly_cauldron to registry minecraft:item
[10Mar2026 09:59:21.003] [main/DEBUG] [com.tterrag.registrate.AbstractRegistrate/REGISTRATE.REGISTER]: Registered fruitsdelight:bayberry_jello_cauldron to registry minecraft:item
[10Mar2026 09:59:21.003] [main/DEBUG] [com.tterrag.registrate.AbstractRegistrate/REGISTRATE.REGISTER]: Registered fruitsdelight:kiwi_cauldron to registry minecraft:item
[10Mar2026 09:59:21.003] [main/DEBUG] [com.tterrag.registrate.AbstractRegistrate/REGISTRATE.REGISTER]: Registered fruitsdelight:kiwi_jelly_cauldron to registry minecraft:item
[10Mar2026 09:59:21.003] [main/DEBUG] [com.tterrag.registrate.AbstractRegistrate/REGISTRATE.REGISTER]: Registered fruitsdelight:kiwi_jello_cauldron to registry minecraft:item
[10Mar2026 09:59:21.003] [main/DEBUG] [com.tterrag.registrate.AbstractRegistrate/REGISTRATE.REGISTER]: Registered fruitsdelight:fig_cauldron to registry minecraft:item
[10Mar2026 09:59:21.003] [main/DEBUG] [com.tterrag.registrate.AbstractRegistrate/REGISTRATE.REGISTER]: Registered fruitsdelight:fig_jelly_cauldron to registry minecraft:item
[10Mar2026 09:59:21.003] [main/DEBUG] [com.tterrag.registrate.AbstractRegistrate/REGISTRATE.REGISTER]: Registered fruitsdelight:fig_jello_cauldron to registry minecraft:item
[10Mar2026 09:59:21.003] [main/DEBUG] [com.tterrag.registrate.AbstractRegistrate/REGISTRATE.REGISTER]: Registered fruitsdelight:durian_cauldron to registry minecraft:item
[10Mar2026 09:59:21.003] [main/DEBUG] [com.tterrag.registrate.AbstractRegistrate/REGISTRATE.REGISTER]: Registered fruitsdelight:durian_jelly_cauldron to registry minecraft:item
[10Mar2026 09:59:21.003] [main/DEBUG] [com.tterrag.registrate.AbstractRegistrate/REGISTRATE.REGISTER]: Registered fruitsdelight:durian_jello_cauldron to registry minecraft:item
[10Mar2026 09:59:21.003] [main/DEBUG] [com.tterrag.registrate.AbstractRegistrate/REGISTRATE.REGISTER]: Registered fruitsdelight:dummy_cauldron to registry minecraft:item
[10Mar2026 09:59:21.149] [main/DEBUG] [com.tterrag.registrate.AbstractRegistrate/REGISTRATE.REGISTER]: (fruitsdelight) Registering 2 known objects of type minecraft:recipe_serializer
[10Mar2026 09:59:21.151] [main/DEBUG] [com.tterrag.registrate.AbstractRegistrate/REGISTRATE.REGISTER]: Registered fruitsdelight:jelly_craft_shapeless to registry minecraft:recipe_serializer
[10Mar2026 09:59:21.152] [main/DEBUG] [com.tterrag.registrate.AbstractRegistrate/REGISTRATE.REGISTER]: Registered fruitsdelight:jelly_craft_shaped to registry minecraft:recipe_serializer
[10Mar2026 09:59:21.210] [main/DEBUG] [com.tterrag.registrate.AbstractRegistrate/REGISTRATE.REGISTER]: (fruitsdelight) Registering 1 known objects of type minecraft:creative_mode_tab
[10Mar2026 09:59:21.211] [main/DEBUG] [com.tterrag.registrate.AbstractRegistrate/REGISTRATE.REGISTER]: Registered fruitsdelight:fruits_delight to registry minecraft:creative_mode_tab
[10Mar2026 09:59:21.231] [main/DEBUG] [com.tterrag.registrate.AbstractRegistrate/REGISTRATE.REGISTER]: (fruitsdelight) Registering 56 known objects of type forge:fluid_type
[10Mar2026 09:59:21.231] [main/DEBUG] [com.tterrag.registrate.AbstractRegistrate/REGISTRATE.REGISTER]: Registered fruitsdelight:apple_jam to registry forge:fluid_type
[10Mar2026 09:59:21.231] [main/DEBUG] [com.tterrag.registrate.AbstractRegistrate/REGISTRATE.REGISTER]: Registered fruitsdelight:apple_jello to registry forge:fluid_type
[10Mar2026 09:59:21.231] [main/DEBUG] [com.tterrag.registrate.AbstractRegistrate/REGISTRATE.REGISTER]: Registered fruitsdelight:blueberry_jam to registry forge:fluid_type
[10Mar2026 09:59:21.231] [main/DEBUG] [com.tterrag.registrate.AbstractRegistrate/REGISTRATE.REGISTER]: Registered fruitsdelight:blueberry_jello to registry forge:fluid_type
[10Mar2026 09:59:21.231] [main/DEBUG] [com.tterrag.registrate.AbstractRegistrate/REGISTRATE.REGISTER]: Registered fruitsdelight:glowberry_jam to registry forge:fluid_type
[10Mar2026 09:59:21.231] [main/DEBUG] [com.tterrag.registrate.AbstractRegistrate/REGISTRATE.REGISTER]: Registered fruitsdelight:glowberry_jello to registry forge:fluid_type
[10Mar2026 09:59:21.231] [main/DEBUG] [com.tterrag.registrate.AbstractRegistrate/REGISTRATE.REGISTER]: Registered fruitsdelight:hamimelon_jam to registry forge:fluid_type
[10Mar2026 09:59:21.231] [main/DEBUG] [com.tterrag.registrate.AbstractRegistrate/REGISTRATE.REGISTER]: Registered fruitsdelight:hamimelon_jello to registry forge:fluid_type
[10Mar2026 09:59:21.231] [main/DEBUG] [com.tterrag.registrate.AbstractRegistrate/REGISTRATE.REGISTER]: Registered fruitsdelight:melon_jam to registry forge:fluid_type
[10Mar2026 09:59:21.231] [main/DEBUG] [com.tterrag.registrate.AbstractRegistrate/REGISTRATE.REGISTER]: Registered fruitsdelight:melon_jello to registry forge:fluid_type
[10Mar2026 09:59:21.231] [main/DEBUG] [com.tterrag.registrate.AbstractRegistrate/REGISTRATE.REGISTER]: Registered fruitsdelight:hawberry_jam to registry forge:fluid_type
[10Mar2026 09:59:21.232] [main/DEBUG] [com.tterrag.registrate.AbstractRegistrate/REGISTRATE.REGISTER]: Registered fruitsdelight:hawberry_jello to registry forge:fluid_type
[10Mar2026 09:59:21.232] [main/DEBUG] [com.tterrag.registrate.AbstractRegistrate/REGISTRATE.REGISTER]: Registered fruitsdelight:lychee_jam to registry forge:fluid_type
[10Mar2026 09:59:21.232] [main/DEBUG] [com.tterrag.registrate.AbstractRegistrate/REGISTRATE.REGISTER]: Registered fruitsdelight:lychee_jello to registry forge:fluid_type
[10Mar2026 09:59:21.232] [main/DEBUG] [com.tterrag.registrate.AbstractRegistrate/REGISTRATE.REGISTER]: Registered fruitsdelight:mango_jam to registry forge:fluid_type
[10Mar2026 09:59:21.232] [main/DEBUG] [com.tterrag.registrate.AbstractRegistrate/REGISTRATE.REGISTER]: Registered fruitsdelight:mango_jello to registry forge:fluid_type
[10Mar2026 09:59:21.232] [main/DEBUG] [com.tterrag.registrate.AbstractRegistrate/REGISTRATE.REGISTER]: Registered fruitsdelight:orange_jam to registry forge:fluid_type
[10Mar2026 09:59:21.232] [main/DEBUG] [com.tterrag.registrate.AbstractRegistrate/REGISTRATE.REGISTER]: Registered fruitsdelight:orange_jello to registry forge:fluid_type
[10Mar2026 09:59:21.232] [main/DEBUG] [com.tterrag.registrate.AbstractRegistrate/REGISTRATE.REGISTER]: Registered fruitsdelight:peach_jam to registry forge:fluid_type
[10Mar2026 09:59:21.232] [main/DEBUG] [com.tterrag.registrate.AbstractRegistrate/REGISTRATE.REGISTER]: Registered fruitsdelight:peach_jello to registry forge:fluid_type
[10Mar2026 09:59:21.232] [main/DEBUG] [com.tterrag.registrate.AbstractRegistrate/REGISTRATE.REGISTER]: Registered fruitsdelight:pear_jam to registry forge:fluid_type
[10Mar2026 09:59:21.232] [main/DEBUG] [com.tterrag.registrate.AbstractRegistrate/REGISTRATE.REGISTER]: Registered fruitsdelight:pear_jello to registry forge:fluid_type
[10Mar2026 09:59:21.232] [main/DEBUG] [com.tterrag.registrate.AbstractRegistrate/REGISTRATE.REGISTER]: Registered fruitsdelight:persimmon_jam to registry forge:fluid_type
[10Mar2026 09:59:21.232] [main/DEBUG] [com.tterrag.registrate.AbstractRegistrate/REGISTRATE.REGISTER]: Registered fruitsdelight:persimmon_jello to registry forge:fluid_type
[10Mar2026 09:59:21.232] [main/DEBUG] [com.tterrag.registrate.AbstractRegistrate/REGISTRATE.REGISTER]: Registered fruitsdelight:pineapple_jam to registry forge:fluid_type
[10Mar2026 09:59:21.233] [main/DEBUG] [com.tterrag.registrate.AbstractRegistrate/REGISTRATE.REGISTER]: Registered fruitsdelight:pineapple_jello to registry forge:fluid_type
[10Mar2026 09:59:21.233] [main/DEBUG] [com.tterrag.registrate.AbstractRegistrate/REGISTRATE.REGISTER]: Registered fruitsdelight:lemon_jam to registry forge:fluid_type
[10Mar2026 09:59:21.233] [main/DEBUG] [com.tterrag.registrate.AbstractRegistrate/REGISTRATE.REGISTER]: Registered fruitsdelight:lemon_jello to registry forge:fluid_type
[10Mar2026 09:59:21.233] [main/DEBUG] [com.tterrag.registrate.AbstractRegistrate/REGISTRATE.REGISTER]: Registered fruitsdelight:cranberry_jam to registry forge:fluid_type
[10Mar2026 09:59:21.233] [main/DEBUG] [com.tterrag.registrate.AbstractRegistrate/REGISTRATE.REGISTER]: Registered fruitsdelight:cranberry_jello to registry forge:fluid_type
[10Mar2026 09:59:21.233] [main/DEBUG] [com.tterrag.registrate.AbstractRegistrate/REGISTRATE.REGISTER]: Registered fruitsdelight:mangosteen_jam to registry forge:fluid_type
[10Mar2026 09:59:21.233] [main/DEBUG] [com.tterrag.registrate.AbstractRegistrate/REGISTRATE.REGISTER]: Registered fruitsdelight:mangosteen_jello to registry forge:fluid_type
[10Mar2026 09:59:21.233] [main/DEBUG] [com.tterrag.registrate.AbstractRegistrate/REGISTRATE.REGISTER]: Registered fruitsdelight:sweetberry_jam to registry forge:fluid_type
[10Mar2026 09:59:21.233] [main/DEBUG] [com.tterrag.registrate.AbstractRegistrate/REGISTRATE.REGISTER]: Registered fruitsdelight:sweetberry_jello to registry forge:fluid_type
[10Mar2026 09:59:21.233] [main/DEBUG] [com.tterrag.registrate.AbstractRegistrate/REGISTRATE.REGISTER]: Registered fruitsdelight:chorus_jam to registry forge:fluid_type
[10Mar2026 09:59:21.233] [main/DEBUG] [com.tterrag.registrate.AbstractRegistrate/REGISTRATE.REGISTER]: Registered fruitsdelight:chorus_jello to registry forge:fluid_type
[10Mar2026 09:59:21.233] [main/DEBUG] [com.tterrag.registrate.AbstractRegistrate/REGISTRATE.REGISTER]: Registered fruitsdelight:bayberry_jam to registry forge:fluid_type
[10Mar2026 09:59:21.234] [main/DEBUG] [com.tterrag.registrate.AbstractRegistrate/REGISTRATE.REGISTER]: Registered fruitsdelight:bayberry_jello to registry forge:fluid_type
[10Mar2026 09:59:21.234] [main/DEBUG] [com.tterrag.registrate.AbstractRegistrate/REGISTRATE.REGISTER]: Registered fruitsdelight:kiwi_jam to registry forge:fluid_type
[10Mar2026 09:59:21.234] [main/DEBUG] [com.tterrag.registrate.AbstractRegistrate/REGISTRATE.REGISTER]: Registered fruitsdelight:kiwi_jello to registry forge:fluid_type
[10Mar2026 09:59:21.234] [main/DEBUG] [com.tterrag.registrate.AbstractRegistrate/REGISTRATE.REGISTER]: Registered fruitsdelight:fig_jam to registry forge:fluid_type
[10Mar2026 09:59:21.234] [main/DEBUG] [com.tterrag.registrate.AbstractRegistrate/REGISTRATE.REGISTER]: Registered fruitsdelight:fig_jello to registry forge:fluid_type
[10Mar2026 09:59:21.234] [main/DEBUG] [com.tterrag.registrate.AbstractRegistrate/REGISTRATE.REGISTER]: Registered fruitsdelight:durian_jam to registry forge:fluid_type
[10Mar2026 09:59:21.234] [main/DEBUG] [com.tterrag.registrate.AbstractRegistrate/REGISTRATE.REGISTER]: Registered fruitsdelight:durian_jello to registry forge:fluid_type
[10Mar2026 09:59:21.234] [main/DEBUG] [com.tterrag.registrate.AbstractRegistrate/REGISTRATE.REGISTER]: Registered fruitsdelight:hamimelon_juice to registry forge:fluid_type
[10Mar2026 09:59:21.234] [main/DEBUG] [com.tterrag.registrate.AbstractRegistrate/REGISTRATE.REGISTER]: Registered fruitsdelight:hawberry_tea to registry forge:fluid_type
[10Mar2026 09:59:21.234] [main/DEBUG] [com.tterrag.registrate.AbstractRegistrate/REGISTRATE.REGISTER]: Registered fruitsdelight:orange_juice to registry forge:fluid_type
[10Mar2026 09:59:21.234] [main/DEBUG] [com.tterrag.registrate.AbstractRegistrate/REGISTRATE.REGISTER]: Registered fruitsdelight:lemon_juice to registry forge:fluid_type
[10Mar2026 09:59:21.234] [main/DEBUG] [com.tterrag.registrate.AbstractRegistrate/REGISTRATE.REGISTER]: Registered fruitsdelight:pear_juice to registry forge:fluid_type
[10Mar2026 09:59:21.234] [main/DEBUG] [com.tterrag.registrate.AbstractRegistrate/REGISTRATE.REGISTER]: Registered fruitsdelight:mango_tea to registry forge:fluid_type
[10Mar2026 09:59:21.234] [main/DEBUG] [com.tterrag.registrate.AbstractRegistrate/REGISTRATE.REGISTER]: Registered fruitsdelight:peach_tea to registry forge:fluid_type
[10Mar2026 09:59:21.234] [main/DEBUG] [com.tterrag.registrate.AbstractRegistrate/REGISTRATE.REGISTER]: Registered fruitsdelight:lychee_cherry_tea to registry forge:fluid_type
[10Mar2026 09:59:21.235] [main/DEBUG] [com.tterrag.registrate.AbstractRegistrate/REGISTRATE.REGISTER]: Registered fruitsdelight:mangosteen_tea to registry forge:fluid_type
[10Mar2026 09:59:21.235] [main/DEBUG] [com.tterrag.registrate.AbstractRegistrate/REGISTRATE.REGISTER]: Registered fruitsdelight:bayberry_soup to registry forge:fluid_type
[10Mar2026 09:59:21.235] [main/DEBUG] [com.tterrag.registrate.AbstractRegistrate/REGISTRATE.REGISTER]: Registered fruitsdelight:kiwi_juice to registry forge:fluid_type
[10Mar2026 09:59:21.235] [main/DEBUG] [com.tterrag.registrate.AbstractRegistrate/REGISTRATE.REGISTER]: Registered fruitsdelight:bellini_cocktail to registry forge:fluid_type
[10Mar2026 09:59:21.245] [main/DEBUG] [com.tterrag.registrate.AbstractRegistrate/REGISTRATE.REGISTER]: (fruitsdelight) Registering 1 known objects of type forge:global_loot_modifier_serializers
[10Mar2026 09:59:21.246] [main/DEBUG] [com.tterrag.registrate.AbstractRegistrate/REGISTRATE.REGISTER]: Registered fruitsdelight:replace_item to registry forge:global_loot_modifier_serializers
[10Mar2026 09:59:21.314] [main/DEBUG] [net.minecraftforge.fml.config.ConfigTracker/CONFIG]: Loading configs type COMMON
[10Mar2026 09:59:21.315] [main/DEBUG] [net.minecraftforge.fml.config.ConfigFileTypeHandler/CONFIG]: Built TOML config for /workspaces/Mine-cra/servidor_minecraft/config/farmersdelight-common.toml
[10Mar2026 09:59:21.317] [main/DEBUG] [net.minecraftforge.fml.config.ConfigFileTypeHandler/CONFIG]: Loaded TOML config file /workspaces/Mine-cra/servidor_minecraft/config/farmersdelight-common.toml
[10Mar2026 09:59:21.323] [main/DEBUG] [net.minecraftforge.fml.config.ConfigFileTypeHandler/CONFIG]: Watching TOML config file /workspaces/Mine-cra/servidor_minecraft/config/farmersdelight-common.toml for changes
[10Mar2026 09:59:21.325] [Thread-1/DEBUG] [net.minecraftforge.fml.config.ConfigFileTypeHandler/CONFIG]: Config file farmersdelight-common.toml changed, sending notifies
[10Mar2026 09:59:21.325] [main/DEBUG] [net.minecraftforge.fml.config.ConfigFileTypeHandler/CONFIG]: Built TOML config for /workspaces/Mine-cra/servidor_minecraft/config/sophisticatedcore-common.toml
[10Mar2026 09:59:21.326] [main/DEBUG] [net.minecraftforge.fml.config.ConfigFileTypeHandler/CONFIG]: Loaded TOML config file /workspaces/Mine-cra/servidor_minecraft/config/sophisticatedcore-common.toml
[10Mar2026 09:59:21.326] [main/DEBUG] [net.minecraftforge.fml.config.ConfigFileTypeHandler/CONFIG]: Watching TOML config file /workspaces/Mine-cra/servidor_minecraft/config/sophisticatedcore-common.toml for changes
[10Mar2026 09:59:21.327] [Thread-1/DEBUG] [net.minecraftforge.fml.config.ConfigFileTypeHandler/CONFIG]: Config file farmersdelight-common.toml changed, sending notifies
[10Mar2026 09:59:21.327] [Thread-1/DEBUG] [net.minecraftforge.fml.config.ConfigFileTypeHandler/CONFIG]: Config file sophisticatedcore-common.toml changed, sending notifies
[10Mar2026 09:59:21.328] [main/DEBUG] [net.minecraftforge.fml.config.ConfigFileTypeHandler/CONFIG]: Built TOML config for /workspaces/Mine-cra/servidor_minecraft/config/curios-common.toml
[10Mar2026 09:59:21.328] [main/DEBUG] [net.minecraftforge.fml.config.ConfigFileTypeHandler/CONFIG]: Loaded TOML config file /workspaces/Mine-cra/servidor_minecraft/config/curios-common.toml
[10Mar2026 09:59:21.328] [main/DEBUG] [net.minecraftforge.fml.config.ConfigFileTypeHandler/CONFIG]: Watching TOML config file /workspaces/Mine-cra/servidor_minecraft/config/curios-common.toml for changes
[10Mar2026 09:59:21.328] [main/DEBUG] [net.minecraftforge.fml.config.ConfigFileTypeHandler/CONFIG]: Built TOML config for /workspaces/Mine-cra/servidor_minecraft/config/sophisticatedbackpacks-common.toml
[10Mar2026 09:59:21.329] [Thread-1/DEBUG] [net.minecraftforge.fml.config.ConfigFileTypeHandler/CONFIG]: Config file sophisticatedcore-common.toml changed, sending notifies
[10Mar2026 09:59:21.329] [main/DEBUG] [net.minecraftforge.fml.config.ConfigFileTypeHandler/CONFIG]: Loaded TOML config file /workspaces/Mine-cra/servidor_minecraft/config/sophisticatedbackpacks-common.toml
[10Mar2026 09:59:21.329] [Thread-1/DEBUG] [net.minecraftforge.fml.config.ConfigFileTypeHandler/CONFIG]: Config file curios-common.toml changed, sending notifies
[10Mar2026 09:59:21.329] [main/DEBUG] [net.minecraftforge.fml.config.ConfigFileTypeHandler/CONFIG]: Watching TOML config file /workspaces/Mine-cra/servidor_minecraft/config/sophisticatedbackpacks-common.toml for changes
[10Mar2026 09:59:21.329] [main/DEBUG] [net.minecraftforge.fml.config.ConfigFileTypeHandler/CONFIG]: Built TOML config for /workspaces/Mine-cra/servidor_minecraft/config/cookingforblockheads-common.toml
[10Mar2026 09:59:21.329] [Thread-1/DEBUG] [net.minecraftforge.fml.config.ConfigFileTypeHandler/CONFIG]: Config file sophisticatedbackpacks-common.toml changed, sending notifies
[10Mar2026 09:59:21.330] [main/DEBUG] [net.minecraftforge.fml.config.ConfigFileTypeHandler/CONFIG]: Loaded TOML config file /workspaces/Mine-cra/servidor_minecraft/config/cookingforblockheads-common.toml
[10Mar2026 09:59:21.330] [main/DEBUG] [net.minecraftforge.fml.config.ConfigFileTypeHandler/CONFIG]: Watching TOML config file /workspaces/Mine-cra/servidor_minecraft/config/cookingforblockheads-common.toml for changes
[10Mar2026 09:59:21.332] [Thread-1/DEBUG] [net.minecraftforge.fml.config.ConfigFileTypeHandler/CONFIG]: Config file cookingforblockheads-common.toml changed, sending notifies
[10Mar2026 09:59:21.333] [main/DEBUG] [net.minecraftforge.fml.config.ConfigFileTypeHandler/CONFIG]: Built TOML config for /workspaces/Mine-cra/servidor_minecraft/config/aether-common.toml
[10Mar2026 09:59:21.333] [main/DEBUG] [net.minecraftforge.fml.config.ConfigFileTypeHandler/CONFIG]: Loaded TOML config file /workspaces/Mine-cra/servidor_minecraft/config/aether-common.toml
[10Mar2026 09:59:21.333] [main/DEBUG] [net.minecraftforge.fml.config.ConfigFileTypeHandler/CONFIG]: Watching TOML config file /workspaces/Mine-cra/servidor_minecraft/config/aether-common.toml for changes
[10Mar2026 09:59:21.334] [main/DEBUG] [net.minecraftforge.fml.config.ConfigFileTypeHandler/CONFIG]: Built TOML config for /workspaces/Mine-cra/servidor_minecraft/config/l2_configs/l2library-common.toml
[10Mar2026 09:59:21.334] [main/DEBUG] [net.minecraftforge.fml.config.ConfigFileTypeHandler/CONFIG]: Loaded TOML config file /workspaces/Mine-cra/servidor_minecraft/config/l2_configs/l2library-common.toml
[10Mar2026 09:59:21.335] [main/DEBUG] [net.minecraftforge.fml.config.ConfigFileTypeHandler/CONFIG]: Watching TOML config file /workspaces/Mine-cra/servidor_minecraft/config/l2_configs/l2library-common.toml for changes
[10Mar2026 09:59:21.335] [main/DEBUG] [net.minecraftforge.fml.config.ConfigFileTypeHandler/CONFIG]: Built TOML config for /workspaces/Mine-cra/servidor_minecraft/config/fruitsdelight-common.toml
[10Mar2026 09:59:21.336] [main/DEBUG] [net.minecraftforge.fml.config.ConfigFileTypeHandler/CONFIG]: Loaded TOML config file /workspaces/Mine-cra/servidor_minecraft/config/fruitsdelight-common.toml
[10Mar2026 09:59:21.336] [main/DEBUG] [net.minecraftforge.fml.config.ConfigFileTypeHandler/CONFIG]: Watching TOML config file /workspaces/Mine-cra/servidor_minecraft/config/fruitsdelight-common.toml for changes
[10Mar2026 09:59:21.337] [main/DEBUG] [net.minecraftforge.fml.config.ConfigFileTypeHandler/CONFIG]: Built TOML config for /workspaces/Mine-cra/servidor_minecraft/config/enemyexpansion.toml
[10Mar2026 09:59:21.337] [Thread-1/DEBUG] [net.minecraftforge.fml.config.ConfigFileTypeHandler/CONFIG]: Config file cookingforblockheads-common.toml changed, sending notifies
[10Mar2026 09:59:21.338] [Thread-1/DEBUG] [net.minecraftforge.fml.config.ConfigFileTypeHandler/CONFIG]: Config file fruitsdelight-common.toml changed, sending notifies
[10Mar2026 09:59:21.338] [main/DEBUG] [net.minecraftforge.fml.config.ConfigFileTypeHandler/CONFIG]: Loaded TOML config file /workspaces/Mine-cra/servidor_minecraft/config/enemyexpansion.toml
[10Mar2026 09:59:21.338] [main/DEBUG] [net.minecraftforge.fml.config.ConfigFileTypeHandler/CONFIG]: Watching TOML config file /workspaces/Mine-cra/servidor_minecraft/config/enemyexpansion.toml for changes
[10Mar2026 09:59:21.339] [Thread-1/DEBUG] [net.minecraftforge.fml.config.ConfigFileTypeHandler/CONFIG]: Config file fruitsdelight-common.toml changed, sending notifies
[10Mar2026 09:59:21.340] [Thread-1/DEBUG] [net.minecraftforge.fml.config.ConfigFileTypeHandler/CONFIG]: Config file enemyexpansion.toml changed, sending notifies
[10Mar2026 09:59:21.356] [modloading-worker-0/DEBUG] [mixin/]: Mixing MixinSlotAttribute from curios.mixins.json into top.theillusivec4.curios.api.SlotAttribute
[10Mar2026 09:59:21.362] [modloading-worker-0/DEBUG] [mixin/]: Mixing MixinCuriosApi from curios.mixins.json into top.theillusivec4.curios.api.CuriosApi
[10Mar2026 09:59:21.426] [modloading-worker-0/DEBUG] [mixin/]: Mixing common.accessor.StoredUserListAccessor from aether.mixins.json into net.minecraft.server.players.StoredUserList
[10Mar2026 09:59:21.476] [main/DEBUG] [net.minecraftforge.fml.DeferredWorkQueue/LOADING]: Dispatching synchronous work for work queue COMMON_SETUP: 16 jobs
[10Mar2026 09:59:21.483] [main/INFO] [journeymap/]: Initializing Packet Registries
[10Mar2026 09:59:21.585] [main/INFO] [Framework/SYNCED_ENTITY_DATA]: Registered synced data key refurbished_furniture:lock_yaw for refurbished_furniture:seat
[10Mar2026 09:59:21.649] [main/DEBUG] [net.minecraftforge.fml.DeferredWorkQueue/LOADING]: Synchronous work queue completed in 171.9 ms
[10Mar2026 09:59:21.671] [main/DEBUG] [net.minecraftforge.fml.DeferredWorkQueue/LOADING]: Dispatching synchronous work for work queue COMPLETE: 1 jobs
[10Mar2026 09:59:21.676] [main/DEBUG] [net.minecraftforge.fml.DeferredWorkQueue/LOADING]: Synchronous work queue completed in 3.835 ms
[10Mar2026 09:59:21.787] [Forge Version Check/INFO] [net.minecraftforge.fml.VersionChecker/]: [aether] Starting version check at https://github.com/The-Aether-Team/The-Aether/raw/1.20.1-develop/update.json
[10Mar2026 09:59:22.272] [Forge Version Check/DEBUG] [net.minecraftforge.fml.VersionChecker/]: [aether] Received version check data:
{
  "homepage": "https://modrinth.com/mod/aether",
  "promos": {
    "1.19.2-recommended": "1.19.2-1.5.1-forge",
    "1.19.4-recommended": "1.19.4-1.5.1-forge",
    "1.20.1-recommended": "1.20.1-1.5.2-neoforge",
    "1.20.2-recommended": "1.20.2-1.5.1-neoforge",
    "1.20.4-recommended": "1.20.4-1.5.1-neoforge"
  }
}
[10Mar2026 09:59:22.273] [Forge Version Check/INFO] [net.minecraftforge.fml.VersionChecker/]: [aether] Found status: UP_TO_DATE Current: 1.20.1-1.5.2-neoforge Target: null
[10Mar2026 09:59:22.273] [Forge Version Check/INFO] [net.minecraftforge.fml.VersionChecker/]: [journeymap] Starting version check at https://forge.curseupdate.com/32274/journeymap
[10Mar2026 09:59:22.374] [Forge Version Check/DEBUG] [net.minecraftforge.fml.VersionChecker/]: [journeymap] Received version check data:
{"promos":{"1.10.2-latest":"1.10.2-5.5.2","1.10.2-recommended":"1.10.2-5.5.2","1.11-latest":"1.11-5.4.6","1.11-recommended":"1.11-5.4.6","1.11.2-latest":"1.11.2-5.5.2","1.11.2-recommended":"1.11.2-5.5.2","1.12-latest":"1.12-5.5.2","1.12-recommended":"1.12-5.5.2","1.12.1-latest":"1.12.1-5.5.2","1.12.1-recommended":"1.12.1-5.5.2","1.12.2-latest":"1.12.2-5.7.1p3","1.12.2-recommended":"1.12.2-5.7.1p3","1.14.4-latest":"5.7.0","1.14.4-recommended":"5.7.0","1.15.2-latest":"5.7.0","1.15.2-recommended":"5.7.0","1.16.2-latest":"5.7.3","1.16.2-recommended":"5.7.3","1.16.3-latest":"5.7.3","1.16.3-recommended":"5.7.3","1.16.4-latest":"5.7.3","1.16.4-recommended":"5.7.3","1.16.5-latest":"5.8.6","1.16.5-recommended":"5.8.6","1.17.1-latest":"5.8.0","1.17.1-recommended":"5.8.0","1.18-latest":"5.8.0alpha9","1.18.1-latest":"5.8.1","1.18.1-recommended":"5.8.1","1.18.2-latest":"5.9.8","1.18.2-recommended":"5.9.8","1.19-latest":"5.8.5","1.19-recommended":"5.8.5","1.19.1-latest":"5.9.0beta2","1.19.2-latest":"5.9.8","1.19.2-recommended":"5.9.8","1.19.3-latest":"5.9.7","1.19.3-recommended":"5.9.7","1.19.4-latest":"5.9.8","1.19.4-recommended":"5.9.8","1.20-latest":"5.9.8","1.20-recommended":"5.9.8","1.20.1-latest":"5.10.3","1.20.1-recommended":"5.10.3","1.20.2-latest":"5.9.21","1.20.2-recommended":"5.9.21","1.20.3-latest":"5.9.18","1.20.3-recommended":"5.9.18","1.20.4-latest":"5.10.0","1.20.4-recommended":"5.10.0","1.20.6-latest":"5.10.0","1.20.6-recommended":"5.10.0","1.21-latest":"1.21-6.0.0-beta.27","1.21.1-latest":"1.21.1-6.0.0-beta.52","1.21.4-latest":"1.21.4-6.0.0-beta.45","1.21.5-latest":"1.21.5-6.0.0-beta.52","1.21.6-latest":"1.21.6-6.0.0-beta.52","1.21.7-latest":"1.21.7-6.0.0-beta.53","1.21.8-latest":"1.21.8-6.0.0-beta.52","1.6.4-latest":"4.0.3","1.6.4-recommended":"4.0.3","1.7.10-latest":"5.2.10","1.7.10-recommended":"5.2.10","1.7.2-latest":"4.0.3","1.7.2-recommended":"4.0.3","1.8-latest":"1.8-5.1.3","1.8-recommended":"1.8-5.1.3","1.8.8-latest":"1.8.8-5.1.3","1.8.8-recommended":"1.8.8-5.1.3","1.8.9-latest":"1.8.9-5.2.4","1.8.9-recommended":"1.8.9-5.2.4","1.9-latest":"1.9-5.5.2","1.9-recommended":"1.9-5.5.2","1.9.4-latest":"1.9.4-5.5.2","1.9.4-recommended":"1.9.4-5.5.2"},"homepage":"https://www.curseforge.com/minecraft/mc-mods/journeymap"}
[10Mar2026 09:59:22.375] [Forge Version Check/INFO] [net.minecraftforge.fml.VersionChecker/]: [journeymap] Found status: UP_TO_DATE Current: 5.10.3 Target: null
[10Mar2026 09:59:22.375] [Forge Version Check/INFO] [net.minecraftforge.fml.VersionChecker/]: [cumulus_menus] Starting version check at https://github.com/The-Aether-Team/Cumulus/raw/1.20.1-develop/update.json
[10Mar2026 09:59:22.471] [Forge Version Check/DEBUG] [net.minecraftforge.fml.VersionChecker/]: [cumulus_menus] Received version check data:
{
  "homepage": "https://modrinth.com/mod/cumulus",
  "promos": {
    "1.19.2-recommended": "1.19.2-1.0.0-forge",
    "1.19.4-recommended": "1.19.4-1.0.0-forge",
    "1.20.1-recommended": "1.20.1-1.0.1-neoforge",
    "1.20.2-recommended": "1.20.2-1.0.2-neoforge",
    "1.20.4-recommended": "1.20.4-1.0.2-neoforge"
  }
}
[10Mar2026 09:59:22.471] [Forge Version Check/INFO] [net.minecraftforge.fml.VersionChecker/]: [cumulus_menus] Found status: UP_TO_DATE Current: 1.20.1-1.0.1-neoforge Target: null
[10Mar2026 09:59:22.472] [Forge Version Check/INFO] [net.minecraftforge.fml.VersionChecker/]: [forge] Starting version check at https://files.minecraftforge.net/net/minecraftforge/forge/promotions_slim.json
[10Mar2026 09:59:22.641] [Forge Version Check/DEBUG] [net.minecraftforge.fml.VersionChecker/]: [forge] Received version check data:
{
  "homepage": "https://files.minecraftforge.net/net/minecraftforge/forge/",
  "promos": {
    "1.1-latest": "1.3.4.29",
    "1.2.3-latest": "1.4.1.64",
    "1.2.4-latest": "2.0.0.68",
    "1.2.5-latest": "3.4.9.171",
    "1.3.2-latest": "4.3.5.318",
    "1.4.0-latest": "5.0.0.326",
    "1.4.1-latest": "6.0.0.329",
    "1.4.2-latest": "6.0.1.355",
    "1.4.3-latest": "6.2.1.358",
    "1.4.4-latest": "6.3.0.378",
    "1.4.5-latest": "6.4.2.448",
    "1.4.6-latest": "6.5.0.489",
    "1.4.7-latest": "6.6.2.534",
    "1.5-latest": "7.7.0.598",
    "1.5.1-latest": "7.7.2.682",
    "1.5.2-latest": "7.8.1.738",
    "1.5.2-recommended": "7.8.1.738",
    "1.6.1-latest": "8.9.0.775",
    "1.6.2-latest": "9.10.1.871",
    "1.6.2-recommended": "9.10.1.871",
    "1.6.3-latest": "9.11.0.878",
    "1.6.4-latest": "9.11.1.1345",
    "1.6.4-recommended": "9.11.1.1345",
    "1.7.2-latest": "10.12.2.1161",
    "1.7.2-recommended": "10.12.2.1161",
    "1.7.10-latest": "10.13.4.1614",
    "1.7.10-recommended": "10.13.4.1614",
    "1.8-latest": "11.14.4.1577",
    "1.8-recommended": "11.14.4.1563",
    "1.8.8-latest": "11.15.0.1655",
    "1.8.9-latest": "11.15.1.2318",
    "1.8.9-recommended": "11.15.1.2318",
    "1.9-latest": "12.16.1.1938",
    "1.9-recommended": "12.16.1.1887",
    "1.9.4-latest": "12.17.0.2317",
    "1.9.4-recommended": "12.17.0.2317",
    "1.10-latest": "12.18.0.2000",
    "1.10.2-latest": "12.18.3.2511",
    "1.10.2-recommended": "12.18.3.2511",
    "1.11-latest": "13.19.1.2199",
    "1.11-recommended": "13.19.1.2189",
    "1.11.2-latest": "13.20.1.2588",
    "1.11.2-recommended": "13.20.1.2588",
    "1.12-latest": "14.21.1.2443",
    "1.12-recommended": "14.21.1.2387",
    "1.12.1-latest": "14.22.1.2485",
    "1.12.1-recommended": "14.22.1.2478",
    "1.12.2-latest": "14.23.5.2864",
    "1.12.2-recommended": "14.23.5.2859",
    "1.13.2-latest": "25.0.223",
    "1.14.2-latest": "26.0.63",
    "1.14.3-latest": "27.0.60",
    "1.14.4-latest": "28.2.28",
    "1.14.4-recommended": "28.2.26",
    "1.15-latest": "29.0.4",
    "1.15.1-latest": "30.0.51",
    "1.15.2-latest": "31.2.60",
    "1.15.2-recommended": "31.2.57",
    "1.16.1-latest": "32.0.108",
    "1.16.2-latest": "33.0.61",
    "1.16.3-latest": "34.1.42",
    "1.16.3-recommended": "34.1.0",
    "1.16.4-latest": "35.1.37",
    "1.16.4-recommended": "35.1.4",
    "1.16.5-latest": "36.2.42",
    "1.16.5-recommended": "36.2.34",
    "1.17.1-latest": "37.1.1",
    "1.17.1-recommended": "37.1.1",
    "1.18-latest": "38.0.17",
    "1.18.1-latest": "39.1.2",
    "1.18.1-recommended": "39.1.0",
    "1.18.2-recommended": "40.3.0",
    "1.18.2-latest": "40.3.12",
    "1.19-latest": "41.1.0",
    "1.19-recommended": "41.1.0",
    "1.19.1-latest": "42.0.9",
    "1.19.2-recommended": "43.5.0",
    "1.19.2-latest": "43.5.2",
    "1.19.3-latest": "44.1.23",
    "1.19.3-recommended": "44.1.0",
    "1.19.4-recommended": "45.4.0",
    "1.19.4-latest": "45.4.3",
    "1.20-latest": "46.0.14",
    "1.20.1-recommended": "47.4.10",
    "1.20.1-latest": "47.4.16",
    "1.20.2-latest": "48.1.0",
    "1.20.2-recommended": "48.1.0",
    "1.20.3-latest": "49.0.2",
    "1.20.4-latest": "49.2.4",
    "1.20.4-recommended": "49.2.0",
    "1.20.6-latest": "50.2.4",
    "1.20.6-recommended": "50.2.0",
    "1.21-latest": "51.0.33",
    "1.21.1-latest": "52.1.10",
    "1.21.1-recommended": "52.1.0",
    "1.21.3-latest": "53.1.7",
    "1.21.3-recommended": "53.1.0",
    "1.21.4-latest": "54.1.13",
    "1.21.4-recommended": "54.1.0",
    "1.21.5-latest": "55.1.7",
    "1.21.5-recommended": "55.1.0",
    "1.21.6-latest": "56.0.9",
    "1.21.7-latest": "57.0.3",
    "1.21.8-latest": "58.1.14",
    "1.21.8-recommended": "58.1.0",
    "1.21.9-latest": "59.0.5",
    "1.21.10-latest": "60.1.8",
    "1.21.10-recommended": "60.1.0",
    "1.21.11-latest": "61.1.3",
    "1.21.11-recommended": "61.1.0"
  }
}
[10Mar2026 09:59:22.642] [Forge Version Check/INFO] [net.minecraftforge.fml.VersionChecker/]: [forge] Found status: OUTDATED Current: 47.3.7 Target: 47.4.10
[10Mar2026 09:59:24.995] [main/INFO] [com.mojang.authlib.yggdrasil.YggdrasilAuthenticationService/]: Environment: authHost='https://authserver.mojang.com', accountsHost='https://api.mojang.com', sessionHost='https://sessionserver.mojang.com', servicesHost='https://api.minecraftservices.com', name='PROD'
[10Mar2026 09:59:25.030] [main/DEBUG] [mixin/]: Mixing common.DirectoryLockMixin from aether.mixins.json into net.minecraft.util.DirectoryLock
[10Mar2026 09:59:27.099] [main/WARN] [net.minecraft.server.packs.VanillaPackResourcesBuilder/]: Assets URL 'union:/workspaces/Mine-cra/servidor_minecraft/libraries/net/minecraft/server/1.20.1-20230612.114412/server-1.20.1-20230612.114412-srg.jar%23139!/assets/.mcassetsroot' uses unexpected schema
[10Mar2026 09:59:27.099] [main/WARN] [net.minecraft.server.packs.VanillaPackResourcesBuilder/]: Assets URL 'union:/workspaces/Mine-cra/servidor_minecraft/libraries/net/minecraft/server/1.20.1-20230612.114412/server-1.20.1-20230612.114412-srg.jar%23139!/data/.mcassetsroot' uses unexpected schema
[10Mar2026 09:59:27.155] [main/DEBUG] [net.minecraftforge.server.ServerLifecycleHooks/CORE]: Generating PackInfo named mod:farmersdelight for mod file /workspaces/Mine-cra/servidor_minecraft/mods/FarmersDelight-1.20.1-1.2.10.jar
[10Mar2026 09:59:27.156] [main/DEBUG] [net.minecraftforge.server.ServerLifecycleHooks/CORE]: Generating PackInfo named mod:handcrafted for mod file /workspaces/Mine-cra/servidor_minecraft/mods/handcrafted-forge-1.20.1-3.0.6.jar
[10Mar2026 09:59:27.156] [main/DEBUG] [net.minecraftforge.server.ServerLifecycleHooks/CORE]: Generating PackInfo named mod:kuma_api for mod file 
[10Mar2026 09:59:27.156] [main/DEBUG] [net.minecraftforge.server.ServerLifecycleHooks/CORE]: Generating PackInfo named mod:culturaldelights for mod file /workspaces/Mine-cra/servidor_minecraft/mods/culturaldelights-0.16.5.jar
[10Mar2026 09:59:27.156] [main/DEBUG] [net.minecraftforge.server.ServerLifecycleHooks/CORE]: Generating PackInfo named mod:geckolib for mod file /workspaces/Mine-cra/servidor_minecraft/mods/geckolib-forge-1.20.1-4.8.3.jar
[10Mar2026 09:59:27.157] [main/DEBUG] [net.minecraftforge.server.ServerLifecycleHooks/CORE]: Generating PackInfo named mod:l2harvester for mod file 
[10Mar2026 09:59:27.157] [main/DEBUG] [net.minecraftforge.server.ServerLifecycleHooks/CORE]: Generating PackInfo named mod:aether for mod file /workspaces/Mine-cra/servidor_minecraft/mods/aether-1.20.1-1.5.2-neoforge.jar
[10Mar2026 09:59:27.157] [main/DEBUG] [net.minecraftforge.server.ServerLifecycleHooks/CORE]: Generating PackInfo named mod:jei for mod file /workspaces/Mine-cra/servidor_minecraft/mods/jei-1.20.1-forge-15.20.0.129.jar
[10Mar2026 09:59:27.157] [main/DEBUG] [net.minecraftforge.server.ServerLifecycleHooks/CORE]: Generating PackInfo named mod:sophisticatedcore for mod file /workspaces/Mine-cra/servidor_minecraft/mods/sophisticatedcore-1.20.1-1.3.5.1505.jar
[10Mar2026 09:59:27.157] [main/DEBUG] [net.minecraftforge.server.ServerLifecycleHooks/CORE]: Generating PackInfo named mod:curios for mod file /workspaces/Mine-cra/servidor_minecraft/mods/curios-forge-5.14.1+1.20.1.jar
[10Mar2026 09:59:27.158] [main/DEBUG] [net.minecraftforge.server.ServerLifecycleHooks/CORE]: Generating PackInfo named mod:l2harvester60x for mod file 
[10Mar2026 09:59:27.158] [main/DEBUG] [net.minecraftforge.server.ServerLifecycleHooks/CORE]: Generating PackInfo named mod:journeymap for mod file /workspaces/Mine-cra/servidor_minecraft/mods/journeymap-1.20.1-5.10.3-forge.jar
[10Mar2026 09:59:27.158] [main/DEBUG] [net.minecraftforge.server.ServerLifecycleHooks/CORE]: Generating PackInfo named mod:cookingforblockheads for mod file /workspaces/Mine-cra/servidor_minecraft/mods/cookingforblockheads-forge-1.20.1-16.0.15.jar
[10Mar2026 09:59:27.158] [main/DEBUG] [net.minecraftforge.server.ServerLifecycleHooks/CORE]: Generating PackInfo named mod:mixinextras for mod file 
[10Mar2026 09:59:27.159] [main/DEBUG] [net.minecraftforge.server.ServerLifecycleHooks/CORE]: Generating PackInfo named mod:sophisticatedbackpacks for mod file /workspaces/Mine-cra/servidor_minecraft/mods/sophisticatedbackpacks-1.20.1-3.24.24.1538.jar
[10Mar2026 09:59:27.159] [main/DEBUG] [net.minecraftforge.server.ServerLifecycleHooks/CORE]: Generating PackInfo named mod:resourcefullib for mod file /workspaces/Mine-cra/servidor_minecraft/mods/resourcefullib-forge-1.20.1-2.1.29.jar
[10Mar2026 09:59:27.159] [main/DEBUG] [net.minecraftforge.server.ServerLifecycleHooks/CORE]: Generating PackInfo named mod:cumulus_menus for mod file 
[10Mar2026 09:59:27.159] [main/DEBUG] [net.minecraftforge.server.ServerLifecycleHooks/CORE]: Generating PackInfo named mod:balm for mod file /workspaces/Mine-cra/servidor_minecraft/mods/balm-forge-1.20.1-7.3.38-all.jar
[10Mar2026 09:59:27.160] [main/DEBUG] [net.minecraftforge.server.ServerLifecycleHooks/CORE]: Generating PackInfo named mod:refurbished_furniture for mod file /workspaces/Mine-cra/servidor_minecraft/mods/refurbished_furniture-forge-1.20.1-1.0.20.jar
[10Mar2026 09:59:27.160] [main/DEBUG] [net.minecraftforge.server.ServerLifecycleHooks/CORE]: Generating PackInfo named mod:nitrogen_internals for mod file 
[10Mar2026 09:59:27.160] [main/DEBUG] [net.minecraftforge.server.ServerLifecycleHooks/CORE]: Generating PackInfo named mod:framework for mod file /workspaces/Mine-cra/servidor_minecraft/mods/framework-forge-1.20.1-0.8.0.jar
[10Mar2026 09:59:27.160] [main/DEBUG] [net.minecraftforge.server.ServerLifecycleHooks/CORE]: Generating PackInfo named mod:fallingtree for mod file /workspaces/Mine-cra/servidor_minecraft/mods/FallingTree-1.20.1-4.3.4.jar
[10Mar2026 09:59:27.161] [main/DEBUG] [net.minecraftforge.server.ServerLifecycleHooks/CORE]: Generating PackInfo named mod:l2library for mod file 
[10Mar2026 09:59:27.161] [main/DEBUG] [net.minecraftforge.server.ServerLifecycleHooks/CORE]: Generating PackInfo named mod:forge for mod file /workspaces/Mine-cra/servidor_minecraft/libraries/net/minecraftforge/forge/1.20.1-47.3.7/forge-1.20.1-47.3.7-universal.jar
[10Mar2026 09:59:27.161] [main/DEBUG] [net.minecraftforge.server.ServerLifecycleHooks/CORE]: Generating PackInfo named mod:appleskin for mod file /workspaces/Mine-cra/servidor_minecraft/mods/appleskin-forge-mc1.20.1-2.5.1.jar
[10Mar2026 09:59:27.161] [main/DEBUG] [net.minecraftforge.server.ServerLifecycleHooks/CORE]: Generating PackInfo named mod:l2harvester05x for mod file 
[10Mar2026 09:59:27.161] [main/DEBUG] [net.minecraftforge.server.ServerLifecycleHooks/CORE]: Generating PackInfo named mod:fruitsdelight for mod file /workspaces/Mine-cra/servidor_minecraft/mods/fruitsdelight-1.1.1.jar
[10Mar2026 09:59:27.162] [main/DEBUG] [net.minecraftforge.server.ServerLifecycleHooks/CORE]: Generating PackInfo named mod:enemyexpansion for mod file /workspaces/Mine-cra/servidor_minecraft/mods/enemyexpansion-2.3.1-forge-1.20.1.jar
[10Mar2026 09:59:28.057] [main/DEBUG] [mixin/]: Mixing LootTableMixin from balm.mixins.json into net.minecraft.world.level.storage.loot.LootTable
[10Mar2026 09:59:28.190] [main/DEBUG] [net.minecraftforge.coremod.transformer.CoreModBaseTransformer/COREMOD]: Transforming net/minecraft/server/commands/SummonCommand
[10Mar2026 09:59:28.323] [main/DEBUG] [mixin/]: Mixing common.ForgeEventFactoryMixin from aether.mixins.json into net.minecraftforge.event.ForgeEventFactory
[10Mar2026 09:59:28.471] [Worker-Main-1/ERROR] [net.minecraft.tags.TagLoader/]: Couldn't load tag forge:is_eyestalker as it is missing following references: #forge:is_end (from enemyexpansion-2.3.1-forge-1.20.1.jar)
[10Mar2026 09:59:28.474] [Worker-Main-1/ERROR] [net.minecraft.tags.TagLoader/]: Couldn't load tag forge:is_flutterfly as it is missing following references: #forge:is_magical (from enemyexpansion-2.3.1-forge-1.20.1.jar)
[10Mar2026 09:59:28.608] [Worker-Main-1/ERROR] [net.minecraft.server.packs.resources.SimpleJsonResourceReloadListener/]: Couldn't parse data file minecraft:beetroot_soup from minecraft:recipes/beetroot_soup.json
com.google.gson.JsonParseException: java.io.EOFException: End of input at line 1 column 1 path $
	at net.minecraft.util.GsonHelper.m_13780_(GsonHelper.java:526) ~[server-1.20.1-20230612.114412-srg.jar%23139!/:?]
	at net.minecraft.util.GsonHelper.m_263475_(GsonHelper.java:531) ~[server-1.20.1-20230612.114412-srg.jar%23139!/:?]
	at net.minecraft.util.GsonHelper.m_13776_(GsonHelper.java:581) ~[server-1.20.1-20230612.114412-srg.jar%23139!/:?]
	at net.minecraft.server.packs.resources.SimpleJsonResourceReloadListener.m_278771_(SimpleJsonResourceReloadListener.java:41) ~[server-1.20.1-20230612.114412-srg.jar%23139!/:?]
	at net.minecraft.server.packs.resources.SimpleJsonResourceReloadListener.m_5944_(SimpleJsonResourceReloadListener.java:29) ~[server-1.20.1-20230612.114412-srg.jar%23139!/:?]
	at net.minecraft.server.packs.resources.SimpleJsonResourceReloadListener.m_5944_(SimpleJsonResourceReloadListener.java:17) ~[server-1.20.1-20230612.114412-srg.jar%23139!/:?]
	at net.minecraft.server.packs.resources.SimplePreparableReloadListener.m_10786_(SimplePreparableReloadListener.java:11) ~[server-1.20.1-20230612.114412-srg.jar%23139!/:?]
	at java.util.concurrent.CompletableFuture$AsyncSupply.run(CompletableFuture.java:1768) ~[?:?]
	at java.util.concurrent.CompletableFuture$AsyncSupply.exec(CompletableFuture.java:1760) ~[?:?]
	at java.util.concurrent.ForkJoinTask.doExec(ForkJoinTask.java:373) ~[?:?]
	at java.util.concurrent.ForkJoinPool$WorkQueue.topLevelExec(ForkJoinPool.java:1182) ~[?:?]
	at java.util.concurrent.ForkJoinPool.scan(ForkJoinPool.java:1655) ~[?:?]
	at java.util.concurrent.ForkJoinPool.runWorker(ForkJoinPool.java:1622) ~[?:?]
	at java.util.concurrent.ForkJoinWorkerThread.run(ForkJoinWorkerThread.java:165) ~[?:?]
Caused by: java.io.EOFException: End of input at line 1 column 1 path $
	at com.google.gson.stream.JsonReader.nextNonWhitespace(JsonReader.java:1455) ~[gson-2.10.jar%2372!/:?]
	at com.google.gson.stream.JsonReader.doPeek(JsonReader.java:558) ~[gson-2.10.jar%2372!/:?]
	at com.google.gson.stream.JsonReader.peek(JsonReader.java:433) ~[gson-2.10.jar%2372!/:?]
	at com.google.gson.internal.bind.TypeAdapters$28.read(TypeAdapters.java:769) ~[gson-2.10.jar%2372!/:?]
	at com.google.gson.internal.bind.TypeAdapters$28.read(TypeAdapters.java:725) ~[gson-2.10.jar%2372!/:?]
	at com.google.gson.internal.bind.TypeAdapters$34$1.read(TypeAdapters.java:1007) ~[gson-2.10.jar%2372!/:?]
	at net.minecraft.util.GsonHelper.m_13780_(GsonHelper.java:524) ~[server-1.20.1-20230612.114412-srg.jar%23139!/:?]
	... 13 more
[10Mar2026 09:59:28.764] [Worker-Main-1/ERROR] [net.minecraft.server.packs.resources.SimpleJsonResourceReloadListener/]: Couldn't parse data file minecraft:mushroom_stew from minecraft:recipes/mushroom_stew.json
com.google.gson.JsonParseException: java.io.EOFException: End of input at line 1 column 1 path $
	at net.minecraft.util.GsonHelper.m_13780_(GsonHelper.java:526) ~[server-1.20.1-20230612.114412-srg.jar%23139!/:?]
	at net.minecraft.util.GsonHelper.m_263475_(GsonHelper.java:531) ~[server-1.20.1-20230612.114412-srg.jar%23139!/:?]
	at net.minecraft.util.GsonHelper.m_13776_(GsonHelper.java:581) ~[server-1.20.1-20230612.114412-srg.jar%23139!/:?]
	at net.minecraft.server.packs.resources.SimpleJsonResourceReloadListener.m_278771_(SimpleJsonResourceReloadListener.java:41) ~[server-1.20.1-20230612.114412-srg.jar%23139!/:?]
	at net.minecraft.server.packs.resources.SimpleJsonResourceReloadListener.m_5944_(SimpleJsonResourceReloadListener.java:29) ~[server-1.20.1-20230612.114412-srg.jar%23139!/:?]
	at net.minecraft.server.packs.resources.SimpleJsonResourceReloadListener.m_5944_(SimpleJsonResourceReloadListener.java:17) ~[server-1.20.1-20230612.114412-srg.jar%23139!/:?]
	at net.minecraft.server.packs.resources.SimplePreparableReloadListener.m_10786_(SimplePreparableReloadListener.java:11) ~[server-1.20.1-20230612.114412-srg.jar%23139!/:?]
	at java.util.concurrent.CompletableFuture$AsyncSupply.run(CompletableFuture.java:1768) ~[?:?]
	at java.util.concurrent.CompletableFuture$AsyncSupply.exec(CompletableFuture.java:1760) ~[?:?]
	at java.util.concurrent.ForkJoinTask.doExec(ForkJoinTask.java:373) ~[?:?]
	at java.util.concurrent.ForkJoinPool$WorkQueue.topLevelExec(ForkJoinPool.java:1182) ~[?:?]
	at java.util.concurrent.ForkJoinPool.scan(ForkJoinPool.java:1655) ~[?:?]
	at java.util.concurrent.ForkJoinPool.runWorker(ForkJoinPool.java:1622) ~[?:?]
	at java.util.concurrent.ForkJoinWorkerThread.run(ForkJoinWorkerThread.java:165) ~[?:?]
Caused by: java.io.EOFException: End of input at line 1 column 1 path $
	at com.google.gson.stream.JsonReader.nextNonWhitespace(JsonReader.java:1455) ~[gson-2.10.jar%2372!/:?]
	at com.google.gson.stream.JsonReader.doPeek(JsonReader.java:558) ~[gson-2.10.jar%2372!/:?]
	at com.google.gson.stream.JsonReader.peek(JsonReader.java:433) ~[gson-2.10.jar%2372!/:?]
	at com.google.gson.internal.bind.TypeAdapters$28.read(TypeAdapters.java:769) ~[gson-2.10.jar%2372!/:?]
	at com.google.gson.internal.bind.TypeAdapters$28.read(TypeAdapters.java:725) ~[gson-2.10.jar%2372!/:?]
	at com.google.gson.internal.bind.TypeAdapters$34$1.read(TypeAdapters.java:1007) ~[gson-2.10.jar%2372!/:?]
	at net.minecraft.util.GsonHelper.m_13780_(GsonHelper.java:524) ~[server-1.20.1-20230612.114412-srg.jar%23139!/:?]
	... 13 more
[10Mar2026 09:59:28.866] [Worker-Main-1/ERROR] [net.minecraft.server.packs.resources.SimpleJsonResourceReloadListener/]: Couldn't parse data file minecraft:rabbit_stew_from_brown_mushroom from minecraft:recipes/rabbit_stew_from_brown_mushroom.json
com.google.gson.JsonParseException: java.io.EOFException: End of input at line 1 column 1 path $
	at net.minecraft.util.GsonHelper.m_13780_(GsonHelper.java:526) ~[server-1.20.1-20230612.114412-srg.jar%23139!/:?]
	at net.minecraft.util.GsonHelper.m_263475_(GsonHelper.java:531) ~[server-1.20.1-20230612.114412-srg.jar%23139!/:?]
	at net.minecraft.util.GsonHelper.m_13776_(GsonHelper.java:581) ~[server-1.20.1-20230612.114412-srg.jar%23139!/:?]
	at net.minecraft.server.packs.resources.SimpleJsonResourceReloadListener.m_278771_(SimpleJsonResourceReloadListener.java:41) ~[server-1.20.1-20230612.114412-srg.jar%23139!/:?]
	at net.minecraft.server.packs.resources.SimpleJsonResourceReloadListener.m_5944_(SimpleJsonResourceReloadListener.java:29) ~[server-1.20.1-20230612.114412-srg.jar%23139!/:?]
	at net.minecraft.server.packs.resources.SimpleJsonResourceReloadListener.m_5944_(SimpleJsonResourceReloadListener.java:17) ~[server-1.20.1-20230612.114412-srg.jar%23139!/:?]
	at net.minecraft.server.packs.resources.SimplePreparableReloadListener.m_10786_(SimplePreparableReloadListener.java:11) ~[server-1.20.1-20230612.114412-srg.jar%23139!/:?]
	at java.util.concurrent.CompletableFuture$AsyncSupply.run(CompletableFuture.java:1768) ~[?:?]
	at java.util.concurrent.CompletableFuture$AsyncSupply.exec(CompletableFuture.java:1760) ~[?:?]
	at java.util.concurrent.ForkJoinTask.doExec(ForkJoinTask.java:373) ~[?:?]
	at java.util.concurrent.ForkJoinPool$WorkQueue.topLevelExec(ForkJoinPool.java:1182) ~[?:?]
	at java.util.concurrent.ForkJoinPool.scan(ForkJoinPool.java:1655) ~[?:?]
	at java.util.concurrent.ForkJoinPool.runWorker(ForkJoinPool.java:1622) ~[?:?]
	at java.util.concurrent.ForkJoinWorkerThread.run(ForkJoinWorkerThread.java:165) ~[?:?]
Caused by: java.io.EOFException: End of input at line 1 column 1 path $
	at com.google.gson.stream.JsonReader.nextNonWhitespace(JsonReader.java:1455) ~[gson-2.10.jar%2372!/:?]
	at com.google.gson.stream.JsonReader.doPeek(JsonReader.java:558) ~[gson-2.10.jar%2372!/:?]
	at com.google.gson.stream.JsonReader.peek(JsonReader.java:433) ~[gson-2.10.jar%2372!/:?]
	at com.google.gson.internal.bind.TypeAdapters$28.read(TypeAdapters.java:769) ~[gson-2.10.jar%2372!/:?]
	at com.google.gson.internal.bind.TypeAdapters$28.read(TypeAdapters.java:725) ~[gson-2.10.jar%2372!/:?]
	at com.google.gson.internal.bind.TypeAdapters$34$1.read(TypeAdapters.java:1007) ~[gson-2.10.jar%2372!/:?]
	at net.minecraft.util.GsonHelper.m_13780_(GsonHelper.java:524) ~[server-1.20.1-20230612.114412-srg.jar%23139!/:?]
	... 13 more
[10Mar2026 09:59:28.874] [Worker-Main-1/ERROR] [net.minecraft.server.packs.resources.SimpleJsonResourceReloadListener/]: Couldn't parse data file minecraft:rabbit_stew_from_red_mushroom from minecraft:recipes/rabbit_stew_from_red_mushroom.json
com.google.gson.JsonParseException: java.io.EOFException: End of input at line 1 column 1 path $
	at net.minecraft.util.GsonHelper.m_13780_(GsonHelper.java:526) ~[server-1.20.1-20230612.114412-srg.jar%23139!/:?]
	at net.minecraft.util.GsonHelper.m_263475_(GsonHelper.java:531) ~[server-1.20.1-20230612.114412-srg.jar%23139!/:?]
	at net.minecraft.util.GsonHelper.m_13776_(GsonHelper.java:581) ~[server-1.20.1-20230612.114412-srg.jar%23139!/:?]
	at net.minecraft.server.packs.resources.SimpleJsonResourceReloadListener.m_278771_(SimpleJsonResourceReloadListener.java:41) ~[server-1.20.1-20230612.114412-srg.jar%23139!/:?]
	at net.minecraft.server.packs.resources.SimpleJsonResourceReloadListener.m_5944_(SimpleJsonResourceReloadListener.java:29) ~[server-1.20.1-20230612.114412-srg.jar%23139!/:?]
	at net.minecraft.server.packs.resources.SimpleJsonResourceReloadListener.m_5944_(SimpleJsonResourceReloadListener.java:17) ~[server-1.20.1-20230612.114412-srg.jar%23139!/:?]
	at net.minecraft.server.packs.resources.SimplePreparableReloadListener.m_10786_(SimplePreparableReloadListener.java:11) ~[server-1.20.1-20230612.114412-srg.jar%23139!/:?]
	at java.util.concurrent.CompletableFuture$AsyncSupply.run(CompletableFuture.java:1768) ~[?:?]
	at java.util.concurrent.CompletableFuture$AsyncSupply.exec(CompletableFuture.java:1760) ~[?:?]
	at java.util.concurrent.ForkJoinTask.doExec(ForkJoinTask.java:373) ~[?:?]
	at java.util.concurrent.ForkJoinPool$WorkQueue.topLevelExec(ForkJoinPool.java:1182) ~[?:?]
	at java.util.concurrent.ForkJoinPool.scan(ForkJoinPool.java:1655) ~[?:?]
	at java.util.concurrent.ForkJoinPool.runWorker(ForkJoinPool.java:1622) ~[?:?]
	at java.util.concurrent.ForkJoinWorkerThread.run(ForkJoinWorkerThread.java:165) ~[?:?]
Caused by: java.io.EOFException: End of input at line 1 column 1 path $
	at com.google.gson.stream.JsonReader.nextNonWhitespace(JsonReader.java:1455) ~[gson-2.10.jar%2372!/:?]
	at com.google.gson.stream.JsonReader.doPeek(JsonReader.java:558) ~[gson-2.10.jar%2372!/:?]
	at com.google.gson.stream.JsonReader.peek(JsonReader.java:433) ~[gson-2.10.jar%2372!/:?]
	at com.google.gson.internal.bind.TypeAdapters$28.read(TypeAdapters.java:769) ~[gson-2.10.jar%2372!/:?]
	at com.google.gson.internal.bind.TypeAdapters$28.read(TypeAdapters.java:725) ~[gson-2.10.jar%2372!/:?]
	at com.google.gson.internal.bind.TypeAdapters$34$1.read(TypeAdapters.java:1007) ~[gson-2.10.jar%2372!/:?]
	at net.minecraft.util.GsonHelper.m_13780_(GsonHelper.java:524) ~[server-1.20.1-20230612.114412-srg.jar%23139!/:?]
	... 13 more
[10Mar2026 09:59:28.897] [Worker-Main-2/DEBUG] [mixin/]: Mixing common.accessor.LootContextParamSetsAccessor from aether.mixins.json into net.minecraft.world.level.storage.loot.parameters.LootContextParamSets
[10Mar2026 09:59:28.899] [Worker-Main-2/DEBUG] [mixin/]: Renaming @Invoker method callRegister(Ljava/lang/String;Ljava/util/function/Consumer;)Lnet/minecraft/world/level/storage/loot/parameters/LootContextParamSet; to callRegister_$md$a83e4a$0 in aether.mixins.json:common.accessor.LootContextParamSetsAccessor
[10Mar2026 09:59:28.949] [Worker-Main-2/DEBUG] [mixin/]: Mixing MixinNbtPredicate from curios.mixins.json into net.minecraft.advancements.critereon.NbtPredicate
[10Mar2026 09:59:29.024] [Worker-Main-2/DEBUG] [net.minecraftforge.coremod.transformer.CoreModBaseTransformer/COREMOD]: Transforming net/minecraft/world/entity/raid/Raid
[10Mar2026 09:59:29.028] [Worker-Main-1/ERROR] [net.minecraft.server.packs.resources.SimpleJsonResourceReloadListener/]: Couldn't parse data file minecraft:beetroot_soup from minecraft:recipes/beetroot_soup.json
com.google.gson.JsonParseException: java.io.EOFException: End of input at line 1 column 1 path $
	at net.minecraft.util.GsonHelper.m_13780_(GsonHelper.java:526) ~[server-1.20.1-20230612.114412-srg.jar%23139!/:?]
	at net.minecraft.util.GsonHelper.m_263475_(GsonHelper.java:531) ~[server-1.20.1-20230612.114412-srg.jar%23139!/:?]
	at net.minecraft.util.GsonHelper.m_13776_(GsonHelper.java:581) ~[server-1.20.1-20230612.114412-srg.jar%23139!/:?]
	at net.minecraft.server.packs.resources.SimpleJsonResourceReloadListener.m_278771_(SimpleJsonResourceReloadListener.java:41) ~[server-1.20.1-20230612.114412-srg.jar%23139!/:?]
	at net.minecraft.server.packs.resources.SimpleJsonResourceReloadListener.m_5944_(SimpleJsonResourceReloadListener.java:29) ~[server-1.20.1-20230612.114412-srg.jar%23139!/:?]
	at net.minecraft.server.packs.resources.SimpleJsonResourceReloadListener.m_5944_(SimpleJsonResourceReloadListener.java:17) ~[server-1.20.1-20230612.114412-srg.jar%23139!/:?]
	at net.minecraft.server.packs.resources.SimplePreparableReloadListener.m_10786_(SimplePreparableReloadListener.java:11) ~[server-1.20.1-20230612.114412-srg.jar%23139!/:?]
	at java.util.concurrent.CompletableFuture$AsyncSupply.run(CompletableFuture.java:1768) ~[?:?]
	at java.util.concurrent.CompletableFuture$AsyncSupply.exec(CompletableFuture.java:1760) ~[?:?]
	at java.util.concurrent.ForkJoinTask.doExec(ForkJoinTask.java:373) ~[?:?]
	at java.util.concurrent.ForkJoinPool$WorkQueue.topLevelExec(ForkJoinPool.java:1182) ~[?:?]
	at java.util.concurrent.ForkJoinPool.scan(ForkJoinPool.java:1655) ~[?:?]
	at java.util.concurrent.ForkJoinPool.runWorker(ForkJoinPool.java:1622) ~[?:?]
	at java.util.concurrent.ForkJoinWorkerThread.run(ForkJoinWorkerThread.java:165) ~[?:?]
Caused by: java.io.EOFException: End of input at line 1 column 1 path $
	at com.google.gson.stream.JsonReader.nextNonWhitespace(JsonReader.java:1455) ~[gson-2.10.jar%2372!/:?]
	at com.google.gson.stream.JsonReader.doPeek(JsonReader.java:558) ~[gson-2.10.jar%2372!/:?]
	at com.google.gson.stream.JsonReader.peek(JsonReader.java:433) ~[gson-2.10.jar%2372!/:?]
	at com.google.gson.internal.bind.TypeAdapters$28.read(TypeAdapters.java:769) ~[gson-2.10.jar%2372!/:?]
	at com.google.gson.internal.bind.TypeAdapters$28.read(TypeAdapters.java:725) ~[gson-2.10.jar%2372!/:?]
	at com.google.gson.internal.bind.TypeAdapters$34$1.read(TypeAdapters.java:1007) ~[gson-2.10.jar%2372!/:?]
	at net.minecraft.util.GsonHelper.m_13780_(GsonHelper.java:524) ~[server-1.20.1-20230612.114412-srg.jar%23139!/:?]
	... 13 more
[10Mar2026 09:59:29.130] [Worker-Main-1/ERROR] [net.minecraft.server.packs.resources.SimpleJsonResourceReloadListener/]: Couldn't parse data file minecraft:mushroom_stew from minecraft:recipes/mushroom_stew.json
com.google.gson.JsonParseException: java.io.EOFException: End of input at line 1 column 1 path $
	at net.minecraft.util.GsonHelper.m_13780_(GsonHelper.java:526) ~[server-1.20.1-20230612.114412-srg.jar%23139!/:?]
	at net.minecraft.util.GsonHelper.m_263475_(GsonHelper.java:531) ~[server-1.20.1-20230612.114412-srg.jar%23139!/:?]
	at net.minecraft.util.GsonHelper.m_13776_(GsonHelper.java:581) ~[server-1.20.1-20230612.114412-srg.jar%23139!/:?]
	at net.minecraft.server.packs.resources.SimpleJsonResourceReloadListener.m_278771_(SimpleJsonResourceReloadListener.java:41) ~[server-1.20.1-20230612.114412-srg.jar%23139!/:?]
	at net.minecraft.server.packs.resources.SimpleJsonResourceReloadListener.m_5944_(SimpleJsonResourceReloadListener.java:29) ~[server-1.20.1-20230612.114412-srg.jar%23139!/:?]
	at net.minecraft.server.packs.resources.SimpleJsonResourceReloadListener.m_5944_(SimpleJsonResourceReloadListener.java:17) ~[server-1.20.1-20230612.114412-srg.jar%23139!/:?]
	at net.minecraft.server.packs.resources.SimplePreparableReloadListener.m_10786_(SimplePreparableReloadListener.java:11) ~[server-1.20.1-20230612.114412-srg.jar%23139!/:?]
	at java.util.concurrent.CompletableFuture$AsyncSupply.run(CompletableFuture.java:1768) ~[?:?]
	at java.util.concurrent.CompletableFuture$AsyncSupply.exec(CompletableFuture.java:1760) ~[?:?]
	at java.util.concurrent.ForkJoinTask.doExec(ForkJoinTask.java:373) ~[?:?]
	at java.util.concurrent.ForkJoinPool$WorkQueue.topLevelExec(ForkJoinPool.java:1182) ~[?:?]
	at java.util.concurrent.ForkJoinPool.scan(ForkJoinPool.java:1655) ~[?:?]
	at java.util.concurrent.ForkJoinPool.runWorker(ForkJoinPool.java:1622) ~[?:?]
	at java.util.concurrent.ForkJoinWorkerThread.run(ForkJoinWorkerThread.java:165) ~[?:?]
Caused by: java.io.EOFException: End of input at line 1 column 1 path $
	at com.google.gson.stream.JsonReader.nextNonWhitespace(JsonReader.java:1455) ~[gson-2.10.jar%2372!/:?]
	at com.google.gson.stream.JsonReader.doPeek(JsonReader.java:558) ~[gson-2.10.jar%2372!/:?]
	at com.google.gson.stream.JsonReader.peek(JsonReader.java:433) ~[gson-2.10.jar%2372!/:?]
	at com.google.gson.internal.bind.TypeAdapters$28.read(TypeAdapters.java:769) ~[gson-2.10.jar%2372!/:?]
	at com.google.gson.internal.bind.TypeAdapters$28.read(TypeAdapters.java:725) ~[gson-2.10.jar%2372!/:?]
	at com.google.gson.internal.bind.TypeAdapters$34$1.read(TypeAdapters.java:1007) ~[gson-2.10.jar%2372!/:?]
	at net.minecraft.util.GsonHelper.m_13780_(GsonHelper.java:524) ~[server-1.20.1-20230612.114412-srg.jar%23139!/:?]
	... 13 more
[10Mar2026 09:59:29.145] [Worker-Main-1/ERROR] [net.minecraft.server.packs.resources.SimpleJsonResourceReloadListener/]: Couldn't parse data file minecraft:rabbit_stew_from_brown_mushroom from minecraft:recipes/rabbit_stew_from_brown_mushroom.json
com.google.gson.JsonParseException: java.io.EOFException: End of input at line 1 column 1 path $
	at net.minecraft.util.GsonHelper.m_13780_(GsonHelper.java:526) ~[server-1.20.1-20230612.114412-srg.jar%23139!/:?]
	at net.minecraft.util.GsonHelper.m_263475_(GsonHelper.java:531) ~[server-1.20.1-20230612.114412-srg.jar%23139!/:?]
	at net.minecraft.util.GsonHelper.m_13776_(GsonHelper.java:581) ~[server-1.20.1-20230612.114412-srg.jar%23139!/:?]
	at net.minecraft.server.packs.resources.SimpleJsonResourceReloadListener.m_278771_(SimpleJsonResourceReloadListener.java:41) ~[server-1.20.1-20230612.114412-srg.jar%23139!/:?]
	at net.minecraft.server.packs.resources.SimpleJsonResourceReloadListener.m_5944_(SimpleJsonResourceReloadListener.java:29) ~[server-1.20.1-20230612.114412-srg.jar%23139!/:?]
	at net.minecraft.server.packs.resources.SimpleJsonResourceReloadListener.m_5944_(SimpleJsonResourceReloadListener.java:17) ~[server-1.20.1-20230612.114412-srg.jar%23139!/:?]
	at net.minecraft.server.packs.resources.SimplePreparableReloadListener.m_10786_(SimplePreparableReloadListener.java:11) ~[server-1.20.1-20230612.114412-srg.jar%23139!/:?]
	at java.util.concurrent.CompletableFuture$AsyncSupply.run(CompletableFuture.java:1768) ~[?:?]
	at java.util.concurrent.CompletableFuture$AsyncSupply.exec(CompletableFuture.java:1760) ~[?:?]
	at java.util.concurrent.ForkJoinTask.doExec(ForkJoinTask.java:373) ~[?:?]
	at java.util.concurrent.ForkJoinPool$WorkQueue.topLevelExec(ForkJoinPool.java:1182) ~[?:?]
	at java.util.concurrent.ForkJoinPool.scan(ForkJoinPool.java:1655) ~[?:?]
	at java.util.concurrent.ForkJoinPool.runWorker(ForkJoinPool.java:1622) ~[?:?]
	at java.util.concurrent.ForkJoinWorkerThread.run(ForkJoinWorkerThread.java:165) ~[?:?]
Caused by: java.io.EOFException: End of input at line 1 column 1 path $
	at com.google.gson.stream.JsonReader.nextNonWhitespace(JsonReader.java:1455) ~[gson-2.10.jar%2372!/:?]
	at com.google.gson.stream.JsonReader.doPeek(JsonReader.java:558) ~[gson-2.10.jar%2372!/:?]
	at com.google.gson.stream.JsonReader.peek(JsonReader.java:433) ~[gson-2.10.jar%2372!/:?]
	at com.google.gson.internal.bind.TypeAdapters$28.read(TypeAdapters.java:769) ~[gson-2.10.jar%2372!/:?]
	at com.google.gson.internal.bind.TypeAdapters$28.read(TypeAdapters.java:725) ~[gson-2.10.jar%2372!/:?]
	at com.google.gson.internal.bind.TypeAdapters$34$1.read(TypeAdapters.java:1007) ~[gson-2.10.jar%2372!/:?]
	at net.minecraft.util.GsonHelper.m_13780_(GsonHelper.java:524) ~[server-1.20.1-20230612.114412-srg.jar%23139!/:?]
	... 13 more
[10Mar2026 09:59:29.147] [Worker-Main-1/ERROR] [net.minecraft.server.packs.resources.SimpleJsonResourceReloadListener/]: Couldn't parse data file minecraft:rabbit_stew_from_red_mushroom from minecraft:recipes/rabbit_stew_from_red_mushroom.json
com.google.gson.JsonParseException: java.io.EOFException: End of input at line 1 column 1 path $
	at net.minecraft.util.GsonHelper.m_13780_(GsonHelper.java:526) ~[server-1.20.1-20230612.114412-srg.jar%23139!/:?]
	at net.minecraft.util.GsonHelper.m_263475_(GsonHelper.java:531) ~[server-1.20.1-20230612.114412-srg.jar%23139!/:?]
	at net.minecraft.util.GsonHelper.m_13776_(GsonHelper.java:581) ~[server-1.20.1-20230612.114412-srg.jar%23139!/:?]
	at net.minecraft.server.packs.resources.SimpleJsonResourceReloadListener.m_278771_(SimpleJsonResourceReloadListener.java:41) ~[server-1.20.1-20230612.114412-srg.jar%23139!/:?]
	at net.minecraft.server.packs.resources.SimpleJsonResourceReloadListener.m_5944_(SimpleJsonResourceReloadListener.java:29) ~[server-1.20.1-20230612.114412-srg.jar%23139!/:?]
	at net.minecraft.server.packs.resources.SimpleJsonResourceReloadListener.m_5944_(SimpleJsonResourceReloadListener.java:17) ~[server-1.20.1-20230612.114412-srg.jar%23139!/:?]
	at net.minecraft.server.packs.resources.SimplePreparableReloadListener.m_10786_(SimplePreparableReloadListener.java:11) ~[server-1.20.1-20230612.114412-srg.jar%23139!/:?]
	at java.util.concurrent.CompletableFuture$AsyncSupply.run(CompletableFuture.java:1768) ~[?:?]
	at java.util.concurrent.CompletableFuture$AsyncSupply.exec(CompletableFuture.java:1760) ~[?:?]
	at java.util.concurrent.ForkJoinTask.doExec(ForkJoinTask.java:373) ~[?:?]
	at java.util.concurrent.ForkJoinPool$WorkQueue.topLevelExec(ForkJoinPool.java:1182) ~[?:?]
	at java.util.concurrent.ForkJoinPool.scan(ForkJoinPool.java:1655) ~[?:?]
	at java.util.concurrent.ForkJoinPool.runWorker(ForkJoinPool.java:1622) ~[?:?]
	at java.util.concurrent.ForkJoinWorkerThread.run(ForkJoinWorkerThread.java:165) ~[?:?]
Caused by: java.io.EOFException: End of input at line 1 column 1 path $
	at com.google.gson.stream.JsonReader.nextNonWhitespace(JsonReader.java:1455) ~[gson-2.10.jar%2372!/:?]
	at com.google.gson.stream.JsonReader.doPeek(JsonReader.java:558) ~[gson-2.10.jar%2372!/:?]
	at com.google.gson.stream.JsonReader.peek(JsonReader.java:433) ~[gson-2.10.jar%2372!/:?]
	at com.google.gson.internal.bind.TypeAdapters$28.read(TypeAdapters.java:769) ~[gson-2.10.jar%2372!/:?]
	at com.google.gson.internal.bind.TypeAdapters$28.read(TypeAdapters.java:725) ~[gson-2.10.jar%2372!/:?]
	at com.google.gson.internal.bind.TypeAdapters$34$1.read(TypeAdapters.java:1007) ~[gson-2.10.jar%2372!/:?]
	at net.minecraft.util.GsonHelper.m_13780_(GsonHelper.java:524) ~[server-1.20.1-20230612.114412-srg.jar%23139!/:?]
	... 13 more
[10Mar2026 09:59:29.216] [Worker-Main-2/ERROR] [net.minecraftforge.common.ForgeHooks/]: Couldn't parse element loot_tables:culturaldelights:blocks/exotic_roll_medley_block
com.google.gson.JsonSyntaxException: Expected name to be an item, was unknown string 'culturaldelights:exotic_roll_medley_block'
	at net.minecraft.util.GsonHelper.m_13866_(GsonHelper.java:145) ~[server-1.20.1-20230612.114412-srg.jar%23139!/:?]
	at java.util.Optional.orElseThrow(Optional.java:403) ~[?:?]
	at net.minecraft.util.GsonHelper.m_13874_(GsonHelper.java:145) ~[server-1.20.1-20230612.114412-srg.jar%23139!/:?]
	at net.minecraft.util.GsonHelper.m_13909_(GsonHelper.java:153) ~[server-1.20.1-20230612.114412-srg.jar%23139!/:?]
	at net.minecraft.world.level.storage.loot.entries.LootItem$Serializer.m_7267_(LootItem.java:55) ~[server-1.20.1-20230612.114412-srg.jar%23139!/:?]
	at net.minecraft.world.level.storage.loot.entries.LootItem$Serializer.m_7267_(LootItem.java:40) ~[server-1.20.1-20230612.114412-srg.jar%23139!/:?]
	at net.minecraft.world.level.storage.loot.entries.LootPoolSingletonContainer$Serializer.m_5921_(LootPoolSingletonContainer.java:151) ~[server-1.20.1-20230612.114412-srg.jar%23139!/:?]
	at net.minecraft.world.level.storage.loot.entries.LootPoolSingletonContainer$Serializer.m_5921_(LootPoolSingletonContainer.java:129) ~[server-1.20.1-20230612.114412-srg.jar%23139!/:?]
	at net.minecraft.world.level.storage.loot.entries.LootPoolEntryContainer$Serializer.m_7561_(LootPoolEntryContainer.java:86) ~[server-1.20.1-20230612.114412-srg.jar%23139!/:?]
	at net.minecraft.world.level.storage.loot.entries.LootPoolEntryContainer$Serializer.m_7561_(LootPoolEntryContainer.java:74) ~[server-1.20.1-20230612.114412-srg.jar%23139!/:?]
	at net.minecraft.world.level.storage.loot.GsonAdapterFactory$JsonAdapter.deserialize(GsonAdapterFactory.java:102) ~[server-1.20.1-20230612.114412-srg.jar%23139!/:?]
	at com.google.gson.internal.bind.TreeTypeAdapter.read(TreeTypeAdapter.java:76) ~[gson-2.10.jar%2372!/:?]
	at com.google.gson.internal.bind.TypeAdapterRuntimeTypeWrapper.read(TypeAdapterRuntimeTypeWrapper.java:40) ~[gson-2.10.jar%2372!/:?]
	at com.google.gson.internal.bind.ArrayTypeAdapter.read(ArrayTypeAdapter.java:72) ~[gson-2.10.jar%2372!/:?]
	at com.google.gson.Gson.fromJson(Gson.java:1214) ~[gson-2.10.jar%2372!/:?]
	at com.google.gson.Gson.fromJson(Gson.java:1319) ~[gson-2.10.jar%2372!/:?]
	at com.google.gson.Gson.fromJson(Gson.java:1290) ~[gson-2.10.jar%2372!/:?]
	at com.google.gson.internal.bind.TreeTypeAdapter$GsonContextImpl.deserialize(TreeTypeAdapter.java:179) ~[gson-2.10.jar%2372!/:?]
	at net.minecraft.util.GsonHelper.m_13808_(GsonHelper.java:463) ~[server-1.20.1-20230612.114412-srg.jar%23139!/:?]
	at net.minecraft.util.GsonHelper.m_13836_(GsonHelper.java:471) ~[server-1.20.1-20230612.114412-srg.jar%23139!/:?]
	at net.minecraft.world.level.storage.loot.LootPool$Serializer.deserialize(LootPool.java:192) ~[server-1.20.1-20230612.114412-srg.jar%23139!/:?]
	at net.minecraft.world.level.storage.loot.LootPool$Serializer.deserialize(LootPool.java:189) ~[server-1.20.1-20230612.114412-srg.jar%23139!/:?]
	at com.google.gson.internal.bind.TreeTypeAdapter.read(TreeTypeAdapter.java:76) ~[gson-2.10.jar%2372!/:?]
	at com.google.gson.internal.bind.TypeAdapterRuntimeTypeWrapper.read(TypeAdapterRuntimeTypeWrapper.java:40) ~[gson-2.10.jar%2372!/:?]
	at com.google.gson.internal.bind.ArrayTypeAdapter.read(ArrayTypeAdapter.java:72) ~[gson-2.10.jar%2372!/:?]
	at com.google.gson.Gson.fromJson(Gson.java:1214) ~[gson-2.10.jar%2372!/:?]
	at com.google.gson.Gson.fromJson(Gson.java:1319) ~[gson-2.10.jar%2372!/:?]
	at com.google.gson.Gson.fromJson(Gson.java:1290) ~[gson-2.10.jar%2372!/:?]
	at com.google.gson.internal.bind.TreeTypeAdapter$GsonContextImpl.deserialize(TreeTypeAdapter.java:179) ~[gson-2.10.jar%2372!/:?]
	at net.minecraft.util.GsonHelper.m_13808_(GsonHelper.java:463) ~[server-1.20.1-20230612.114412-srg.jar%23139!/:?]
	at net.minecraft.util.GsonHelper.m_13845_(GsonHelper.java:481) ~[server-1.20.1-20230612.114412-srg.jar%23139!/:?]
	at net.minecraft.world.level.storage.loot.LootTable$Serializer.deserialize(LootTable.java:294) ~[server-1.20.1-20230612.114412-srg.jar%23139!/:?]
	at net.minecraft.world.level.storage.loot.LootTable$Serializer.deserialize(LootTable.java:291) ~[server-1.20.1-20230612.114412-srg.jar%23139!/:?]
	at com.google.gson.internal.bind.TreeTypeAdapter.read(TreeTypeAdapter.java:76) ~[gson-2.10.jar%2372!/:?]
	at com.google.gson.Gson.fromJson(Gson.java:1214) ~[gson-2.10.jar%2372!/:?]
	at com.google.gson.Gson.fromJson(Gson.java:1319) ~[gson-2.10.jar%2372!/:?]
	at com.google.gson.Gson.fromJson(Gson.java:1261) ~[gson-2.10.jar%2372!/:?]
	at net.minecraftforge.common.ForgeHooks.loadLootTable(ForgeHooks.java:871) ~[forge-1.20.1-47.3.7-universal.jar%23144!/:?]
	at net.minecraftforge.common.ForgeHooks.lambda$getLootTableDeserializer$3(ForgeHooks.java:848) ~[forge-1.20.1-47.3.7-universal.jar%23144!/:?]
	at net.minecraft.world.level.storage.loot.LootDataType.deserialize(LootDataType.java:45) ~[server-1.20.1-20230612.114412-srg.jar%23139!/:?]
	at net.minecraft.world.level.storage.loot.LootDataManager.lambda$scheduleElementParse$4(LootDataManager.java:56) ~[server-1.20.1-20230612.114412-srg.jar%23139!/:?]
	at java.util.HashMap.forEach(HashMap.java:1421) ~[?:?]
	at net.minecraft.world.level.storage.loot.LootDataManager.m_278660_(LootDataManager.java:55) ~[server-1.20.1-20230612.114412-srg.jar%23139!/:?]
	at java.util.concurrent.CompletableFuture$AsyncRun.run(CompletableFuture.java:1804) ~[?:?]
	at java.util.concurrent.CompletableFuture$AsyncRun.exec(CompletableFuture.java:1796) ~[?:?]
	at java.util.concurrent.ForkJoinTask.doExec(ForkJoinTask.java:373) ~[?:?]
	at java.util.concurrent.ForkJoinPool$WorkQueue.topLevelExec(ForkJoinPool.java:1182) ~[?:?]
	at java.util.concurrent.ForkJoinPool.scan(ForkJoinPool.java:1655) ~[?:?]
	at java.util.concurrent.ForkJoinPool.runWorker(ForkJoinPool.java:1622) ~[?:?]
	at java.util.concurrent.ForkJoinWorkerThread.run(ForkJoinWorkerThread.java:165) ~[?:?]
[10Mar2026 09:59:29.261] [Worker-Main-2/ERROR] [net.minecraftforge.common.ForgeHooks/]: Couldn't parse element loot_tables:culturaldelights:blocks/avocado_leaves
com.google.gson.JsonSyntaxException: Unknown type 'minecraft:alternative'
	at net.minecraft.world.level.storage.loot.GsonAdapterFactory$JsonAdapter.deserialize(GsonAdapterFactory.java:99) ~[server-1.20.1-20230612.114412-srg.jar%23139!/:?]
	at com.google.gson.internal.bind.TreeTypeAdapter.read(TreeTypeAdapter.java:76) ~[gson-2.10.jar%2372!/:?]
	at com.google.gson.internal.bind.TypeAdapterRuntimeTypeWrapper.read(TypeAdapterRuntimeTypeWrapper.java:40) ~[gson-2.10.jar%2372!/:?]
	at com.google.gson.internal.bind.ArrayTypeAdapter.read(ArrayTypeAdapter.java:72) ~[gson-2.10.jar%2372!/:?]
	at com.google.gson.Gson.fromJson(Gson.java:1214) ~[gson-2.10.jar%2372!/:?]
	at com.google.gson.Gson.fromJson(Gson.java:1319) ~[gson-2.10.jar%2372!/:?]
	at com.google.gson.Gson.fromJson(Gson.java:1290) ~[gson-2.10.jar%2372!/:?]
	at com.google.gson.internal.bind.TreeTypeAdapter$GsonContextImpl.deserialize(TreeTypeAdapter.java:179) ~[gson-2.10.jar%2372!/:?]
	at net.minecraft.util.GsonHelper.m_13808_(GsonHelper.java:463) ~[server-1.20.1-20230612.114412-srg.jar%23139!/:?]
	at net.minecraft.util.GsonHelper.m_13845_(GsonHelper.java:481) ~[server-1.20.1-20230612.114412-srg.jar%23139!/:?]
	at net.minecraft.world.level.storage.loot.entries.LootPoolEntryContainer$Serializer.m_7561_(LootPoolEntryContainer.java:85) ~[server-1.20.1-20230612.114412-srg.jar%23139!/:?]
	at net.minecraft.world.level.storage.loot.entries.LootPoolEntryContainer$Serializer.m_7561_(LootPoolEntryContainer.java:74) ~[server-1.20.1-20230612.114412-srg.jar%23139!/:?]
	at net.minecraft.world.level.storage.loot.GsonAdapterFactory$JsonAdapter.deserialize(GsonAdapterFactory.java:102) ~[server-1.20.1-20230612.114412-srg.jar%23139!/:?]
	at com.google.gson.internal.bind.TreeTypeAdapter.read(TreeTypeAdapter.java:76) ~[gson-2.10.jar%2372!/:?]
	at com.google.gson.internal.bind.TypeAdapterRuntimeTypeWrapper.read(TypeAdapterRuntimeTypeWrapper.java:40) ~[gson-2.10.jar%2372!/:?]
	at com.google.gson.internal.bind.ArrayTypeAdapter.read(ArrayTypeAdapter.java:72) ~[gson-2.10.jar%2372!/:?]
	at com.google.gson.Gson.fromJson(Gson.java:1214) ~[gson-2.10.jar%2372!/:?]
	at com.google.gson.Gson.fromJson(Gson.java:1319) ~[gson-2.10.jar%2372!/:?]
	at com.google.gson.Gson.fromJson(Gson.java:1290) ~[gson-2.10.jar%2372!/:?]
	at com.google.gson.internal.bind.TreeTypeAdapter$GsonContextImpl.deserialize(TreeTypeAdapter.java:179) ~[gson-2.10.jar%2372!/:?]
	at net.minecraft.util.GsonHelper.m_13808_(GsonHelper.java:463) ~[server-1.20.1-20230612.114412-srg.jar%23139!/:?]
	at net.minecraft.util.GsonHelper.m_13836_(GsonHelper.java:471) ~[server-1.20.1-20230612.114412-srg.jar%23139!/:?]
	at net.minecraft.world.level.storage.loot.entries.CompositeEntryBase$1.m_5921_(CompositeEntryBase.java:61) ~[server-1.20.1-20230612.114412-srg.jar%23139!/:?]
	at net.minecraft.world.level.storage.loot.entries.CompositeEntryBase$1.m_5921_(CompositeEntryBase.java:53) ~[server-1.20.1-20230612.114412-srg.jar%23139!/:?]
	at net.minecraft.world.level.storage.loot.entries.LootPoolEntryContainer$Serializer.m_7561_(LootPoolEntryContainer.java:86) ~[server-1.20.1-20230612.114412-srg.jar%23139!/:?]
	at net.minecraft.world.level.storage.loot.entries.LootPoolEntryContainer$Serializer.m_7561_(LootPoolEntryContainer.java:74) ~[server-1.20.1-20230612.114412-srg.jar%23139!/:?]
	at net.minecraft.world.level.storage.loot.GsonAdapterFactory$JsonAdapter.deserialize(GsonAdapterFactory.java:102) ~[server-1.20.1-20230612.114412-srg.jar%23139!/:?]
	at com.google.gson.internal.bind.TreeTypeAdapter.read(TreeTypeAdapter.java:76) ~[gson-2.10.jar%2372!/:?]
	at com.google.gson.internal.bind.TypeAdapterRuntimeTypeWrapper.read(TypeAdapterRuntimeTypeWrapper.java:40) ~[gson-2.10.jar%2372!/:?]
	at com.google.gson.internal.bind.ArrayTypeAdapter.read(ArrayTypeAdapter.java:72) ~[gson-2.10.jar%2372!/:?]
	at com.google.gson.Gson.fromJson(Gson.java:1214) ~[gson-2.10.jar%2372!/:?]
	at com.google.gson.Gson.fromJson(Gson.java:1319) ~[gson-2.10.jar%2372!/:?]
	at com.google.gson.Gson.fromJson(Gson.java:1290) ~[gson-2.10.jar%2372!/:?]
	at com.google.gson.internal.bind.TreeTypeAdapter$GsonContextImpl.deserialize(TreeTypeAdapter.java:179) ~[gson-2.10.jar%2372!/:?]
	at net.minecraft.util.GsonHelper.m_13808_(GsonHelper.java:463) ~[server-1.20.1-20230612.114412-srg.jar%23139!/:?]
	at net.minecraft.util.GsonHelper.m_13836_(GsonHelper.java:471) ~[server-1.20.1-20230612.114412-srg.jar%23139!/:?]
	at net.minecraft.world.level.storage.loot.LootPool$Serializer.deserialize(LootPool.java:192) ~[server-1.20.1-20230612.114412-srg.jar%23139!/:?]
	at net.minecraft.world.level.storage.loot.LootPool$Serializer.deserialize(LootPool.java:189) ~[server-1.20.1-20230612.114412-srg.jar%23139!/:?]
	at com.google.gson.internal.bind.TreeTypeAdapter.read(TreeTypeAdapter.java:76) ~[gson-2.10.jar%2372!/:?]
	at com.google.gson.internal.bind.TypeAdapterRuntimeTypeWrapper.read(TypeAdapterRuntimeTypeWrapper.java:40) ~[gson-2.10.jar%2372!/:?]
	at com.google.gson.internal.bind.ArrayTypeAdapter.read(ArrayTypeAdapter.java:72) ~[gson-2.10.jar%2372!/:?]
	at com.google.gson.Gson.fromJson(Gson.java:1214) ~[gson-2.10.jar%2372!/:?]
	at com.google.gson.Gson.fromJson(Gson.java:1319) ~[gson-2.10.jar%2372!/:?]
	at com.google.gson.Gson.fromJson(Gson.java:1290) ~[gson-2.10.jar%2372!/:?]
	at com.google.gson.internal.bind.TreeTypeAdapter$GsonContextImpl.deserialize(TreeTypeAdapter.java:179) ~[gson-2.10.jar%2372!/:?]
	at net.minecraft.util.GsonHelper.m_13808_(GsonHelper.java:463) ~[server-1.20.1-20230612.114412-srg.jar%23139!/:?]
	at net.minecraft.util.GsonHelper.m_13845_(GsonHelper.java:481) ~[server-1.20.1-20230612.114412-srg.jar%23139!/:?]
	at net.minecraft.world.level.storage.loot.LootTable$Serializer.deserialize(LootTable.java:294) ~[server-1.20.1-20230612.114412-srg.jar%23139!/:?]
	at net.minecraft.world.level.storage.loot.LootTable$Serializer.deserialize(LootTable.java:291) ~[server-1.20.1-20230612.114412-srg.jar%23139!/:?]
	at com.google.gson.internal.bind.TreeTypeAdapter.read(TreeTypeAdapter.java:76) ~[gson-2.10.jar%2372!/:?]
	at com.google.gson.Gson.fromJson(Gson.java:1214) ~[gson-2.10.jar%2372!/:?]
	at com.google.gson.Gson.fromJson(Gson.java:1319) ~[gson-2.10.jar%2372!/:?]
	at com.google.gson.Gson.fromJson(Gson.java:1261) ~[gson-2.10.jar%2372!/:?]
	at net.minecraftforge.common.ForgeHooks.loadLootTable(ForgeHooks.java:871) ~[forge-1.20.1-47.3.7-universal.jar%23144!/:?]
	at net.minecraftforge.common.ForgeHooks.lambda$getLootTableDeserializer$3(ForgeHooks.java:848) ~[forge-1.20.1-47.3.7-universal.jar%23144!/:?]
	at net.minecraft.world.level.storage.loot.LootDataType.deserialize(LootDataType.java:45) ~[server-1.20.1-20230612.114412-srg.jar%23139!/:?]
	at net.minecraft.world.level.storage.loot.LootDataManager.lambda$scheduleElementParse$4(LootDataManager.java:56) ~[server-1.20.1-20230612.114412-srg.jar%23139!/:?]
	at java.util.HashMap.forEach(HashMap.java:1421) ~[?:?]
	at net.minecraft.world.level.storage.loot.LootDataManager.m_278660_(LootDataManager.java:55) ~[server-1.20.1-20230612.114412-srg.jar%23139!/:?]
	at java.util.concurrent.CompletableFuture$AsyncRun.run(CompletableFuture.java:1804) ~[?:?]
	at java.util.concurrent.CompletableFuture$AsyncRun.exec(CompletableFuture.java:1796) ~[?:?]
	at java.util.concurrent.ForkJoinTask.doExec(ForkJoinTask.java:373) ~[?:?]
	at java.util.concurrent.ForkJoinPool$WorkQueue.topLevelExec(ForkJoinPool.java:1182) ~[?:?]
	at java.util.concurrent.ForkJoinPool.scan(ForkJoinPool.java:1655) ~[?:?]
	at java.util.concurrent.ForkJoinPool.runWorker(ForkJoinPool.java:1622) ~[?:?]
	at java.util.concurrent.ForkJoinWorkerThread.run(ForkJoinWorkerThread.java:165) ~[?:?]
[10Mar2026 09:59:29.364] [Worker-Main-2/ERROR] [net.minecraftforge.common.ForgeHooks/]: Couldn't parse element loot_tables:culturaldelights:blocks/avocado_leaf_carpet
com.google.gson.JsonSyntaxException: Expected name to be an item, was unknown string 'culturaldelights:avocado_leaf_carpet'
	at net.minecraft.util.GsonHelper.m_13866_(GsonHelper.java:145) ~[server-1.20.1-20230612.114412-srg.jar%23139!/:?]
	at java.util.Optional.orElseThrow(Optional.java:403) ~[?:?]
	at net.minecraft.util.GsonHelper.m_13874_(GsonHelper.java:145) ~[server-1.20.1-20230612.114412-srg.jar%23139!/:?]
	at net.minecraft.util.GsonHelper.m_13909_(GsonHelper.java:153) ~[server-1.20.1-20230612.114412-srg.jar%23139!/:?]
	at net.minecraft.world.level.storage.loot.entries.LootItem$Serializer.m_7267_(LootItem.java:55) ~[server-1.20.1-20230612.114412-srg.jar%23139!/:?]
	at net.minecraft.world.level.storage.loot.entries.LootItem$Serializer.m_7267_(LootItem.java:40) ~[server-1.20.1-20230612.114412-srg.jar%23139!/:?]
	at net.minecraft.world.level.storage.loot.entries.LootPoolSingletonContainer$Serializer.m_5921_(LootPoolSingletonContainer.java:151) ~[server-1.20.1-20230612.114412-srg.jar%23139!/:?]
	at net.minecraft.world.level.storage.loot.entries.LootPoolSingletonContainer$Serializer.m_5921_(LootPoolSingletonContainer.java:129) ~[server-1.20.1-20230612.114412-srg.jar%23139!/:?]
	at net.minecraft.world.level.storage.loot.entries.LootPoolEntryContainer$Serializer.m_7561_(LootPoolEntryContainer.java:86) ~[server-1.20.1-20230612.114412-srg.jar%23139!/:?]
	at net.minecraft.world.level.storage.loot.entries.LootPoolEntryContainer$Serializer.m_7561_(LootPoolEntryContainer.java:74) ~[server-1.20.1-20230612.114412-srg.jar%23139!/:?]
	at net.minecraft.world.level.storage.loot.GsonAdapterFactory$JsonAdapter.deserialize(GsonAdapterFactory.java:102) ~[server-1.20.1-20230612.114412-srg.jar%23139!/:?]
	at com.google.gson.internal.bind.TreeTypeAdapter.read(TreeTypeAdapter.java:76) ~[gson-2.10.jar%2372!/:?]
	at com.google.gson.internal.bind.TypeAdapterRuntimeTypeWrapper.read(TypeAdapterRuntimeTypeWrapper.java:40) ~[gson-2.10.jar%2372!/:?]
	at com.google.gson.internal.bind.ArrayTypeAdapter.read(ArrayTypeAdapter.java:72) ~[gson-2.10.jar%2372!/:?]
	at com.google.gson.Gson.fromJson(Gson.java:1214) ~[gson-2.10.jar%2372!/:?]
	at com.google.gson.Gson.fromJson(Gson.java:1319) ~[gson-2.10.jar%2372!/:?]
	at com.google.gson.Gson.fromJson(Gson.java:1290) ~[gson-2.10.jar%2372!/:?]
	at com.google.gson.internal.bind.TreeTypeAdapter$GsonContextImpl.deserialize(TreeTypeAdapter.java:179) ~[gson-2.10.jar%2372!/:?]
	at net.minecraft.util.GsonHelper.m_13808_(GsonHelper.java:463) ~[server-1.20.1-20230612.114412-srg.jar%23139!/:?]
	at net.minecraft.util.GsonHelper.m_13836_(GsonHelper.java:471) ~[server-1.20.1-20230612.114412-srg.jar%23139!/:?]
	at net.minecraft.world.level.storage.loot.LootPool$Serializer.deserialize(LootPool.java:192) ~[server-1.20.1-20230612.114412-srg.jar%23139!/:?]
	at net.minecraft.world.level.storage.loot.LootPool$Serializer.deserialize(LootPool.java:189) ~[server-1.20.1-20230612.114412-srg.jar%23139!/:?]
	at com.google.gson.internal.bind.TreeTypeAdapter.read(TreeTypeAdapter.java:76) ~[gson-2.10.jar%2372!/:?]
	at com.google.gson.internal.bind.TypeAdapterRuntimeTypeWrapper.read(TypeAdapterRuntimeTypeWrapper.java:40) ~[gson-2.10.jar%2372!/:?]
	at com.google.gson.internal.bind.ArrayTypeAdapter.read(ArrayTypeAdapter.java:72) ~[gson-2.10.jar%2372!/:?]
	at com.google.gson.Gson.fromJson(Gson.java:1214) ~[gson-2.10.jar%2372!/:?]
	at com.google.gson.Gson.fromJson(Gson.java:1319) ~[gson-2.10.jar%2372!/:?]
	at com.google.gson.Gson.fromJson(Gson.java:1290) ~[gson-2.10.jar%2372!/:?]
	at com.google.gson.internal.bind.TreeTypeAdapter$GsonContextImpl.deserialize(TreeTypeAdapter.java:179) ~[gson-2.10.jar%2372!/:?]
	at net.minecraft.util.GsonHelper.m_13808_(GsonHelper.java:463) ~[server-1.20.1-20230612.114412-srg.jar%23139!/:?]
	at net.minecraft.util.GsonHelper.m_13845_(GsonHelper.java:481) ~[server-1.20.1-20230612.114412-srg.jar%23139!/:?]
	at net.minecraft.world.level.storage.loot.LootTable$Serializer.deserialize(LootTable.java:294) ~[server-1.20.1-20230612.114412-srg.jar%23139!/:?]
	at net.minecraft.world.level.storage.loot.LootTable$Serializer.deserialize(LootTable.java:291) ~[server-1.20.1-20230612.114412-srg.jar%23139!/:?]
	at com.google.gson.internal.bind.TreeTypeAdapter.read(TreeTypeAdapter.java:76) ~[gson-2.10.jar%2372!/:?]
	at com.google.gson.Gson.fromJson(Gson.java:1214) ~[gson-2.10.jar%2372!/:?]
	at com.google.gson.Gson.fromJson(Gson.java:1319) ~[gson-2.10.jar%2372!/:?]
	at com.google.gson.Gson.fromJson(Gson.java:1261) ~[gson-2.10.jar%2372!/:?]
	at net.minecraftforge.common.ForgeHooks.loadLootTable(ForgeHooks.java:871) ~[forge-1.20.1-47.3.7-universal.jar%23144!/:?]
	at net.minecraftforge.common.ForgeHooks.lambda$getLootTableDeserializer$3(ForgeHooks.java:848) ~[forge-1.20.1-47.3.7-universal.jar%23144!/:?]
	at net.minecraft.world.level.storage.loot.LootDataType.deserialize(LootDataType.java:45) ~[server-1.20.1-20230612.114412-srg.jar%23139!/:?]
	at net.minecraft.world.level.storage.loot.LootDataManager.lambda$scheduleElementParse$4(LootDataManager.java:56) ~[server-1.20.1-20230612.114412-srg.jar%23139!/:?]
	at java.util.HashMap.forEach(HashMap.java:1421) ~[?:?]
	at net.minecraft.world.level.storage.loot.LootDataManager.m_278660_(LootDataManager.java:55) ~[server-1.20.1-20230612.114412-srg.jar%23139!/:?]
	at java.util.concurrent.CompletableFuture$AsyncRun.run(CompletableFuture.java:1804) ~[?:?]
	at java.util.concurrent.CompletableFuture$AsyncRun.exec(CompletableFuture.java:1796) ~[?:?]
	at java.util.concurrent.ForkJoinTask.doExec(ForkJoinTask.java:373) ~[?:?]
	at java.util.concurrent.ForkJoinPool$WorkQueue.topLevelExec(ForkJoinPool.java:1182) ~[?:?]
	at java.util.concurrent.ForkJoinPool.scan(ForkJoinPool.java:1655) ~[?:?]
	at java.util.concurrent.ForkJoinPool.runWorker(ForkJoinPool.java:1622) ~[?:?]
	at java.util.concurrent.ForkJoinWorkerThread.run(ForkJoinWorkerThread.java:165) ~[?:?]
[10Mar2026 09:59:29.395] [Worker-Main-2/ERROR] [net.minecraftforge.common.ForgeHooks/]: Couldn't parse element loot_tables:culturaldelights:blocks/avocado_bundle
com.google.gson.JsonSyntaxException: Expected name to be an item, was unknown string 'culturaldelights:avocado_bundle'
	at net.minecraft.util.GsonHelper.m_13866_(GsonHelper.java:145) ~[server-1.20.1-20230612.114412-srg.jar%23139!/:?]
	at java.util.Optional.orElseThrow(Optional.java:403) ~[?:?]
	at net.minecraft.util.GsonHelper.m_13874_(GsonHelper.java:145) ~[server-1.20.1-20230612.114412-srg.jar%23139!/:?]
	at net.minecraft.util.GsonHelper.m_13909_(GsonHelper.java:153) ~[server-1.20.1-20230612.114412-srg.jar%23139!/:?]
	at net.minecraft.world.level.storage.loot.entries.LootItem$Serializer.m_7267_(LootItem.java:55) ~[server-1.20.1-20230612.114412-srg.jar%23139!/:?]
	at net.minecraft.world.level.storage.loot.entries.LootItem$Serializer.m_7267_(LootItem.java:40) ~[server-1.20.1-20230612.114412-srg.jar%23139!/:?]
	at net.minecraft.world.level.storage.loot.entries.LootPoolSingletonContainer$Serializer.m_5921_(LootPoolSingletonContainer.java:151) ~[server-1.20.1-20230612.114412-srg.jar%23139!/:?]
	at net.minecraft.world.level.storage.loot.entries.LootPoolSingletonContainer$Serializer.m_5921_(LootPoolSingletonContainer.java:129) ~[server-1.20.1-20230612.114412-srg.jar%23139!/:?]
	at net.minecraft.world.level.storage.loot.entries.LootPoolEntryContainer$Serializer.m_7561_(LootPoolEntryContainer.java:86) ~[server-1.20.1-20230612.114412-srg.jar%23139!/:?]
	at net.minecraft.world.level.storage.loot.entries.LootPoolEntryContainer$Serializer.m_7561_(LootPoolEntryContainer.java:74) ~[server-1.20.1-20230612.114412-srg.jar%23139!/:?]
	at net.minecraft.world.level.storage.loot.GsonAdapterFactory$JsonAdapter.deserialize(GsonAdapterFactory.java:102) ~[server-1.20.1-20230612.114412-srg.jar%23139!/:?]
	at com.google.gson.internal.bind.TreeTypeAdapter.read(TreeTypeAdapter.java:76) ~[gson-2.10.jar%2372!/:?]
	at com.google.gson.internal.bind.TypeAdapterRuntimeTypeWrapper.read(TypeAdapterRuntimeTypeWrapper.java:40) ~[gson-2.10.jar%2372!/:?]
	at com.google.gson.internal.bind.ArrayTypeAdapter.read(ArrayTypeAdapter.java:72) ~[gson-2.10.jar%2372!/:?]
	at com.google.gson.Gson.fromJson(Gson.java:1214) ~[gson-2.10.jar%2372!/:?]
	at com.google.gson.Gson.fromJson(Gson.java:1319) ~[gson-2.10.jar%2372!/:?]
	at com.google.gson.Gson.fromJson(Gson.java:1290) ~[gson-2.10.jar%2372!/:?]
	at com.google.gson.internal.bind.TreeTypeAdapter$GsonContextImpl.deserialize(TreeTypeAdapter.java:179) ~[gson-2.10.jar%2372!/:?]
	at net.minecraft.util.GsonHelper.m_13808_(GsonHelper.java:463) ~[server-1.20.1-20230612.114412-srg.jar%23139!/:?]
	at net.minecraft.util.GsonHelper.m_13836_(GsonHelper.java:471) ~[server-1.20.1-20230612.114412-srg.jar%23139!/:?]
	at net.minecraft.world.level.storage.loot.entries.CompositeEntryBase$1.m_5921_(CompositeEntryBase.java:61) ~[server-1.20.1-20230612.114412-srg.jar%23139!/:?]
	at net.minecraft.world.level.storage.loot.entries.CompositeEntryBase$1.m_5921_(CompositeEntryBase.java:53) ~[server-1.20.1-20230612.114412-srg.jar%23139!/:?]
	at net.minecraft.world.level.storage.loot.entries.LootPoolEntryContainer$Serializer.m_7561_(LootPoolEntryContainer.java:86) ~[server-1.20.1-20230612.114412-srg.jar%23139!/:?]
	at net.minecraft.world.level.storage.loot.entries.LootPoolEntryContainer$Serializer.m_7561_(LootPoolEntryContainer.java:74) ~[server-1.20.1-20230612.114412-srg.jar%23139!/:?]
	at net.minecraft.world.level.storage.loot.GsonAdapterFactory$JsonAdapter.deserialize(GsonAdapterFactory.java:102) ~[server-1.20.1-20230612.114412-srg.jar%23139!/:?]
	at com.google.gson.internal.bind.TreeTypeAdapter.read(TreeTypeAdapter.java:76) ~[gson-2.10.jar%2372!/:?]
	at com.google.gson.internal.bind.TypeAdapterRuntimeTypeWrapper.read(TypeAdapterRuntimeTypeWrapper.java:40) ~[gson-2.10.jar%2372!/:?]
	at com.google.gson.internal.bind.ArrayTypeAdapter.read(ArrayTypeAdapter.java:72) ~[gson-2.10.jar%2372!/:?]
	at com.google.gson.Gson.fromJson(Gson.java:1214) ~[gson-2.10.jar%2372!/:?]
	at com.google.gson.Gson.fromJson(Gson.java:1319) ~[gson-2.10.jar%2372!/:?]
	at com.google.gson.Gson.fromJson(Gson.java:1290) ~[gson-2.10.jar%2372!/:?]
	at com.google.gson.internal.bind.TreeTypeAdapter$GsonContextImpl.deserialize(TreeTypeAdapter.java:179) ~[gson-2.10.jar%2372!/:?]
	at net.minecraft.util.GsonHelper.m_13808_(GsonHelper.java:463) ~[server-1.20.1-20230612.114412-srg.jar%23139!/:?]
	at net.minecraft.util.GsonHelper.m_13836_(GsonHelper.java:471) ~[server-1.20.1-20230612.114412-srg.jar%23139!/:?]
	at net.minecraft.world.level.storage.loot.LootPool$Serializer.deserialize(LootPool.java:192) ~[server-1.20.1-20230612.114412-srg.jar%23139!/:?]
	at net.minecraft.world.level.storage.loot.LootPool$Serializer.deserialize(LootPool.java:189) ~[server-1.20.1-20230612.114412-srg.jar%23139!/:?]
	at com.google.gson.internal.bind.TreeTypeAdapter.read(TreeTypeAdapter.java:76) ~[gson-2.10.jar%2372!/:?]
	at com.google.gson.internal.bind.TypeAdapterRuntimeTypeWrapper.read(TypeAdapterRuntimeTypeWrapper.java:40) ~[gson-2.10.jar%2372!/:?]
	at com.google.gson.internal.bind.ArrayTypeAdapter.read(ArrayTypeAdapter.java:72) ~[gson-2.10.jar%2372!/:?]
	at com.google.gson.Gson.fromJson(Gson.java:1214) ~[gson-2.10.jar%2372!/:?]
	at com.google.gson.Gson.fromJson(Gson.java:1319) ~[gson-2.10.jar%2372!/:?]
	at com.google.gson.Gson.fromJson(Gson.java:1290) ~[gson-2.10.jar%2372!/:?]
	at com.google.gson.internal.bind.TreeTypeAdapter$GsonContextImpl.deserialize(TreeTypeAdapter.java:179) ~[gson-2.10.jar%2372!/:?]
	at net.minecraft.util.GsonHelper.m_13808_(GsonHelper.java:463) ~[server-1.20.1-20230612.114412-srg.jar%23139!/:?]
	at net.minecraft.util.GsonHelper.m_13845_(GsonHelper.java:481) ~[server-1.20.1-20230612.114412-srg.jar%23139!/:?]
	at net.minecraft.world.level.storage.loot.LootTable$Serializer.deserialize(LootTable.java:294) ~[server-1.20.1-20230612.114412-srg.jar%23139!/:?]
	at net.minecraft.world.level.storage.loot.LootTable$Serializer.deserialize(LootTable.java:291) ~[server-1.20.1-20230612.114412-srg.jar%23139!/:?]
	at com.google.gson.internal.bind.TreeTypeAdapter.read(TreeTypeAdapter.java:76) ~[gson-2.10.jar%2372!/:?]
	at com.google.gson.Gson.fromJson(Gson.java:1214) ~[gson-2.10.jar%2372!/:?]
	at com.google.gson.Gson.fromJson(Gson.java:1319) ~[gson-2.10.jar%2372!/:?]
	at com.google.gson.Gson.fromJson(Gson.java:1261) ~[gson-2.10.jar%2372!/:?]
	at net.minecraftforge.common.ForgeHooks.loadLootTable(ForgeHooks.java:871) ~[forge-1.20.1-47.3.7-universal.jar%23144!/:?]
	at net.minecraftforge.common.ForgeHooks.lambda$getLootTableDeserializer$3(ForgeHooks.java:848) ~[forge-1.20.1-47.3.7-universal.jar%23144!/:?]
	at net.minecraft.world.level.storage.loot.LootDataType.deserialize(LootDataType.java:45) ~[server-1.20.1-20230612.114412-srg.jar%23139!/:?]
	at net.minecraft.world.level.storage.loot.LootDataManager.lambda$scheduleElementParse$4(LootDataManager.java:56) ~[server-1.20.1-20230612.114412-srg.jar%23139!/:?]
	at java.util.HashMap.forEach(HashMap.java:1421) ~[?:?]
	at net.minecraft.world.level.storage.loot.LootDataManager.m_278660_(LootDataManager.java:55) ~[server-1.20.1-20230612.114412-srg.jar%23139!/:?]
	at java.util.concurrent.CompletableFuture$AsyncRun.run(CompletableFuture.java:1804) ~[?:?]
	at java.util.concurrent.CompletableFuture$AsyncRun.exec(CompletableFuture.java:1796) ~[?:?]
	at java.util.concurrent.ForkJoinTask.doExec(ForkJoinTask.java:373) ~[?:?]
	at java.util.concurrent.ForkJoinPool$WorkQueue.topLevelExec(ForkJoinPool.java:1182) ~[?:?]
	at java.util.concurrent.ForkJoinPool.scan(ForkJoinPool.java:1655) ~[?:?]
	at java.util.concurrent.ForkJoinPool.runWorker(ForkJoinPool.java:1622) ~[?:?]
	at java.util.concurrent.ForkJoinWorkerThread.run(ForkJoinWorkerThread.java:165) ~[?:?]
[10Mar2026 09:59:29.445] [Worker-Main-2/ERROR] [net.minecraftforge.common.ForgeHooks/]: Couldn't parse element loot_tables:culturaldelights:blocks/fruiting_avocado_leaves
com.google.gson.JsonSyntaxException: Unknown type 'minecraft:alternative'
	at net.minecraft.world.level.storage.loot.GsonAdapterFactory$JsonAdapter.deserialize(GsonAdapterFactory.java:99) ~[server-1.20.1-20230612.114412-srg.jar%23139!/:?]
	at com.google.gson.internal.bind.TreeTypeAdapter.read(TreeTypeAdapter.java:76) ~[gson-2.10.jar%2372!/:?]
	at com.google.gson.internal.bind.TypeAdapterRuntimeTypeWrapper.read(TypeAdapterRuntimeTypeWrapper.java:40) ~[gson-2.10.jar%2372!/:?]
	at com.google.gson.internal.bind.ArrayTypeAdapter.read(ArrayTypeAdapter.java:72) ~[gson-2.10.jar%2372!/:?]
	at com.google.gson.Gson.fromJson(Gson.java:1214) ~[gson-2.10.jar%2372!/:?]
	at com.google.gson.Gson.fromJson(Gson.java:1319) ~[gson-2.10.jar%2372!/:?]
	at com.google.gson.Gson.fromJson(Gson.java:1290) ~[gson-2.10.jar%2372!/:?]
	at com.google.gson.internal.bind.TreeTypeAdapter$GsonContextImpl.deserialize(TreeTypeAdapter.java:179) ~[gson-2.10.jar%2372!/:?]
	at net.minecraft.util.GsonHelper.m_13808_(GsonHelper.java:463) ~[server-1.20.1-20230612.114412-srg.jar%23139!/:?]
	at net.minecraft.util.GsonHelper.m_13845_(GsonHelper.java:481) ~[server-1.20.1-20230612.114412-srg.jar%23139!/:?]
	at net.minecraft.world.level.storage.loot.entries.LootPoolEntryContainer$Serializer.m_7561_(LootPoolEntryContainer.java:85) ~[server-1.20.1-20230612.114412-srg.jar%23139!/:?]
	at net.minecraft.world.level.storage.loot.entries.LootPoolEntryContainer$Serializer.m_7561_(LootPoolEntryContainer.java:74) ~[server-1.20.1-20230612.114412-srg.jar%23139!/:?]
	at net.minecraft.world.level.storage.loot.GsonAdapterFactory$JsonAdapter.deserialize(GsonAdapterFactory.java:102) ~[server-1.20.1-20230612.114412-srg.jar%23139!/:?]
	at com.google.gson.internal.bind.TreeTypeAdapter.read(TreeTypeAdapter.java:76) ~[gson-2.10.jar%2372!/:?]
	at com.google.gson.internal.bind.TypeAdapterRuntimeTypeWrapper.read(TypeAdapterRuntimeTypeWrapper.java:40) ~[gson-2.10.jar%2372!/:?]
	at com.google.gson.internal.bind.ArrayTypeAdapter.read(ArrayTypeAdapter.java:72) ~[gson-2.10.jar%2372!/:?]
	at com.google.gson.Gson.fromJson(Gson.java:1214) ~[gson-2.10.jar%2372!/:?]
	at com.google.gson.Gson.fromJson(Gson.java:1319) ~[gson-2.10.jar%2372!/:?]
	at com.google.gson.Gson.fromJson(Gson.java:1290) ~[gson-2.10.jar%2372!/:?]
	at com.google.gson.internal.bind.TreeTypeAdapter$GsonContextImpl.deserialize(TreeTypeAdapter.java:179) ~[gson-2.10.jar%2372!/:?]
	at net.minecraft.util.GsonHelper.m_13808_(GsonHelper.java:463) ~[server-1.20.1-20230612.114412-srg.jar%23139!/:?]
	at net.minecraft.util.GsonHelper.m_13836_(GsonHelper.java:471) ~[server-1.20.1-20230612.114412-srg.jar%23139!/:?]
	at net.minecraft.world.level.storage.loot.entries.CompositeEntryBase$1.m_5921_(CompositeEntryBase.java:61) ~[server-1.20.1-20230612.114412-srg.jar%23139!/:?]
	at net.minecraft.world.level.storage.loot.entries.CompositeEntryBase$1.m_5921_(CompositeEntryBase.java:53) ~[server-1.20.1-20230612.114412-srg.jar%23139!/:?]
	at net.minecraft.world.level.storage.loot.entries.LootPoolEntryContainer$Serializer.m_7561_(LootPoolEntryContainer.java:86) ~[server-1.20.1-20230612.114412-srg.jar%23139!/:?]
	at net.minecraft.world.level.storage.loot.entries.LootPoolEntryContainer$Serializer.m_7561_(LootPoolEntryContainer.java:74) ~[server-1.20.1-20230612.114412-srg.jar%23139!/:?]
	at net.minecraft.world.level.storage.loot.GsonAdapterFactory$JsonAdapter.deserialize(GsonAdapterFactory.java:102) ~[server-1.20.1-20230612.114412-srg.jar%23139!/:?]
	at com.google.gson.internal.bind.TreeTypeAdapter.read(TreeTypeAdapter.java:76) ~[gson-2.10.jar%2372!/:?]
	at com.google.gson.internal.bind.TypeAdapterRuntimeTypeWrapper.read(TypeAdapterRuntimeTypeWrapper.java:40) ~[gson-2.10.jar%2372!/:?]
	at com.google.gson.internal.bind.ArrayTypeAdapter.read(ArrayTypeAdapter.java:72) ~[gson-2.10.jar%2372!/:?]
	at com.google.gson.Gson.fromJson(Gson.java:1214) ~[gson-2.10.jar%2372!/:?]
	at com.google.gson.Gson.fromJson(Gson.java:1319) ~[gson-2.10.jar%2372!/:?]
	at com.google.gson.Gson.fromJson(Gson.java:1290) ~[gson-2.10.jar%2372!/:?]
	at com.google.gson.internal.bind.TreeTypeAdapter$GsonContextImpl.deserialize(TreeTypeAdapter.java:179) ~[gson-2.10.jar%2372!/:?]
	at net.minecraft.util.GsonHelper.m_13808_(GsonHelper.java:463) ~[server-1.20.1-20230612.114412-srg.jar%23139!/:?]
	at net.minecraft.util.GsonHelper.m_13836_(GsonHelper.java:471) ~[server-1.20.1-20230612.114412-srg.jar%23139!/:?]
	at net.minecraft.world.level.storage.loot.LootPool$Serializer.deserialize(LootPool.java:192) ~[server-1.20.1-20230612.114412-srg.jar%23139!/:?]
	at net.minecraft.world.level.storage.loot.LootPool$Serializer.deserialize(LootPool.java:189) ~[server-1.20.1-20230612.114412-srg.jar%23139!/:?]
	at com.google.gson.internal.bind.TreeTypeAdapter.read(TreeTypeAdapter.java:76) ~[gson-2.10.jar%2372!/:?]
	at com.google.gson.internal.bind.TypeAdapterRuntimeTypeWrapper.read(TypeAdapterRuntimeTypeWrapper.java:40) ~[gson-2.10.jar%2372!/:?]
	at com.google.gson.internal.bind.ArrayTypeAdapter.read(ArrayTypeAdapter.java:72) ~[gson-2.10.jar%2372!/:?]
	at com.google.gson.Gson.fromJson(Gson.java:1214) ~[gson-2.10.jar%2372!/:?]
	at com.google.gson.Gson.fromJson(Gson.java:1319) ~[gson-2.10.jar%2372!/:?]
	at com.google.gson.Gson.fromJson(Gson.java:1290) ~[gson-2.10.jar%2372!/:?]
	at com.google.gson.internal.bind.TreeTypeAdapter$GsonContextImpl.deserialize(TreeTypeAdapter.java:179) ~[gson-2.10.jar%2372!/:?]
	at net.minecraft.util.GsonHelper.m_13808_(GsonHelper.java:463) ~[server-1.20.1-20230612.114412-srg.jar%23139!/:?]
	at net.minecraft.util.GsonHelper.m_13845_(GsonHelper.java:481) ~[server-1.20.1-20230612.114412-srg.jar%23139!/:?]
	at net.minecraft.world.level.storage.loot.LootTable$Serializer.deserialize(LootTable.java:294) ~[server-1.20.1-20230612.114412-srg.jar%23139!/:?]
	at net.minecraft.world.level.storage.loot.LootTable$Serializer.deserialize(LootTable.java:291) ~[server-1.20.1-20230612.114412-srg.jar%23139!/:?]
	at com.google.gson.internal.bind.TreeTypeAdapter.read(TreeTypeAdapter.java:76) ~[gson-2.10.jar%2372!/:?]
	at com.google.gson.Gson.fromJson(Gson.java:1214) ~[gson-2.10.jar%2372!/:?]
	at com.google.gson.Gson.fromJson(Gson.java:1319) ~[gson-2.10.jar%2372!/:?]
	at com.google.gson.Gson.fromJson(Gson.java:1261) ~[gson-2.10.jar%2372!/:?]
	at net.minecraftforge.common.ForgeHooks.loadLootTable(ForgeHooks.java:871) ~[forge-1.20.1-47.3.7-universal.jar%23144!/:?]
	at net.minecraftforge.common.ForgeHooks.lambda$getLootTableDeserializer$3(ForgeHooks.java:848) ~[forge-1.20.1-47.3.7-universal.jar%23144!/:?]
	at net.minecraft.world.level.storage.loot.LootDataType.deserialize(LootDataType.java:45) ~[server-1.20.1-20230612.114412-srg.jar%23139!/:?]
	at net.minecraft.world.level.storage.loot.LootDataManager.lambda$scheduleElementParse$4(LootDataManager.java:56) ~[server-1.20.1-20230612.114412-srg.jar%23139!/:?]
	at java.util.HashMap.forEach(HashMap.java:1421) ~[?:?]
	at net.minecraft.world.level.storage.loot.LootDataManager.m_278660_(LootDataManager.java:55) ~[server-1.20.1-20230612.114412-srg.jar%23139!/:?]
	at java.util.concurrent.CompletableFuture$AsyncRun.run(CompletableFuture.java:1804) ~[?:?]
	at java.util.concurrent.CompletableFuture$AsyncRun.exec(CompletableFuture.java:1796) ~[?:?]
	at java.util.concurrent.ForkJoinTask.doExec(ForkJoinTask.java:373) ~[?:?]
	at java.util.concurrent.ForkJoinPool$WorkQueue.topLevelExec(ForkJoinPool.java:1182) ~[?:?]
	at java.util.concurrent.ForkJoinPool.scan(ForkJoinPool.java:1655) ~[?:?]
	at java.util.concurrent.ForkJoinPool.runWorker(ForkJoinPool.java:1622) ~[?:?]
	at java.util.concurrent.ForkJoinWorkerThread.run(ForkJoinWorkerThread.java:165) ~[?:?]
[10Mar2026 09:59:29.732] [main/ERROR] [net.minecraft.world.item.crafting.RecipeManager/]: Parsing error loading recipe culturaldelights:fermenting/pickle
com.google.gson.JsonSyntaxException: Invalid or unsupported recipe type 'brewinandchewin:fermenting'
	at net.minecraft.world.item.crafting.RecipeManager.m_220253_(RecipeManager.java:170) ~[server-1.20.1-20230612.114412-srg.jar%23139!/:?]
	at java.util.Optional.orElseThrow(Optional.java:403) ~[?:?]
	at net.minecraft.world.item.crafting.RecipeManager.fromJson(RecipeManager.java:169) ~[server-1.20.1-20230612.114412-srg.jar%23139!/:?]
	at net.minecraft.world.item.crafting.RecipeManager.m_5787_(RecipeManager.java:67) ~[server-1.20.1-20230612.114412-srg.jar%23139!/:?]
	at net.minecraft.world.item.crafting.RecipeManager.m_5787_(RecipeManager.java:34) ~[server-1.20.1-20230612.114412-srg.jar%23139!/:?]
	at net.minecraft.server.packs.resources.SimplePreparableReloadListener.m_10789_(SimplePreparableReloadListener.java:13) ~[server-1.20.1-20230612.114412-srg.jar%23139!/:?]
	at java.util.concurrent.CompletableFuture$UniAccept.tryFire(CompletableFuture.java:718) ~[?:?]
	at java.util.concurrent.CompletableFuture$Completion.run(CompletableFuture.java:482) ~[?:?]
	at net.minecraft.server.packs.resources.SimpleReloadInstance.m_143940_(SimpleReloadInstance.java:69) ~[server-1.20.1-20230612.114412-srg.jar%23139!/:?]
	at net.minecraft.Util.m_214652_(Util.java:783) ~[server-1.20.1-20230612.114412-srg.jar%23139!/:?]
	at net.minecraft.Util.m_214679_(Util.java:772) ~[server-1.20.1-20230612.114412-srg.jar%23139!/:?]
	at net.minecraft.server.Main.main(Main.java:166) ~[server-1.20.1-20230612.114412-srg.jar%23139!/:?]
	at jdk.internal.reflect.NativeMethodAccessorImpl.invoke0(Native Method) ~[?:?]
	at jdk.internal.reflect.NativeMethodAccessorImpl.invoke(NativeMethodAccessorImpl.java:77) ~[?:?]
	at jdk.internal.reflect.DelegatingMethodAccessorImpl.invoke(DelegatingMethodAccessorImpl.java:43) ~[?:?]
	at java.lang.reflect.Method.invoke(Method.java:569) ~[?:?]
	at net.minecraftforge.fml.loading.targets.CommonLaunchHandler.runTarget(CommonLaunchHandler.java:111) ~[fmlloader-1.20.1-47.3.7.jar%2369!/:?]
	at net.minecraftforge.fml.loading.targets.CommonLaunchHandler.serverService(CommonLaunchHandler.java:103) ~[fmlloader-1.20.1-47.3.7.jar%2369!/:?]
	at net.minecraftforge.fml.loading.targets.CommonServerLaunchHandler.lambda$makeService$0(CommonServerLaunchHandler.java:27) ~[fmlloader-1.20.1-47.3.7.jar%2369!/:?]
	at cpw.mods.modlauncher.LaunchServiceHandlerDecorator.launch(LaunchServiceHandlerDecorator.java:30) ~[modlauncher-10.0.9.jar%2355!/:?]
	at cpw.mods.modlauncher.LaunchServiceHandler.launch(LaunchServiceHandler.java:53) ~[modlauncher-10.0.9.jar%2355!/:?]
	at cpw.mods.modlauncher.LaunchServiceHandler.launch(LaunchServiceHandler.java:71) ~[modlauncher-10.0.9.jar%2355!/:?]
	at cpw.mods.modlauncher.Launcher.run(Launcher.java:108) ~[modlauncher-10.0.9.jar%2355!/:?]
	at cpw.mods.modlauncher.Launcher.main(Launcher.java:78) ~[modlauncher-10.0.9.jar%2355!/:?]
	at cpw.mods.modlauncher.BootstrapLaunchConsumer.accept(BootstrapLaunchConsumer.java:26) ~[modlauncher-10.0.9.jar%2355!/:?]
	at cpw.mods.modlauncher.BootstrapLaunchConsumer.accept(BootstrapLaunchConsumer.java:23) ~[modlauncher-10.0.9.jar%2355!/:?]
	at cpw.mods.bootstraplauncher.BootstrapLauncher.main(BootstrapLauncher.java:141) ~[bootstraplauncher-1.1.2.jar:?]
[10Mar2026 09:59:29.744] [main/INFO] [net.minecraft.world.item.crafting.RecipeManager/]: Loaded 27 recipes
[10Mar2026 09:59:29.745] [main/ERROR] [net.minecraft.server.ServerFunctionLibrary/]: Failed to load function enemyexpansion:silver_exes
java.util.concurrent.CompletionException: java.lang.IllegalArgumentException: Whilst parsing command on line 1: Incorrect argument for command at position 25: ...erfriends <--[HERE]
	at java.util.concurrent.CompletableFuture.encodeThrowable(CompletableFuture.java:315) ~[?:?]
	at java.util.concurrent.CompletableFuture.completeThrowable(CompletableFuture.java:320) ~[?:?]
	at java.util.concurrent.CompletableFuture$AsyncSupply.run(CompletableFuture.java:1770) ~[?:?]
	at java.util.concurrent.CompletableFuture$AsyncSupply.exec(CompletableFuture.java:1760) ~[?:?]
	at java.util.concurrent.ForkJoinTask.doExec(ForkJoinTask.java:373) ~[?:?]
	at java.util.concurrent.ForkJoinPool$WorkQueue.topLevelExec(ForkJoinPool.java:1182) ~[?:?]
	at java.util.concurrent.ForkJoinPool.scan(ForkJoinPool.java:1655) ~[?:?]
	at java.util.concurrent.ForkJoinPool.runWorker(ForkJoinPool.java:1622) ~[?:?]
	at java.util.concurrent.ForkJoinWorkerThread.run(ForkJoinWorkerThread.java:165) ~[?:?]
Caused by: java.lang.IllegalArgumentException: Whilst parsing command on line 1: Incorrect argument for command at position 25: ...erfriends <--[HERE]
	at net.minecraft.commands.CommandFunction.m_77984_(CommandFunction.java:63) ~[server-1.20.1-20230612.114412-srg.jar%23139!/:?]
	at net.minecraft.server.ServerFunctionLibrary.m_214320_(ServerFunctionLibrary.java:83) ~[server-1.20.1-20230612.114412-srg.jar%23139!/:?]
	at java.util.concurrent.CompletableFuture$AsyncSupply.run(CompletableFuture.java:1768) ~[?:?]
	... 6 more
[10Mar2026 09:59:29.891] [main/INFO] [net.minecraft.advancements.AdvancementList/]: Loaded 3077 advancements
[10Mar2026 09:59:29.899] [main/INFO] [top.theillusivec4.curios.Curios/]: Loaded 16 curio slots
[10Mar2026 09:59:29.904] [main/INFO] [top.theillusivec4.curios.Curios/]: Loaded 9 curio entities
[10Mar2026 09:59:29.905] [main/DEBUG] [sophisticatedbackpacks/]: Started loading registry data from sophisticatedbackpacks:compat/woot/block_tools 
[10Mar2026 09:59:29.905] [main/DEBUG] [sophisticatedbackpacks/]: Started loading registry data from sophisticatedbackpacks:compat/fluxnetworks/block_tools 
[10Mar2026 09:59:29.905] [main/DEBUG] [sophisticatedbackpacks/]: Started loading registry data from sophisticatedbackpacks:compat/mob_grinding_utils/entity_tools 
[10Mar2026 09:59:29.905] [main/DEBUG] [sophisticatedbackpacks/]: Started loading registry data from sophisticatedbackpacks:compat/astralsorcery/block_tools 
[10Mar2026 09:59:29.905] [main/DEBUG] [sophisticatedbackpacks/]: Started loading registry data from sophisticatedbackpacks:compat/immersivepetroleum/block_tools 
[10Mar2026 09:59:29.905] [main/DEBUG] [sophisticatedbackpacks/]: Started loading registry data from sophisticatedbackpacks:compat/immersiveengineering/block_tools 
[10Mar2026 09:59:29.905] [main/DEBUG] [sophisticatedbackpacks/]: Started loading registry data from sophisticatedbackpacks:compat/pedestals/block_tools 
[10Mar2026 09:59:29.905] [main/DEBUG] [sophisticatedbackpacks/]: Started loading registry data from sophisticatedbackpacks:compat/platforms/block_tools 
[10Mar2026 09:59:29.905] [main/DEBUG] [sophisticatedbackpacks/]: Started loading registry data from sophisticatedbackpacks:compat/rftoolsutility/entity_tools 
[10Mar2026 09:59:29.905] [main/DEBUG] [sophisticatedbackpacks/]: Started loading registry data from sophisticatedbackpacks:compat/compactmachines/block_tools 
[10Mar2026 09:59:29.905] [main/DEBUG] [sophisticatedbackpacks/]: Started loading registry data from sophisticatedbackpacks:compat/mcwwindows/block_tools 
[10Mar2026 09:59:29.906] [main/DEBUG] [sophisticatedbackpacks/]: Started loading registry data from sophisticatedbackpacks:compat/integrateddynamics/block_tools 
[10Mar2026 09:59:29.906] [main/DEBUG] [sophisticatedbackpacks/]: Started loading registry data from sophisticatedbackpacks:entity_tools 
[10Mar2026 09:59:29.908] [main/DEBUG] [sophisticatedbackpacks/]: Finished loading registry data for sophisticatedbackpacks:entity_tools
[10Mar2026 09:59:29.908] [main/DEBUG] [sophisticatedbackpacks/]: Started loading registry data from sophisticatedbackpacks:compat/mekanism/block_tools 
[10Mar2026 09:59:29.908] [main/DEBUG] [sophisticatedbackpacks/]: Started loading registry data from sophisticatedbackpacks:compat/powah/block_tools 
[10Mar2026 09:59:29.908] [main/DEBUG] [sophisticatedbackpacks/]: Started loading registry data from sophisticatedbackpacks:compat/apotheosis/entity_tools 
[10Mar2026 09:59:29.908] [main/DEBUG] [sophisticatedbackpacks/]: Started loading registry data from sophisticatedbackpacks:compat/bloodmagic/block_tools 
[10Mar2026 09:59:29.908] [main/DEBUG] [sophisticatedbackpacks/]: Started loading registry data from sophisticatedbackpacks:compat/immersiveposts/block_tools 
[10Mar2026 09:59:29.908] [main/DEBUG] [sophisticatedbackpacks/]: Started loading registry data from sophisticatedbackpacks:compat/rats/entity_tools 
[10Mar2026 09:59:29.909] [main/DEBUG] [sophisticatedbackpacks/]: Started loading registry data from sophisticatedbackpacks:compat/framedcompactdrawers/block_tools 
[10Mar2026 09:59:29.909] [main/DEBUG] [sophisticatedbackpacks/]: Started loading registry data from sophisticatedbackpacks:compat/iceandfire/entity_tools 
[10Mar2026 09:59:29.909] [main/DEBUG] [sophisticatedbackpacks/]: Started loading registry data from sophisticatedbackpacks:compat/storagedrawers/block_tools 
[10Mar2026 09:59:29.909] [main/DEBUG] [sophisticatedbackpacks/]: Started loading registry data from sophisticatedbackpacks:compat/mcwroofs/block_tools 
[10Mar2026 09:59:29.909] [main/DEBUG] [sophisticatedbackpacks/]: Started loading registry data from sophisticatedbackpacks:compat/morphtool/block_tools 
[10Mar2026 09:59:29.909] [main/DEBUG] [sophisticatedbackpacks/]: Started loading registry data from sophisticatedbackpacks:compat/botania/block_tools 
[10Mar2026 09:59:29.909] [main/DEBUG] [sophisticatedbackpacks/]: Started loading registry data from sophisticatedbackpacks:compat/pneumaticraft/block_tools 
[10Mar2026 09:59:29.909] [main/DEBUG] [sophisticatedbackpacks/]: Started loading registry data from sophisticatedbackpacks:compat/shrink/entity_tools 
[10Mar2026 09:59:29.909] [main/DEBUG] [sophisticatedbackpacks/]: Started loading registry data from sophisticatedbackpacks:compat/blockcarpentry/block_tools 
[10Mar2026 09:59:29.909] [main/DEBUG] [sophisticatedbackpacks/]: Started loading registry data from sophisticatedbackpacks:compat/pipez/block_tools 
[10Mar2026 09:59:29.909] [main/DEBUG] [sophisticatedbackpacks/]: Started loading registry data from sophisticatedbackpacks:compat/transport/block_tools 
[10Mar2026 09:59:29.909] [main/DEBUG] [sophisticatedbackpacks/]: Started loading registry data from sophisticatedbackpacks:compat/thermal/block_tools 
[10Mar2026 09:59:29.909] [main/DEBUG] [sophisticatedbackpacks/]: Started loading registry data from sophisticatedbackpacks:block_tools 
[10Mar2026 09:59:29.909] [main/DEBUG] [sophisticatedbackpacks/]: Finished loading registry data for sophisticatedbackpacks:block_tools
[10Mar2026 09:59:29.909] [main/DEBUG] [sophisticatedbackpacks/]: Started loading registry data from sophisticatedbackpacks:compat/create/block_tools 
[10Mar2026 09:59:29.909] [main/DEBUG] [sophisticatedbackpacks/]: Started loading registry data from sophisticatedbackpacks:compat/farmersdelight/entity_tools 
[10Mar2026 09:59:29.910] [main/DEBUG] [sophisticatedbackpacks/]: Finished loading registry data for sophisticatedbackpacks:compat/farmersdelight/entity_tools
[10Mar2026 09:59:29.910] [main/DEBUG] [sophisticatedbackpacks/]: Started loading registry data from sophisticatedbackpacks:compat/refinedstorage/block_tools 
[10Mar2026 09:59:29.910] [main/DEBUG] [sophisticatedbackpacks/]: Started loading registry data from sophisticatedbackpacks:compat/chiselsandbits/block_tools 
[10Mar2026 09:59:29.910] [main/DEBUG] [sophisticatedbackpacks/]: Started loading registry data from sophisticatedbackpacks:compat/farmersdelight/block_tools 
[10Mar2026 09:59:29.910] [main/DEBUG] [sophisticatedbackpacks/]: Finished loading registry data for sophisticatedbackpacks:compat/farmersdelight/block_tools
[10Mar2026 09:59:29.910] [main/DEBUG] [sophisticatedbackpacks/]: Started loading registry data from sophisticatedbackpacks:compat/resourcefulbees/entity_tools 
[10Mar2026 09:59:29.910] [main/DEBUG] [sophisticatedbackpacks/]: Started loading registry data from sophisticatedbackpacks:compat/tetra/swords 
[10Mar2026 09:59:29.910] [main/DEBUG] [sophisticatedbackpacks/]: Started loading registry data from sophisticatedbackpacks:swords 
[10Mar2026 09:59:29.910] [main/DEBUG] [sophisticatedbackpacks/]: Finished loading registry data for sophisticatedbackpacks:swords
[10Mar2026 09:59:29.910] [main/DEBUG] [sophisticatedbackpacks/]: Started loading registry data from sophisticatedbackpacks:compat/mythicbotany/block_tools 
[10Mar2026 09:59:29.911] [main/DEBUG] [sophisticatedbackpacks/]: Started loading registry data from sophisticatedbackpacks:compat/resourcefulbees/block_tools 
[10Mar2026 09:59:29.911] [main/DEBUG] [sophisticatedbackpacks/]: Started loading registry data from sophisticatedbackpacks:compat/syp/entity_tools 
[10Mar2026 09:59:29.911] [main/DEBUG] [sophisticatedbackpacks/]: Started loading registry data from sophisticatedbackpacks:compat/eidolon/block_tools 
[10Mar2026 09:59:29.911] [main/DEBUG] [sophisticatedbackpacks/]: Started loading registry data from sophisticatedbackpacks:compat/rftoolsbase/block_tools 
[10Mar2026 09:59:29.949] [main/WARN] [net.minecraft.core.MappedRegistry/]: Not all defined tags for registry ResourceKey[minecraft:root / minecraft:worldgen/biome] are present in data pack: forge:is_flutterfly
[10Mar2026 09:59:31.633] [main/DEBUG] [net.minecraftforge.common.ForgeHooks/WP]: Gathering id map for writing to world save world
[10Mar2026 09:59:31.733] [main/DEBUG] [net.minecraftforge.common.ForgeHooks/WP]: ID Map collection complete world
[10Mar2026 09:59:31.851] [Server thread/INFO] [net.minecraft.server.dedicated.DedicatedServer/]: Starting minecraft server version 1.20.1
[10Mar2026 09:59:31.852] [Server thread/INFO] [net.minecraft.server.dedicated.DedicatedServer/]: Loading properties
[10Mar2026 09:59:31.852] [Server thread/INFO] [net.minecraft.server.dedicated.DedicatedServer/]: Default game type: SURVIVAL
[10Mar2026 09:59:31.852] [Server thread/INFO] [net.minecraft.server.MinecraftServer/]: Generating keypair
[10Mar2026 09:59:32.139] [Server thread/INFO] [net.minecraft.server.dedicated.DedicatedServer/]: Starting Minecraft server on *:25565
[10Mar2026 09:59:32.141] [Server thread/DEBUG] [net.minecraftforge.network.DualStackUtils/]: Detected IPv6 address: "0:0:0:0:0:0:0:0"
[10Mar2026 09:59:32.153] [Server thread/DEBUG] [io.netty.util.internal.NativeLibraryLoader/]: -Dio.netty.native.workdir: /tmp (io.netty.tmpdir)
[10Mar2026 09:59:32.155] [Server thread/DEBUG] [io.netty.util.internal.NativeLibraryLoader/]: -Dio.netty.native.deleteLibAfterLoading: true
[10Mar2026 09:59:32.156] [Server thread/DEBUG] [io.netty.util.internal.NativeLibraryLoader/]: -Dio.netty.native.tryPatchShadedId: true
[10Mar2026 09:59:32.156] [Server thread/DEBUG] [io.netty.util.internal.NativeLibraryLoader/]: -Dio.netty.native.detectNativeLibraryDuplicates: true
[10Mar2026 09:59:32.177] [Server thread/DEBUG] [io.netty.util.internal.NativeLibraryLoader/]: Successfully loaded the library /tmp/libnetty_transport_native_epoll_x86_641671523470986613018.so
[10Mar2026 09:59:32.182] [Server thread/DEBUG] [io.netty.util.NetUtil/]: -Djava.net.preferIPv4Stack: false
[10Mar2026 09:59:32.183] [Server thread/DEBUG] [io.netty.util.NetUtil/]: -Djava.net.preferIPv6Addresses: true
[10Mar2026 09:59:32.185] [Server thread/DEBUG] [io.netty.util.NetUtilInitializations/]: Loopback interface: lo (lo, 0:0:0:0:0:0:0:1%lo)
[10Mar2026 09:59:32.188] [Server thread/DEBUG] [io.netty.util.NetUtil/]: /proc/sys/net/core/somaxconn: 4096
[10Mar2026 09:59:32.192] [Server thread/INFO] [net.minecraft.server.network.ServerConnectionListener/]: Using epoll channel type
[10Mar2026 09:59:32.210] [Server thread/DEBUG] [io.netty.channel.MultithreadEventLoopGroup/]: -Dio.netty.eventLoopThreads: 8
[10Mar2026 09:59:32.226] [Server thread/DEBUG] [io.netty.util.internal.InternalThreadLocalMap/]: -Dio.netty.threadLocalMap.stringBuilder.initialSize: 1024
[10Mar2026 09:59:32.226] [Server thread/DEBUG] [io.netty.util.internal.InternalThreadLocalMap/]: -Dio.netty.threadLocalMap.stringBuilder.maxSize: 4096
[10Mar2026 09:59:32.246] [Server thread/DEBUG] [io.netty.util.internal.PlatformDependent/]: org.jctools-core.MpscChunkedArrayQueue: available
[10Mar2026 09:59:32.260] [Server thread/DEBUG] [io.netty.channel.DefaultChannelId/]: -Dio.netty.processId: 4760 (auto-detected)
[10Mar2026 09:59:32.262] [Server thread/DEBUG] [io.netty.channel.DefaultChannelId/]: -Dio.netty.machineId: 60:45:bd:ff:fe:bd:e0:23 (auto-detected)
[10Mar2026 09:59:32.302] [Server thread/DEBUG] [io.netty.buffer.PooledByteBufAllocator/]: -Dio.netty.allocator.numHeapArenas: 8
[10Mar2026 09:59:32.302] [Server thread/DEBUG] [io.netty.buffer.PooledByteBufAllocator/]: -Dio.netty.allocator.numDirectArenas: 8
[10Mar2026 09:59:32.302] [Server thread/DEBUG] [io.netty.buffer.PooledByteBufAllocator/]: -Dio.netty.allocator.pageSize: 8192
[10Mar2026 09:59:32.302] [Server thread/DEBUG] [io.netty.buffer.PooledByteBufAllocator/]: -Dio.netty.allocator.maxOrder: 9
[10Mar2026 09:59:32.303] [Server thread/DEBUG] [io.netty.buffer.PooledByteBufAllocator/]: -Dio.netty.allocator.chunkSize: 4194304
[10Mar2026 09:59:32.303] [Server thread/DEBUG] [io.netty.buffer.PooledByteBufAllocator/]: -Dio.netty.allocator.smallCacheSize: 256
[10Mar2026 09:59:32.303] [Server thread/DEBUG] [io.netty.buffer.PooledByteBufAllocator/]: -Dio.netty.allocator.normalCacheSize: 64
[10Mar2026 09:59:32.303] [Server thread/DEBUG] [io.netty.buffer.PooledByteBufAllocator/]: -Dio.netty.allocator.maxCachedBufferCapacity: 32768
[10Mar2026 09:59:32.303] [Server thread/DEBUG] [io.netty.buffer.PooledByteBufAllocator/]: -Dio.netty.allocator.cacheTrimInterval: 8192
[10Mar2026 09:59:32.304] [Server thread/DEBUG] [io.netty.buffer.PooledByteBufAllocator/]: -Dio.netty.allocator.cacheTrimIntervalMillis: 0
[10Mar2026 09:59:32.304] [Server thread/DEBUG] [io.netty.buffer.PooledByteBufAllocator/]: -Dio.netty.allocator.useCacheForAllThreads: false
[10Mar2026 09:59:32.304] [Server thread/DEBUG] [io.netty.buffer.PooledByteBufAllocator/]: -Dio.netty.allocator.maxCachedByteBuffersPerChunk: 1023
[10Mar2026 09:59:32.319] [Server thread/DEBUG] [io.netty.buffer.ByteBufUtil/]: -Dio.netty.allocator.type: pooled
[10Mar2026 09:59:32.319] [Server thread/DEBUG] [io.netty.buffer.ByteBufUtil/]: -Dio.netty.threadLocalDirectBufferSize: 0
[10Mar2026 09:59:32.319] [Server thread/DEBUG] [io.netty.buffer.ByteBufUtil/]: -Dio.netty.maxThreadLocalCharBufferSize: 16384
[10Mar2026 09:59:32.332] [Server thread/WARN] [net.minecraft.server.dedicated.DedicatedServer/]: **** SERVER IS RUNNING IN OFFLINE/INSECURE MODE!
[10Mar2026 09:59:32.335] [Server thread/WARN] [net.minecraft.server.dedicated.DedicatedServer/]: The server will make no attempt to authenticate usernames. Beware.
[10Mar2026 09:59:32.336] [Server thread/WARN] [net.minecraft.server.dedicated.DedicatedServer/]: While this makes the game possible to play without internet access, it also opens up the ability for hackers to connect with any username they choose.
[10Mar2026 09:59:32.337] [Server thread/WARN] [net.minecraft.server.dedicated.DedicatedServer/]: To change this, set "online-mode" to "true" in the server.properties file.
[10Mar2026 09:59:32.363] [Server thread/DEBUG] [net.minecraftforge.fml.config.ConfigTracker/CONFIG]: Loading configs type SERVER
[10Mar2026 09:59:32.363] [Server thread/DEBUG] [net.minecraftforge.fml.config.ConfigFileTypeHandler/CONFIG]: Built TOML config for ./world/serverconfig/jei-server.toml
[10Mar2026 09:59:32.364] [Server thread/DEBUG] [net.minecraftforge.fml.config.ConfigFileTypeHandler/CONFIG]: Loaded TOML config file ./world/serverconfig/jei-server.toml
[10Mar2026 09:59:32.365] [Server thread/DEBUG] [net.minecraftforge.fml.config.ConfigFileTypeHandler/CONFIG]: Watching TOML config file ./world/serverconfig/jei-server.toml for changes
[10Mar2026 09:59:32.365] [Thread-1/DEBUG] [net.minecraftforge.fml.config.ConfigFileTypeHandler/CONFIG]: Config file jei-server.toml changed, sending notifies
[10Mar2026 09:59:32.366] [Thread-1/DEBUG] [net.minecraftforge.fml.config.ConfigFileTypeHandler/CONFIG]: Config file jei-server.toml changed, sending notifies
[10Mar2026 09:59:32.366] [Server thread/DEBUG] [net.minecraftforge.fml.config.ConfigFileTypeHandler/CONFIG]: Built TOML config for ./world/serverconfig/curios-server.toml
[10Mar2026 09:59:32.367] [Server thread/DEBUG] [net.minecraftforge.fml.config.ConfigFileTypeHandler/CONFIG]: Loaded TOML config file ./world/serverconfig/curios-server.toml
[10Mar2026 09:59:32.367] [Server thread/DEBUG] [net.minecraftforge.fml.config.ConfigFileTypeHandler/CONFIG]: Watching TOML config file ./world/serverconfig/curios-server.toml for changes
[10Mar2026 09:59:32.368] [Thread-1/DEBUG] [net.minecraftforge.fml.config.ConfigFileTypeHandler/CONFIG]: Config file curios-server.toml changed, sending notifies
[10Mar2026 09:59:32.368] [Server thread/DEBUG] [net.minecraftforge.fml.config.ConfigFileTypeHandler/CONFIG]: Built TOML config for ./world/serverconfig/journeymap-server.toml
[10Mar2026 09:59:32.368] [Thread-1/DEBUG] [net.minecraftforge.fml.config.ConfigFileTypeHandler/CONFIG]: Config file curios-server.toml changed, sending notifies
[10Mar2026 09:59:32.368] [Server thread/DEBUG] [net.minecraftforge.fml.config.ConfigFileTypeHandler/CONFIG]: Loaded TOML config file ./world/serverconfig/journeymap-server.toml
[10Mar2026 09:59:32.369] [Server thread/DEBUG] [net.minecraftforge.fml.config.ConfigFileTypeHandler/CONFIG]: Watching TOML config file ./world/serverconfig/journeymap-server.toml for changes
[10Mar2026 09:59:32.370] [Server thread/INFO] [journeymap/]: Loading JourneyMap Forge Configs
[10Mar2026 09:59:32.372] [Server thread/DEBUG] [net.minecraftforge.fml.config.ConfigFileTypeHandler/CONFIG]: Built TOML config for ./world/serverconfig/sophisticatedbackpacks-server.toml
[10Mar2026 09:59:32.372] [Thread-1/DEBUG] [net.minecraftforge.fml.config.ConfigFileTypeHandler/CONFIG]: Config file journeymap-server.toml changed, sending notifies
[10Mar2026 09:59:32.372] [Thread-1/INFO] [journeymap/]: Loading JourneyMap Forge Configs
[10Mar2026 09:59:32.375] [Server thread/DEBUG] [net.minecraftforge.fml.config.ConfigFileTypeHandler/CONFIG]: Loaded TOML config file ./world/serverconfig/sophisticatedbackpacks-server.toml
[10Mar2026 09:59:32.375] [Server thread/DEBUG] [net.minecraftforge.fml.config.ConfigFileTypeHandler/CONFIG]: Watching TOML config file ./world/serverconfig/sophisticatedbackpacks-server.toml for changes
[10Mar2026 09:59:32.386] [Server thread/DEBUG] [net.minecraftforge.fml.config.ConfigFileTypeHandler/CONFIG]: Built TOML config for ./world/serverconfig/aether-server.toml
[10Mar2026 09:59:32.390] [Server thread/DEBUG] [net.minecraftforge.fml.config.ConfigFileTypeHandler/CONFIG]: Loaded TOML config file ./world/serverconfig/aether-server.toml
[10Mar2026 09:59:32.390] [Server thread/DEBUG] [net.minecraftforge.fml.config.ConfigFileTypeHandler/CONFIG]: Watching TOML config file ./world/serverconfig/aether-server.toml for changes
[10Mar2026 09:59:32.392] [Server thread/DEBUG] [net.minecraftforge.fml.config.ConfigFileTypeHandler/CONFIG]: Built TOML config for ./world/serverconfig/forge-server.toml
[10Mar2026 09:59:32.392] [Server thread/DEBUG] [net.minecraftforge.fml.config.ConfigFileTypeHandler/CONFIG]: Loaded TOML config file ./world/serverconfig/forge-server.toml
[10Mar2026 09:59:32.393] [Server thread/DEBUG] [net.minecraftforge.fml.config.ConfigFileTypeHandler/CONFIG]: Watching TOML config file ./world/serverconfig/forge-server.toml for changes
[10Mar2026 09:59:32.393] [Thread-1/DEBUG] [net.minecraftforge.fml.config.ConfigFileTypeHandler/CONFIG]: Config file sophisticatedbackpacks-server.toml changed, sending notifies
[10Mar2026 09:59:32.394] [Server thread/DEBUG] [net.minecraftforge.common.ForgeConfig/FORGEMOD]: Loaded forge config file forge-server.toml
[10Mar2026 09:59:32.395] [Thread-1/DEBUG] [net.minecraftforge.fml.config.ConfigFileTypeHandler/CONFIG]: Config file forge-server.toml changed, sending notifies
[10Mar2026 09:59:32.395] [Thread-1/DEBUG] [net.minecraftforge.common.ForgeConfig/FORGEMOD]: Forge config just got changed on the file system!
[10Mar2026 09:59:32.396] [Thread-1/DEBUG] [net.minecraftforge.fml.config.ConfigFileTypeHandler/CONFIG]: Config file forge-server.toml changed, sending notifies
[10Mar2026 09:59:32.396] [Thread-1/DEBUG] [net.minecraftforge.common.ForgeConfig/FORGEMOD]: Forge config just got changed on the file system!
[10Mar2026 09:59:32.453] [Server thread/INFO] [Framework/]: Loading server configs...
[10Mar2026 09:59:32.466] [Server thread/DEBUG] [Framework/]: Started watching config: /workspaces/Mine-cra/servidor_minecraft/config/refurbished_furniture.server.toml
[10Mar2026 09:59:32.466] [Server thread/INFO] [net.minecraft.server.dedicated.DedicatedServer/]: Preparing level "world"
[10Mar2026 09:59:32.476] [Server thread/DEBUG] [net.minecraftforge.coremod.transformer.CoreModBaseTransformer/COREMOD]: Transforming net/minecraft/world/level/levelgen/PhantomSpawner
[10Mar2026 09:59:32.498] [Server thread/DEBUG] [net.minecraftforge.coremod.transformer.CoreModBaseTransformer/COREMOD]: Transforming net/minecraft/world/level/levelgen/PatrolSpawner
[10Mar2026 09:59:32.512] [Server thread/DEBUG] [net.minecraftforge.coremod.transformer.CoreModBaseTransformer/COREMOD]: Transforming net/minecraft/world/entity/npc/CatSpawner
[10Mar2026 09:59:32.525] [Server thread/DEBUG] [net.minecraftforge.coremod.transformer.CoreModBaseTransformer/COREMOD]: Transforming net/minecraft/world/entity/ai/village/VillageSiege
[10Mar2026 09:59:35.681] [Server thread/INFO] [net.minecraft.server.MinecraftServer/]: Preparing start region for dimension minecraft:overworld
[10Mar2026 09:59:38.814] [Server thread/DEBUG] [net.minecraftforge.coremod.transformer.CoreModBaseTransformer/COREMOD]: Transforming net/minecraft/world/level/levelgen/structure/templatesystem/StructureTemplate
[10Mar2026 09:59:41.099] [Netty Epoll Server IO #1/DEBUG] [io.netty.util.Recycler/]: -Dio.netty.recycler.maxCapacityPerThread: 4096
[10Mar2026 09:59:41.099] [Netty Epoll Server IO #1/DEBUG] [io.netty.util.Recycler/]: -Dio.netty.recycler.ratio: 8
[10Mar2026 09:59:41.099] [Netty Epoll Server IO #1/DEBUG] [io.netty.util.Recycler/]: -Dio.netty.recycler.chunkSize: 32
[10Mar2026 09:59:41.100] [Netty Epoll Server IO #1/DEBUG] [io.netty.util.Recycler/]: -Dio.netty.recycler.blocking: false
[10Mar2026 09:59:41.109] [Netty Epoll Server IO #2/DEBUG] [io.netty.buffer.AbstractByteBuf/]: -Dio.netty.buffer.checkAccessible: true
[10Mar2026 09:59:41.109] [Netty Epoll Server IO #2/DEBUG] [io.netty.buffer.AbstractByteBuf/]: -Dio.netty.buffer.checkBounds: true
[10Mar2026 09:59:41.110] [Netty Epoll Server IO #2/DEBUG] [io.netty.util.ResourceLeakDetectorFactory/]: Loaded default ResourceLeakDetector: io.netty.util.ResourceLeakDetector@52fc5406
[10Mar2026 09:59:41.128] [Netty Epoll Server IO #2/INFO] [net.minecraftforge.server.ServerLifecycleHooks/SERVERHOOKS]: Disconnecting Player (server is still starting): literal{Server is still starting! Please wait before reconnecting.}
[10Mar2026 09:59:41.128] [Netty Epoll Server IO #1/INFO] [net.minecraftforge.server.ServerLifecycleHooks/SERVERHOOKS]: Disconnecting Player (server is still starting): literal{Server is still starting! Please wait before reconnecting.}
[10Mar2026 09:59:41.581] [Worker-Main-1/INFO] [net.minecraft.server.level.progress.LoggerChunkProgressListener/]: Preparing spawn area: 0%
[10Mar2026 09:59:41.582] [Worker-Main-3/INFO] [net.minecraft.server.level.progress.LoggerChunkProgressListener/]: Preparing spawn area: 0%
[10Mar2026 09:59:41.583] [Worker-Main-2/INFO] [net.minecraft.server.level.progress.LoggerChunkProgressListener/]: Preparing spawn area: 0%
[10Mar2026 09:59:41.584] [Worker-Main-1/INFO] [net.minecraft.server.level.progress.LoggerChunkProgressListener/]: Preparing spawn area: 0%
[10Mar2026 09:59:41.584] [Worker-Main-1/INFO] [net.minecraft.server.level.progress.LoggerChunkProgressListener/]: Preparing spawn area: 0%
[10Mar2026 09:59:41.585] [Worker-Main-1/INFO] [net.minecraft.server.level.progress.LoggerChunkProgressListener/]: Preparing spawn area: 0%
[10Mar2026 09:59:41.586] [Worker-Main-1/INFO] [net.minecraft.server.level.progress.LoggerChunkProgressListener/]: Preparing spawn area: 0%
[10Mar2026 09:59:41.587] [Worker-Main-1/INFO] [net.minecraft.server.level.progress.LoggerChunkProgressListener/]: Preparing spawn area: 0%
[10Mar2026 09:59:41.588] [Worker-Main-1/INFO] [net.minecraft.server.level.progress.LoggerChunkProgressListener/]: Preparing spawn area: 0%
[10Mar2026 09:59:41.590] [Worker-Main-3/INFO] [net.minecraft.server.level.progress.LoggerChunkProgressListener/]: Preparing spawn area: 0%
[10Mar2026 09:59:41.592] [Worker-Main-2/INFO] [net.minecraft.server.level.progress.LoggerChunkProgressListener/]: Preparing spawn area: 0%
[10Mar2026 09:59:41.593] [Worker-Main-2/INFO] [net.minecraft.server.level.progress.LoggerChunkProgressListener/]: Preparing spawn area: 0%
[10Mar2026 09:59:41.682] [Worker-Main-1/INFO] [net.minecraft.server.level.progress.LoggerChunkProgressListener/]: Preparing spawn area: 0%
[10Mar2026 09:59:42.183] [Worker-Main-1/INFO] [net.minecraft.server.level.progress.LoggerChunkProgressListener/]: Preparing spawn area: 4%
[10Mar2026 09:59:42.682] [Worker-Main-1/INFO] [net.minecraft.server.level.progress.LoggerChunkProgressListener/]: Preparing spawn area: 44%
[10Mar2026 09:59:43.084] [Server thread/INFO] [net.minecraft.server.level.progress.LoggerChunkProgressListener/]: Time elapsed: 7402 ms
[10Mar2026 09:59:43.085] [Server thread/INFO] [net.minecraft.server.dedicated.DedicatedServer/]: Done (10.723s)! For help, type "help"
[10Mar2026 09:59:43.095] [Server thread/DEBUG] [net.minecraftforge.network.DualStackUtils/]: Detected IPv6 address: "0:0:0:0:0:0:0:0"
[10Mar2026 09:59:43.124] [Server thread/DEBUG] [net.minecraftforge.common.ForgeI18n/CORE]: Loading I18N data entries: 5123
[10Mar2026 09:59:43.128] [Server thread/INFO] [net.minecraftforge.server.permission.PermissionAPI/]: Successfully initialized permission handler forge:default_handler
[10Mar2026 09:59:43.229] [Server thread/DEBUG] [net.minecraftforge.coremod.transformer.CoreModBaseTransformer/COREMOD]: Transforming net/minecraft/world/level/NaturalSpawner
[10Mar2026 09:59:49.837] [Netty Epoll Server IO #3/DEBUG] [net.minecraftforge.network.HandshakeHandler/FMLHANDSHAKE]: Starting new modded impl connection. Found 30 messages to dispatch.
[10Mar2026 09:59:49.843] [Server thread/DEBUG] [net.minecraftforge.network.HandshakeHandler/FMLHANDSHAKE]: Sending ticking packet info 'FrameworkConfig refurbished_furniture:server' to 'framework:handshake' sequence 0
[10Mar2026 09:59:49.897] [Server thread/DEBUG] [net.minecraftforge.network.HandshakeHandler/FMLHANDSHAKE]: Sending ticking packet info 'net.minecraftforge.network.HandshakeMessages$S2CModData' to 'fml:handshake' sequence 1
[10Mar2026 09:59:49.941] [Server thread/DEBUG] [net.minecraftforge.network.HandshakeHandler/FMLHANDSHAKE]: Sending ticking packet info 'net.minecraftforge.network.HandshakeMessages$S2CModList' to 'fml:handshake' sequence 2
[10Mar2026 09:59:49.991] [Server thread/DEBUG] [net.minecraftforge.network.HandshakeHandler/FMLHANDSHAKE]: Sending ticking packet info 'Registry minecraft:command_argument_type' to 'fml:handshake' sequence 3
[10Mar2026 09:59:50.041] [Server thread/DEBUG] [net.minecraftforge.network.HandshakeHandler/FMLHANDSHAKE]: Sending ticking packet info 'Registry minecraft:recipe_serializer' to 'fml:handshake' sequence 4
[10Mar2026 09:59:50.070] [Netty Epoll Server IO #3/DEBUG] [net.minecraftforge.network.LoginWrapper/FMLHANDSHAKE]: Recieved login wrapper packet event for channel framework:handshake with index 0
[10Mar2026 09:59:50.073] [Netty Epoll Server IO #3/DEBUG] [net.minecraftforge.network.HandshakeHandler/FMLHANDSHAKE]: Received client indexed reply 0 of type com.mrcrayfish.framework.api.network.message.HandshakeMessage$Acknowledge
[10Mar2026 09:59:50.073] [Netty Epoll Server IO #3/DEBUG] [Framework/FRAMEWORK_HANDSHAKE]: Received acknowledgement from client
[10Mar2026 09:59:50.090] [Netty Epoll Server IO #3/DEBUG] [net.minecraftforge.network.LoginWrapper/FMLHANDSHAKE]: Recieved login wrapper packet event for channel fml:handshake with index 2
[10Mar2026 09:59:50.091] [Netty Epoll Server IO #3/DEBUG] [net.minecraftforge.network.HandshakeHandler/FMLHANDSHAKE]: Received client indexed reply 2 of type net.minecraftforge.network.HandshakeMessages$C2SModListReply
[10Mar2026 09:59:50.091] [Netty Epoll Server IO #3/DEBUG] [net.minecraftforge.network.HandshakeHandler/FMLHANDSHAKE]: Received client connection with modlist [minecraft, farmersdelight, handcrafted, kuma_api, culturaldelights, geckolib, l2harvester, aether, jei, sophisticatedcore, curios, l2harvester60x, journeymap, cookingforblockheads, mixinextras, sophisticatedbackpacks, resourcefullib, cumulus_menus, balm, refurbished_furniture, nitrogen_internals, framework, fallingtree, l2library, forge, appleskin, l2harvester05x, tlskincape, fruitsdelight, enemyexpansion]
[10Mar2026 09:59:50.095] [Netty Epoll Server IO #3/DEBUG] [net.minecraftforge.network.NetworkRegistry/NETREGISTRY]: Channel 'jei:channel' : Version test of '1.0.0' from client : ACCEPTED
[10Mar2026 09:59:50.095] [Netty Epoll Server IO #3/DEBUG] [net.minecraftforge.network.NetworkRegistry/NETREGISTRY]: Channel 'cookingforblockheads:network' : Version test of '1.0' from client : ACCEPTED
[10Mar2026 09:59:50.096] [Netty Epoll Server IO #3/DEBUG] [net.minecraftforge.network.NetworkRegistry/NETREGISTRY]: Channel 'aether:main' : Version test of '1' from client : ACCEPTED
[10Mar2026 09:59:50.096] [Netty Epoll Server IO #3/DEBUG] [net.minecraftforge.network.NetworkRegistry/NETREGISTRY]: Channel 'minecraft:unregister' : Version test of 'FML3' from client : ACCEPTED
[10Mar2026 09:59:50.097] [Netty Epoll Server IO #3/DEBUG] [net.minecraftforge.network.NetworkRegistry/NETREGISTRY]: Channel 'sophisticatedbackpacks:channel' : Version test of '1' from client : ACCEPTED
[10Mar2026 09:59:50.097] [Netty Epoll Server IO #3/DEBUG] [net.minecraftforge.network.NetworkRegistry/NETREGISTRY]: Channel 'l2library:main' : Version test of '1' from client : ACCEPTED
[10Mar2026 09:59:50.097] [Netty Epoll Server IO #3/DEBUG] [net.minecraftforge.network.NetworkRegistry/NETREGISTRY]: Channel 'nitrogen_internals:main' : Version test of '1' from client : ACCEPTED
[10Mar2026 09:59:50.098] [Netty Epoll Server IO #3/DEBUG] [net.minecraftforge.network.NetworkRegistry/NETREGISTRY]: Channel 'journeymap:version' : Version test of '1' from client : ACCEPTED
[10Mar2026 09:59:50.098] [Netty Epoll Server IO #3/DEBUG] [net.minecraftforge.network.NetworkRegistry/NETREGISTRY]: Channel 'framework:play' : Version test of '1' from client : ACCEPTED
[10Mar2026 09:59:50.099] [Netty Epoll Server IO #3/DEBUG] [net.minecraftforge.network.NetworkRegistry/NETREGISTRY]: Channel 'fallingtree:main' : Version test of '1' from client : ACCEPTED
[10Mar2026 09:59:50.099] [Netty Epoll Server IO #3/DEBUG] [net.minecraftforge.network.NetworkRegistry/NETREGISTRY]: Channel 'curios:main' : Version test of '1' from client : ACCEPTED
[10Mar2026 09:59:50.099] [Netty Epoll Server IO #3/DEBUG] [net.minecraftforge.network.NetworkRegistry/NETREGISTRY]: Channel 'worldinfo:world_id' : Version test of '1' from client : ACCEPTED
[10Mar2026 09:59:50.100] [Netty Epoll Server IO #3/DEBUG] [net.minecraftforge.network.NetworkRegistry/NETREGISTRY]: Channel 'balm:network' : Version test of '1.0' from client : ACCEPTED
[10Mar2026 09:59:50.100] [Netty Epoll Server IO #3/DEBUG] [net.minecraftforge.network.NetworkRegistry/NETREGISTRY]: Channel 'appleskin:sync' : Version test of '1' from client : ACCEPTED
[10Mar2026 09:59:50.101] [Netty Epoll Server IO #3/DEBUG] [net.minecraftforge.network.NetworkRegistry/NETREGISTRY]: Channel 'journeymap:admin_req' : Version test of '1' from client : ACCEPTED
[10Mar2026 09:59:50.101] [Netty Epoll Server IO #3/DEBUG] [net.minecraftforge.network.NetworkRegistry/NETREGISTRY]: Channel 'journeymap:mp_options_req' : Version test of '1' from client : ACCEPTED
[10Mar2026 09:59:50.102] [Netty Epoll Server IO #3/DEBUG] [net.minecraftforge.network.NetworkRegistry/NETREGISTRY]: Channel 'journeymap:waypoint' : Version test of '1' from client : ACCEPTED
[10Mar2026 09:59:50.102] [Netty Epoll Server IO #3/DEBUG] [net.minecraftforge.network.NetworkRegistry/NETREGISTRY]: Channel 'framework:handshake' : Version test of '1' from client : ACCEPTED
[10Mar2026 09:59:50.102] [Netty Epoll Server IO #3/DEBUG] [net.minecraftforge.network.NetworkRegistry/NETREGISTRY]: Channel 'fml:loginwrapper' : Version test of 'FML3' from client : ACCEPTED
[10Mar2026 09:59:50.103] [Netty Epoll Server IO #3/DEBUG] [net.minecraftforge.network.NetworkRegistry/NETREGISTRY]: Channel 'forge:tier_sorting' : Version test of '1.0' from client : ACCEPTED
[10Mar2026 09:59:50.104] [Server thread/DEBUG] [net.minecraftforge.network.HandshakeHandler/FMLHANDSHAKE]: Sending ticking packet info 'Registry aether:moa_type' to 'fml:handshake' sequence 5
[10Mar2026 09:59:50.104] [Netty Epoll Server IO #3/DEBUG] [net.minecraftforge.network.NetworkRegistry/NETREGISTRY]: Channel 'fml:play' : Version test of 'FML3' from client : ACCEPTED
[10Mar2026 09:59:50.104] [Netty Epoll Server IO #3/DEBUG] [net.minecraftforge.network.NetworkRegistry/NETREGISTRY]: Channel 'journeymap:admin_save' : Version test of '1' from client : ACCEPTED
[10Mar2026 09:59:50.104] [Netty Epoll Server IO #3/DEBUG] [net.minecraftforge.network.NetworkRegistry/NETREGISTRY]: Channel 'journeymap:player_loc' : Version test of '1' from client : ACCEPTED
[10Mar2026 09:59:50.104] [Netty Epoll Server IO #3/DEBUG] [net.minecraftforge.network.NetworkRegistry/NETREGISTRY]: Channel 'sophisticatedcore:channel' : Version test of '1' from client : ACCEPTED
[10Mar2026 09:59:50.104] [Netty Epoll Server IO #3/DEBUG] [net.minecraftforge.network.NetworkRegistry/NETREGISTRY]: Channel 'journeymap:teleport_req' : Version test of '1' from client : ACCEPTED
[10Mar2026 09:59:50.104] [Netty Epoll Server IO #3/DEBUG] [net.minecraftforge.network.NetworkRegistry/NETREGISTRY]: Channel 'fml:handshake' : Version test of 'FML3' from client : ACCEPTED
[10Mar2026 09:59:50.104] [Netty Epoll Server IO #3/DEBUG] [net.minecraftforge.network.NetworkRegistry/NETREGISTRY]: Channel 'journeymap:common' : Version test of '1' from client : ACCEPTED
[10Mar2026 09:59:50.104] [Netty Epoll Server IO #3/DEBUG] [net.minecraftforge.network.NetworkRegistry/NETREGISTRY]: Channel 'fruitsdelight:main' : Version test of '1' from client : ACCEPTED
[10Mar2026 09:59:50.104] [Netty Epoll Server IO #3/DEBUG] [net.minecraftforge.network.NetworkRegistry/NETREGISTRY]: Channel 'minecraft:register' : Version test of 'FML3' from client : ACCEPTED
[10Mar2026 09:59:50.104] [Netty Epoll Server IO #3/DEBUG] [net.minecraftforge.network.NetworkRegistry/NETREGISTRY]: Channel 'forge:split' : Version test of '1.1' from client : ACCEPTED
[10Mar2026 09:59:50.104] [Netty Epoll Server IO #3/DEBUG] [net.minecraftforge.network.NetworkRegistry/NETREGISTRY]: Channel 'journeymap:perm_req' : Version test of '1' from client : ACCEPTED
[10Mar2026 09:59:50.104] [Netty Epoll Server IO #3/DEBUG] [net.minecraftforge.network.NetworkRegistry/NETREGISTRY]: Channel 'geckolib:main' : Version test of '1' from client : ACCEPTED
[10Mar2026 09:59:50.104] [Netty Epoll Server IO #3/DEBUG] [net.minecraftforge.network.NetworkRegistry/NETREGISTRY]: Channel 'enemyexpansion:enemyexpansion' : Version test of '1' from client : ACCEPTED
[10Mar2026 09:59:50.104] [Netty Epoll Server IO #3/DEBUG] [net.minecraftforge.network.NetworkRegistry/NETREGISTRY]: Channel 'refurbished_furniture:play' : Version test of '1' from client : ACCEPTED
[10Mar2026 09:59:50.104] [Netty Epoll Server IO #3/DEBUG] [net.minecraftforge.network.NetworkRegistry/NETREGISTRY]: Accepting channel list from client
[10Mar2026 09:59:50.106] [Netty Epoll Server IO #3/DEBUG] [net.minecraftforge.network.HandshakeHandler/FMLHANDSHAKE]: Accepted client connection mod list
[10Mar2026 09:59:50.139] [Netty Epoll Server IO #3/DEBUG] [net.minecraftforge.network.LoginWrapper/FMLHANDSHAKE]: Recieved login wrapper packet event for channel fml:handshake with index 3
[10Mar2026 09:59:50.139] [Netty Epoll Server IO #3/DEBUG] [net.minecraftforge.network.HandshakeHandler/FMLHANDSHAKE]: Received client indexed reply 3 of type net.minecraftforge.network.HandshakeMessages$C2SAcknowledge
[10Mar2026 09:59:50.139] [Netty Epoll Server IO #3/DEBUG] [net.minecraftforge.network.HandshakeHandler/FMLHANDSHAKE]: Received acknowledgement from client
[10Mar2026 09:59:50.141] [Server thread/DEBUG] [net.minecraftforge.network.HandshakeHandler/FMLHANDSHAKE]: Sending ticking packet info 'Registry minecraft:sound_event' to 'fml:handshake' sequence 6
[10Mar2026 09:59:50.174] [Netty Epoll Server IO #3/DEBUG] [net.minecraftforge.network.LoginWrapper/FMLHANDSHAKE]: Recieved login wrapper packet event for channel fml:handshake with index 4
[10Mar2026 09:59:50.175] [Netty Epoll Server IO #3/DEBUG] [net.minecraftforge.network.HandshakeHandler/FMLHANDSHAKE]: Received client indexed reply 4 of type net.minecraftforge.network.HandshakeMessages$C2SAcknowledge
[10Mar2026 09:59:50.175] [Netty Epoll Server IO #3/DEBUG] [net.minecraftforge.network.HandshakeHandler/FMLHANDSHAKE]: Received acknowledgement from client
[10Mar2026 09:59:50.191] [Server thread/DEBUG] [net.minecraftforge.network.HandshakeHandler/FMLHANDSHAKE]: Sending ticking packet info 'Registry minecraft:particle_type' to 'fml:handshake' sequence 7
[10Mar2026 09:59:50.238] [Netty Epoll Server IO #3/DEBUG] [net.minecraftforge.network.LoginWrapper/FMLHANDSHAKE]: Recieved login wrapper packet event for channel fml:handshake with index 5
[10Mar2026 09:59:50.239] [Netty Epoll Server IO #3/DEBUG] [net.minecraftforge.network.HandshakeHandler/FMLHANDSHAKE]: Received client indexed reply 5 of type net.minecraftforge.network.HandshakeMessages$C2SAcknowledge
[10Mar2026 09:59:50.239] [Netty Epoll Server IO #3/DEBUG] [net.minecraftforge.network.HandshakeHandler/FMLHANDSHAKE]: Received acknowledgement from client
[10Mar2026 09:59:50.241] [Server thread/DEBUG] [net.minecraftforge.network.HandshakeHandler/FMLHANDSHAKE]: Sending ticking packet info 'Registry minecraft:villager_profession' to 'fml:handshake' sequence 8
[10Mar2026 09:59:50.291] [Server thread/DEBUG] [net.minecraftforge.network.HandshakeHandler/FMLHANDSHAKE]: Sending ticking packet info 'Registry minecraft:item' to 'fml:handshake' sequence 9
[10Mar2026 09:59:50.342] [Server thread/DEBUG] [net.minecraftforge.network.HandshakeHandler/FMLHANDSHAKE]: Sending ticking packet info 'Registry minecraft:potion' to 'fml:handshake' sequence 10
[10Mar2026 09:59:50.389] [Server thread/DEBUG] [net.minecraftforge.network.HandshakeHandler/FMLHANDSHAKE]: Sending ticking packet info 'Registry minecraft:painting_variant' to 'fml:handshake' sequence 11
[10Mar2026 09:59:50.441] [Server thread/DEBUG] [net.minecraftforge.network.HandshakeHandler/FMLHANDSHAKE]: Sending ticking packet info 'Registry forge:fluid_type' to 'fml:handshake' sequence 12
[10Mar2026 09:59:50.459] [Netty Epoll Server IO #3/DEBUG] [net.minecraftforge.network.LoginWrapper/FMLHANDSHAKE]: Recieved login wrapper packet event for channel fml:handshake with index 6
[10Mar2026 09:59:50.459] [Netty Epoll Server IO #3/DEBUG] [net.minecraftforge.network.HandshakeHandler/FMLHANDSHAKE]: Received client indexed reply 6 of type net.minecraftforge.network.HandshakeMessages$C2SAcknowledge
[10Mar2026 09:59:50.459] [Netty Epoll Server IO #3/DEBUG] [net.minecraftforge.network.HandshakeHandler/FMLHANDSHAKE]: Received acknowledgement from client
[10Mar2026 09:59:50.460] [Netty Epoll Server IO #3/DEBUG] [net.minecraftforge.network.LoginWrapper/FMLHANDSHAKE]: Recieved login wrapper packet event for channel fml:handshake with index 7
[10Mar2026 09:59:50.460] [Netty Epoll Server IO #3/DEBUG] [net.minecraftforge.network.HandshakeHandler/FMLHANDSHAKE]: Received client indexed reply 7 of type net.minecraftforge.network.HandshakeMessages$C2SAcknowledge
[10Mar2026 09:59:50.460] [Netty Epoll Server IO #3/DEBUG] [net.minecraftforge.network.HandshakeHandler/FMLHANDSHAKE]: Received acknowledgement from client
[10Mar2026 09:59:50.460] [Netty Epoll Server IO #3/DEBUG] [net.minecraftforge.network.LoginWrapper/FMLHANDSHAKE]: Recieved login wrapper packet event for channel fml:handshake with index 8
[10Mar2026 09:59:50.460] [Netty Epoll Server IO #3/DEBUG] [net.minecraftforge.network.HandshakeHandler/FMLHANDSHAKE]: Received client indexed reply 8 of type net.minecraftforge.network.HandshakeMessages$C2SAcknowledge
[10Mar2026 09:59:50.460] [Netty Epoll Server IO #3/DEBUG] [net.minecraftforge.network.HandshakeHandler/FMLHANDSHAKE]: Received acknowledgement from client
[10Mar2026 09:59:50.490] [Server thread/DEBUG] [net.minecraftforge.network.HandshakeHandler/FMLHANDSHAKE]: Sending ticking packet info 'Registry minecraft:block_entity_type' to 'fml:handshake' sequence 13
[10Mar2026 09:59:50.541] [Server thread/DEBUG] [net.minecraftforge.network.HandshakeHandler/FMLHANDSHAKE]: Sending ticking packet info 'Registry forge:display_contexts' to 'fml:handshake' sequence 14
[10Mar2026 09:59:50.591] [Server thread/DEBUG] [net.minecraftforge.network.HandshakeHandler/FMLHANDSHAKE]: Sending ticking packet info 'Registry minecraft:block' to 'fml:handshake' sequence 15
[10Mar2026 09:59:50.641] [Server thread/DEBUG] [net.minecraftforge.network.HandshakeHandler/FMLHANDSHAKE]: Sending ticking packet info 'Registry forge:entity_data_serializers' to 'fml:handshake' sequence 16
[10Mar2026 09:59:50.690] [Netty Epoll Server IO #3/DEBUG] [net.minecraftforge.network.LoginWrapper/FMLHANDSHAKE]: Recieved login wrapper packet event for channel fml:handshake with index 9
[10Mar2026 09:59:50.690] [Netty Epoll Server IO #3/DEBUG] [net.minecraftforge.network.HandshakeHandler/FMLHANDSHAKE]: Received client indexed reply 9 of type net.minecraftforge.network.HandshakeMessages$C2SAcknowledge
[10Mar2026 09:59:50.690] [Netty Epoll Server IO #3/DEBUG] [net.minecraftforge.network.HandshakeHandler/FMLHANDSHAKE]: Received acknowledgement from client
[10Mar2026 09:59:50.690] [Netty Epoll Server IO #3/DEBUG] [net.minecraftforge.network.LoginWrapper/FMLHANDSHAKE]: Recieved login wrapper packet event for channel fml:handshake with index 10
[10Mar2026 09:59:50.690] [Netty Epoll Server IO #3/DEBUG] [net.minecraftforge.network.HandshakeHandler/FMLHANDSHAKE]: Received client indexed reply 10 of type net.minecraftforge.network.HandshakeMessages$C2SAcknowledge
[10Mar2026 09:59:50.691] [Netty Epoll Server IO #3/DEBUG] [net.minecraftforge.network.HandshakeHandler/FMLHANDSHAKE]: Received acknowledgement from client
[10Mar2026 09:59:50.691] [Netty Epoll Server IO #3/DEBUG] [net.minecraftforge.network.LoginWrapper/FMLHANDSHAKE]: Recieved login wrapper packet event for channel fml:handshake with index 11
[10Mar2026 09:59:50.691] [Netty Epoll Server IO #3/DEBUG] [net.minecraftforge.network.HandshakeHandler/FMLHANDSHAKE]: Received client indexed reply 11 of type net.minecraftforge.network.HandshakeMessages$C2SAcknowledge
[10Mar2026 09:59:50.691] [Netty Epoll Server IO #3/DEBUG] [net.minecraftforge.network.HandshakeHandler/FMLHANDSHAKE]: Received acknowledgement from client
[10Mar2026 09:59:50.691] [Server thread/DEBUG] [net.minecraftforge.network.HandshakeHandler/FMLHANDSHAKE]: Sending ticking packet info 'Registry minecraft:mob_effect' to 'fml:handshake' sequence 17
[10Mar2026 09:59:50.691] [Netty Epoll Server IO #3/DEBUG] [net.minecraftforge.network.LoginWrapper/FMLHANDSHAKE]: Recieved login wrapper packet event for channel fml:handshake with index 12
[10Mar2026 09:59:50.691] [Netty Epoll Server IO #3/DEBUG] [net.minecraftforge.network.HandshakeHandler/FMLHANDSHAKE]: Received client indexed reply 12 of type net.minecraftforge.network.HandshakeMessages$C2SAcknowledge
[10Mar2026 09:59:50.691] [Netty Epoll Server IO #3/DEBUG] [net.minecraftforge.network.HandshakeHandler/FMLHANDSHAKE]: Received acknowledgement from client
[10Mar2026 09:59:50.692] [Netty Epoll Server IO #3/DEBUG] [net.minecraftforge.network.LoginWrapper/FMLHANDSHAKE]: Recieved login wrapper packet event for channel fml:handshake with index 13
[10Mar2026 09:59:50.692] [Netty Epoll Server IO #3/DEBUG] [net.minecraftforge.network.HandshakeHandler/FMLHANDSHAKE]: Received client indexed reply 13 of type net.minecraftforge.network.HandshakeMessages$C2SAcknowledge
[10Mar2026 09:59:50.692] [Netty Epoll Server IO #3/DEBUG] [net.minecraftforge.network.HandshakeHandler/FMLHANDSHAKE]: Received acknowledgement from client
[10Mar2026 09:59:50.692] [Netty Epoll Server IO #3/DEBUG] [net.minecraftforge.network.LoginWrapper/FMLHANDSHAKE]: Recieved login wrapper packet event for channel fml:handshake with index 14
[10Mar2026 09:59:50.692] [Netty Epoll Server IO #3/DEBUG] [net.minecraftforge.network.HandshakeHandler/FMLHANDSHAKE]: Received client indexed reply 14 of type net.minecraftforge.network.HandshakeMessages$C2SAcknowledge
[10Mar2026 09:59:50.692] [Netty Epoll Server IO #3/DEBUG] [net.minecraftforge.network.HandshakeHandler/FMLHANDSHAKE]: Received acknowledgement from client
[10Mar2026 09:59:50.741] [Server thread/DEBUG] [net.minecraftforge.network.HandshakeHandler/FMLHANDSHAKE]: Sending ticking packet info 'Registry minecraft:stat_type' to 'fml:handshake' sequence 18
[10Mar2026 09:59:50.790] [Server thread/DEBUG] [net.minecraftforge.network.HandshakeHandler/FMLHANDSHAKE]: Sending ticking packet info 'Registry minecraft:menu' to 'fml:handshake' sequence 19
[10Mar2026 09:59:50.840] [Server thread/DEBUG] [net.minecraftforge.network.HandshakeHandler/FMLHANDSHAKE]: Sending ticking packet info 'Registry minecraft:enchantment' to 'fml:handshake' sequence 20
[10Mar2026 09:59:50.869] [Netty Epoll Server IO #3/DEBUG] [net.minecraftforge.network.LoginWrapper/FMLHANDSHAKE]: Recieved login wrapper packet event for channel fml:handshake with index 15
[10Mar2026 09:59:50.870] [Netty Epoll Server IO #3/DEBUG] [net.minecraftforge.network.HandshakeHandler/FMLHANDSHAKE]: Received client indexed reply 15 of type net.minecraftforge.network.HandshakeMessages$C2SAcknowledge
[10Mar2026 09:59:50.870] [Netty Epoll Server IO #3/DEBUG] [net.minecraftforge.network.HandshakeHandler/FMLHANDSHAKE]: Received acknowledgement from client
[10Mar2026 09:59:50.870] [Netty Epoll Server IO #3/DEBUG] [net.minecraftforge.network.LoginWrapper/FMLHANDSHAKE]: Recieved login wrapper packet event for channel fml:handshake with index 16
[10Mar2026 09:59:50.870] [Netty Epoll Server IO #3/DEBUG] [net.minecraftforge.network.HandshakeHandler/FMLHANDSHAKE]: Received client indexed reply 16 of type net.minecraftforge.network.HandshakeMessages$C2SAcknowledge
[10Mar2026 09:59:50.870] [Netty Epoll Server IO #3/DEBUG] [net.minecraftforge.network.HandshakeHandler/FMLHANDSHAKE]: Received acknowledgement from client
[10Mar2026 09:59:50.871] [Netty Epoll Server IO #3/DEBUG] [net.minecraftforge.network.LoginWrapper/FMLHANDSHAKE]: Recieved login wrapper packet event for channel fml:handshake with index 17
[10Mar2026 09:59:50.871] [Netty Epoll Server IO #3/DEBUG] [net.minecraftforge.network.HandshakeHandler/FMLHANDSHAKE]: Received client indexed reply 17 of type net.minecraftforge.network.HandshakeMessages$C2SAcknowledge
[10Mar2026 09:59:50.871] [Netty Epoll Server IO #3/DEBUG] [net.minecraftforge.network.HandshakeHandler/FMLHANDSHAKE]: Received acknowledgement from client
[10Mar2026 09:59:50.871] [Netty Epoll Server IO #3/DEBUG] [net.minecraftforge.network.LoginWrapper/FMLHANDSHAKE]: Recieved login wrapper packet event for channel fml:handshake with index 18
[10Mar2026 09:59:50.871] [Netty Epoll Server IO #3/DEBUG] [net.minecraftforge.network.HandshakeHandler/FMLHANDSHAKE]: Received client indexed reply 18 of type net.minecraftforge.network.HandshakeMessages$C2SAcknowledge
[10Mar2026 09:59:50.871] [Netty Epoll Server IO #3/DEBUG] [net.minecraftforge.network.HandshakeHandler/FMLHANDSHAKE]: Received acknowledgement from client
[10Mar2026 09:59:50.891] [Server thread/DEBUG] [net.minecraftforge.network.HandshakeHandler/FMLHANDSHAKE]: Sending ticking packet info 'Registry minecraft:fluid' to 'fml:handshake' sequence 21
[10Mar2026 09:59:50.921] [Netty Epoll Server IO #3/DEBUG] [net.minecraftforge.network.LoginWrapper/FMLHANDSHAKE]: Recieved login wrapper packet event for channel fml:handshake with index 19
[10Mar2026 09:59:50.921] [Netty Epoll Server IO #3/DEBUG] [net.minecraftforge.network.HandshakeHandler/FMLHANDSHAKE]: Received client indexed reply 19 of type net.minecraftforge.network.HandshakeMessages$C2SAcknowledge
[10Mar2026 09:59:50.921] [Netty Epoll Server IO #3/DEBUG] [net.minecraftforge.network.HandshakeHandler/FMLHANDSHAKE]: Received acknowledgement from client
[10Mar2026 09:59:50.941] [Server thread/DEBUG] [net.minecraftforge.network.HandshakeHandler/FMLHANDSHAKE]: Sending ticking packet info 'Registry minecraft:entity_type' to 'fml:handshake' sequence 22
[10Mar2026 09:59:50.973] [Netty Epoll Server IO #3/DEBUG] [net.minecraftforge.network.LoginWrapper/FMLHANDSHAKE]: Recieved login wrapper packet event for channel fml:handshake with index 20
[10Mar2026 09:59:50.973] [Netty Epoll Server IO #3/DEBUG] [net.minecraftforge.network.HandshakeHandler/FMLHANDSHAKE]: Received client indexed reply 20 of type net.minecraftforge.network.HandshakeMessages$C2SAcknowledge
[10Mar2026 09:59:50.973] [Netty Epoll Server IO #3/DEBUG] [net.minecraftforge.network.HandshakeHandler/FMLHANDSHAKE]: Received acknowledgement from client
[10Mar2026 09:59:50.991] [Server thread/DEBUG] [net.minecraftforge.network.HandshakeHandler/FMLHANDSHAKE]: Sending ticking packet info 'Registry aether:advancement_sound_override' to 'fml:handshake' sequence 23
[10Mar2026 09:59:51.025] [Netty Epoll Server IO #3/DEBUG] [net.minecraftforge.network.LoginWrapper/FMLHANDSHAKE]: Recieved login wrapper packet event for channel fml:handshake with index 21
[10Mar2026 09:59:51.026] [Netty Epoll Server IO #3/DEBUG] [net.minecraftforge.network.HandshakeHandler/FMLHANDSHAKE]: Received client indexed reply 21 of type net.minecraftforge.network.HandshakeMessages$C2SAcknowledge
[10Mar2026 09:59:51.026] [Netty Epoll Server IO #3/DEBUG] [net.minecraftforge.network.HandshakeHandler/FMLHANDSHAKE]: Received acknowledgement from client
[10Mar2026 09:59:51.040] [Server thread/DEBUG] [net.minecraftforge.network.HandshakeHandler/FMLHANDSHAKE]: Sending ticking packet info 'Config curios-server.toml' to 'fml:handshake' sequence 24
[10Mar2026 09:59:51.072] [Netty Epoll Server IO #3/DEBUG] [net.minecraftforge.network.LoginWrapper/FMLHANDSHAKE]: Recieved login wrapper packet event for channel fml:handshake with index 22
[10Mar2026 09:59:51.073] [Netty Epoll Server IO #3/DEBUG] [net.minecraftforge.network.HandshakeHandler/FMLHANDSHAKE]: Received client indexed reply 22 of type net.minecraftforge.network.HandshakeMessages$C2SAcknowledge
[10Mar2026 09:59:51.073] [Netty Epoll Server IO #3/DEBUG] [net.minecraftforge.network.HandshakeHandler/FMLHANDSHAKE]: Received acknowledgement from client
[10Mar2026 09:59:51.090] [Server thread/DEBUG] [net.minecraftforge.network.HandshakeHandler/FMLHANDSHAKE]: Sending ticking packet info 'Config journeymap-server.toml' to 'fml:handshake' sequence 25
[10Mar2026 09:59:51.140] [Server thread/DEBUG] [net.minecraftforge.network.HandshakeHandler/FMLHANDSHAKE]: Sending ticking packet info 'Config sophisticatedbackpacks-server.toml' to 'fml:handshake' sequence 26
[10Mar2026 09:59:51.191] [Server thread/DEBUG] [net.minecraftforge.network.HandshakeHandler/FMLHANDSHAKE]: Sending ticking packet info 'Config aether-server.toml' to 'fml:handshake' sequence 27
[10Mar2026 09:59:51.239] [Server thread/DEBUG] [net.minecraftforge.network.HandshakeHandler/FMLHANDSHAKE]: Sending ticking packet info 'Config jei-server.toml' to 'fml:handshake' sequence 28
[10Mar2026 09:59:51.290] [Server thread/DEBUG] [net.minecraftforge.network.HandshakeHandler/FMLHANDSHAKE]: Sending ticking packet info 'Config forge-server.toml' to 'fml:handshake' sequence 29
[10Mar2026 09:59:55.596] [Netty Epoll Server IO #3/DEBUG] [net.minecraftforge.network.LoginWrapper/FMLHANDSHAKE]: Recieved login wrapper packet event for channel fml:handshake with index 23
[10Mar2026 09:59:55.596] [Netty Epoll Server IO #3/DEBUG] [net.minecraftforge.network.HandshakeHandler/FMLHANDSHAKE]: Received client indexed reply 23 of type net.minecraftforge.network.HandshakeMessages$C2SAcknowledge
[10Mar2026 09:59:55.596] [Netty Epoll Server IO #3/DEBUG] [net.minecraftforge.network.HandshakeHandler/FMLHANDSHAKE]: Received acknowledgement from client
[10Mar2026 09:59:55.598] [Netty Epoll Server IO #3/DEBUG] [net.minecraftforge.network.LoginWrapper/FMLHANDSHAKE]: Recieved login wrapper packet event for channel fml:handshake with index 24
[10Mar2026 09:59:55.598] [Netty Epoll Server IO #3/DEBUG] [net.minecraftforge.network.HandshakeHandler/FMLHANDSHAKE]: Received client indexed reply 24 of type net.minecraftforge.network.HandshakeMessages$C2SAcknowledge
[10Mar2026 09:59:55.598] [Netty Epoll Server IO #3/DEBUG] [net.minecraftforge.network.HandshakeHandler/FMLHANDSHAKE]: Received acknowledgement from client
[10Mar2026 09:59:55.602] [Netty Epoll Server IO #3/DEBUG] [net.minecraftforge.network.LoginWrapper/FMLHANDSHAKE]: Recieved login wrapper packet event for channel fml:handshake with index 25
[10Mar2026 09:59:55.602] [Netty Epoll Server IO #3/DEBUG] [net.minecraftforge.network.HandshakeHandler/FMLHANDSHAKE]: Received client indexed reply 25 of type net.minecraftforge.network.HandshakeMessages$C2SAcknowledge
[10Mar2026 09:59:55.602] [Netty Epoll Server IO #3/DEBUG] [net.minecraftforge.network.HandshakeHandler/FMLHANDSHAKE]: Received acknowledgement from client
[10Mar2026 09:59:55.610] [Netty Epoll Server IO #3/DEBUG] [net.minecraftforge.network.LoginWrapper/FMLHANDSHAKE]: Recieved login wrapper packet event for channel fml:handshake with index 26
[10Mar2026 09:59:55.611] [Netty Epoll Server IO #3/DEBUG] [net.minecraftforge.network.HandshakeHandler/FMLHANDSHAKE]: Received client indexed reply 26 of type net.minecraftforge.network.HandshakeMessages$C2SAcknowledge
[10Mar2026 09:59:55.611] [Netty Epoll Server IO #3/DEBUG] [net.minecraftforge.network.HandshakeHandler/FMLHANDSHAKE]: Received acknowledgement from client
[10Mar2026 09:59:55.612] [Netty Epoll Server IO #3/DEBUG] [net.minecraftforge.network.LoginWrapper/FMLHANDSHAKE]: Recieved login wrapper packet event for channel fml:handshake with index 27
[10Mar2026 09:59:55.612] [Netty Epoll Server IO #3/DEBUG] [net.minecraftforge.network.HandshakeHandler/FMLHANDSHAKE]: Received client indexed reply 27 of type net.minecraftforge.network.HandshakeMessages$C2SAcknowledge
[10Mar2026 09:59:55.612] [Netty Epoll Server IO #3/DEBUG] [net.minecraftforge.network.HandshakeHandler/FMLHANDSHAKE]: Received acknowledgement from client
[10Mar2026 09:59:55.612] [Netty Epoll Server IO #3/DEBUG] [net.minecraftforge.network.LoginWrapper/FMLHANDSHAKE]: Recieved login wrapper packet event for channel fml:handshake with index 28
[10Mar2026 09:59:55.612] [Netty Epoll Server IO #3/DEBUG] [net.minecraftforge.network.HandshakeHandler/FMLHANDSHAKE]: Received client indexed reply 28 of type net.minecraftforge.network.HandshakeMessages$C2SAcknowledge
[10Mar2026 09:59:55.612] [Netty Epoll Server IO #3/DEBUG] [net.minecraftforge.network.HandshakeHandler/FMLHANDSHAKE]: Received acknowledgement from client
[10Mar2026 09:59:55.615] [Netty Epoll Server IO #3/DEBUG] [net.minecraftforge.network.LoginWrapper/FMLHANDSHAKE]: Recieved login wrapper packet event for channel fml:handshake with index 29
[10Mar2026 09:59:55.615] [Netty Epoll Server IO #3/DEBUG] [net.minecraftforge.network.HandshakeHandler/FMLHANDSHAKE]: Received client indexed reply 29 of type net.minecraftforge.network.HandshakeMessages$C2SAcknowledge
[10Mar2026 09:59:55.615] [Netty Epoll Server IO #3/DEBUG] [net.minecraftforge.network.HandshakeHandler/FMLHANDSHAKE]: Received acknowledgement from client
[10Mar2026 09:59:55.639] [Server thread/DEBUG] [net.minecraftforge.network.HandshakeHandler/FMLHANDSHAKE]: Handshake complete!
[10Mar2026 09:59:55.708] [Server thread/DEBUG] [mixin/]: Mixing FoodDataMixin from fruitsdelight.mixins.json into net.minecraft.world.food.FoodData
[10Mar2026 09:59:55.920] [Server thread/INFO] [net.minecraft.server.players.PlayerList/]: CAMILO[/127.101.61.246:45513] logged in with entity id 59 at (8.5, 105.0, 85.26649997010094)
[10Mar2026 09:59:55.931] [Server thread/DEBUG] [net.minecraftforge.network.filters.NetworkFilters/]: Injected net.minecraftforge.network.filters.ForgeConnectionNetworkFilter@18a96d70 into net.minecraft.network.Connection@38a79fe2
[10Mar2026 09:59:56.078] [Server thread/INFO] [net.minecraft.server.MinecraftServer/]: CAMILO joined the game
[10Mar2026 09:59:58.413] [Server thread/WARN] [net.minecraft.server.MinecraftServer/]: Can't keep up! Is the server overloaded? Running 2627ms or 52 ticks behind
[10Mar2026 09:59:58.591] [Server thread/DEBUG] [mixin/]: Mixing MixinPiglinAi from curios.mixins.json into net.minecraft.world.entity.monster.piglin.PiglinAi
[10Mar2026 09:59:58.863] [Server thread/DEBUG] [io.netty.util.internal.ThreadLocalRandom/]: -Dio.netty.initialSeedUniquifier: 0xef3dcd806b04fe41
[10Mar2026 10:00:29.057] [Server thread/INFO] [net.minecraft.server.MinecraftServer/]: [CAMILO: Set own game mode to Creative Mode]
[10Mar2026 10:00:39.939] [Worker-Main-2/DEBUG] [mixin/]: Mixing common.accessor.WorldGenRegionAccessor from aether.mixins.json into net.minecraft.server.level.WorldGenRegion
[10Mar2026 10:00:44.466] [Server thread/INFO] [net.minecraft.server.MinecraftServer/]: [CAMILO: Set own game mode to Survival Mode]
[10Mar2026 10:04:14.496] [Server thread/INFO] [net.minecraft.server.MinecraftServer/]: CAMILO was slain by Piglin
[10Mar2026 10:04:33.233] [Server thread/DEBUG] [MrCrayfish's Furniture Mod: Refurbished/]: Stopping ticking node at BlockPos{x=14, y=126, z=571}
[10Mar2026 10:04:33.233] [Server thread/DEBUG] [MrCrayfish's Furniture Mod: Refurbished/]: Stopping ticking node at BlockPos{x=16, y=125, z=569}
[10Mar2026 10:04:33.234] [Server thread/DEBUG] [MrCrayfish's Furniture Mod: Refurbished/]: Stopping ticking node at BlockPos{x=18, y=125, z=569}
[10Mar2026 10:04:33.234] [Server thread/DEBUG] [MrCrayfish's Furniture Mod: Refurbished/]: Stopping ticking node at BlockPos{x=17, y=125, z=569}
[10Mar2026 10:04:44.231] [Server thread/INFO] [net.minecraft.server.MinecraftServer/]: [CAMILO: Set own game mode to Spectator Mode]
[10Mar2026 10:04:45.849] [Server thread/DEBUG] [net.minecraftforge.common.ForgeHooks/WP]: Gathering id map for writing to world save world
[10Mar2026 10:04:45.865] [Server thread/DEBUG] [net.minecraftforge.common.ForgeHooks/WP]: ID Map collection complete world
[10Mar2026 10:05:04.796] [Server thread/INFO] [net.minecraft.server.MinecraftServer/]: [CAMILO: Set own game mode to Survival Mode]
[10Mar2026 10:05:42.212] [Server thread/INFO] [net.minecraft.server.MinecraftServer/]: [CAMILO: Set own game mode to Spectator Mode]
[10Mar2026 10:06:18.571] [Server thread/INFO] [net.minecraft.server.MinecraftServer/]: [CAMILO: Set own game mode to Survival Mode]
[10Mar2026 10:06:29.259] [Server thread/INFO] [net.minecraft.server.MinecraftServer/]: [CAMILO: Set own game mode to Spectator Mode]
[10Mar2026 10:06:38.369] [Server thread/INFO] [net.minecraft.server.MinecraftServer/]: [CAMILO: Set own game mode to Survival Mode]
[10Mar2026 10:06:41.922] [Server thread/INFO] [net.minecraft.server.MinecraftServer/]: CAMILO has made the advancement [Who is Cutting Onions?]
[10Mar2026 10:06:56.950] [Server thread/INFO] [net.minecraft.server.MinecraftServer/]: CAMILO has made the advancement [Hidden in the Depths]
[10Mar2026 10:07:06.982] [Server thread/INFO] [net.minecraft.server.MinecraftServer/]: [CAMILO: Set own game mode to Spectator Mode]
[10Mar2026 10:07:37.771] [Server thread/INFO] [net.minecraft.server.MinecraftServer/]: [CAMILO: Set own game mode to Survival Mode]
[10Mar2026 10:08:23.102] [Server thread/INFO] [net.minecraft.server.MinecraftServer/]: [CAMILO: Set own game mode to Spectator Mode]
[10Mar2026 10:09:01.730] [Server thread/INFO] [net.minecraft.server.MinecraftServer/]: [CAMILO: Set own game mode to Survival Mode]
[10Mar2026 10:09:24.744] [Server thread/INFO] [net.minecraft.server.MinecraftServer/]: CAMILO was slain by Piglin Brute
[10Mar2026 10:09:33.171] [Server thread/DEBUG] [MrCrayfish's Furniture Mod: Refurbished/]: Stopping ticking node at BlockPos{x=14, y=126, z=571}
[10Mar2026 10:09:33.171] [Server thread/DEBUG] [MrCrayfish's Furniture Mod: Refurbished/]: Stopping ticking node at BlockPos{x=16, y=125, z=569}
[10Mar2026 10:09:33.171] [Server thread/DEBUG] [MrCrayfish's Furniture Mod: Refurbished/]: Stopping ticking node at BlockPos{x=18, y=125, z=569}
[10Mar2026 10:09:33.172] [Server thread/DEBUG] [MrCrayfish's Furniture Mod: Refurbished/]: Stopping ticking node at BlockPos{x=17, y=125, z=569}
[10Mar2026 10:09:43.543] [Server thread/INFO] [net.minecraft.server.MinecraftServer/]: CAMILO was slain by Piglin Brute
[10Mar2026 10:09:45.816] [Server thread/DEBUG] [net.minecraftforge.common.ForgeHooks/WP]: Gathering id map for writing to world save world
[10Mar2026 10:09:45.834] [Server thread/DEBUG] [net.minecraftforge.common.ForgeHooks/WP]: ID Map collection complete world
[10Mar2026 10:09:50.792] [Server thread/DEBUG] [MrCrayfish's Furniture Mod: Refurbished/]: Stopping ticking node at BlockPos{x=16, y=125, z=569}
[10Mar2026 10:09:50.792] [Server thread/DEBUG] [MrCrayfish's Furniture Mod: Refurbished/]: Stopping ticking node at BlockPos{x=18, y=125, z=569}
[10Mar2026 10:09:50.792] [Server thread/DEBUG] [MrCrayfish's Furniture Mod: Refurbished/]: Stopping ticking node at BlockPos{x=17, y=125, z=569}
[10Mar2026 10:09:50.883] [Server thread/DEBUG] [MrCrayfish's Furniture Mod: Refurbished/]: Stopping ticking node at BlockPos{x=14, y=126, z=571}
[10Mar2026 10:10:02.143] [Server thread/INFO] [net.minecraft.server.MinecraftServer/]: CAMILO was slain by Piglin Brute
[10Mar2026 10:10:08.582] [Server thread/DEBUG] [MrCrayfish's Furniture Mod: Refurbished/]: Stopping ticking node at BlockPos{x=14, y=126, z=571}
[10Mar2026 10:10:08.582] [Server thread/DEBUG] [MrCrayfish's Furniture Mod: Refurbished/]: Stopping ticking node at BlockPos{x=16, y=125, z=569}
[10Mar2026 10:10:08.582] [Server thread/DEBUG] [MrCrayfish's Furniture Mod: Refurbished/]: Stopping ticking node at BlockPos{x=18, y=125, z=569}
[10Mar2026 10:10:08.582] [Server thread/DEBUG] [MrCrayfish's Furniture Mod: Refurbished/]: Stopping ticking node at BlockPos{x=17, y=125, z=569}
[10Mar2026 10:10:29.976] [Server thread/INFO] [net.minecraft.server.MinecraftServer/]: [CAMILO: Set own game mode to Spectator Mode]
[10Mar2026 10:11:33.783] [Server thread/INFO] [net.minecraft.server.MinecraftServer/]: [CAMILO: Set own game mode to Survival Mode]
[10Mar2026 10:14:45.788] [Server thread/DEBUG] [net.minecraftforge.common.ForgeHooks/WP]: Gathering id map for writing to world save world
[10Mar2026 10:14:45.798] [Server thread/DEBUG] [net.minecraftforge.common.ForgeHooks/WP]: ID Map collection complete world
[10Mar2026 10:19:45.782] [Server thread/DEBUG] [net.minecraftforge.common.ForgeHooks/WP]: Gathering id map for writing to world save world
[10Mar2026 10:19:45.791] [Server thread/DEBUG] [net.minecraftforge.common.ForgeHooks/WP]: ID Map collection complete world
[10Mar2026 10:24:45.780] [Server thread/DEBUG] [net.minecraftforge.common.ForgeHooks/WP]: Gathering id map for writing to world save world
[10Mar2026 10:24:45.791] [Server thread/DEBUG] [net.minecraftforge.common.ForgeHooks/WP]: ID Map collection complete world
[10Mar2026 10:29:45.778] [Server thread/DEBUG] [net.minecraftforge.common.ForgeHooks/WP]: Gathering id map for writing to world save world
[10Mar2026 10:29:45.789] [Server thread/DEBUG] [net.minecraftforge.common.ForgeHooks/WP]: ID Map collection complete world
[10Mar2026 10:32:10.835] [Server thread/INFO] [net.minecraft.server.MinecraftServer/]: [CAMILO: Set own game mode to Creative Mode]
[10Mar2026 10:32:19.574] [Server thread/INFO] [net.minecraft.server.MinecraftServer/]: [CAMILO: Set own game mode to Survival Mode]
[10Mar2026 10:32:28.733] [Server thread/INFO] [net.minecraft.server.MinecraftServer/]: [CAMILO: Set own game mode to Creative Mode]
[10Mar2026 10:33:07.322] [Server thread/INFO] [net.minecraft.server.MinecraftServer/]: [CAMILO: Set own game mode to Survival Mode]
[10Mar2026 10:34:25.872] [Server thread/INFO] [net.minecraft.server.MinecraftServer/]: Unknown or incomplete command, see below for error
[10Mar2026 10:34:25.873] [Server thread/INFO] [net.minecraft.server.MinecraftServer/]: sto<--[HERE]
[10Mar2026 10:34:29.265] [Server thread/INFO] [net.minecraft.server.MinecraftServer/]: Stopping the server
[10Mar2026 10:34:29.287] [Server thread/INFO] [net.minecraft.server.MinecraftServer/]: Stopping server
[10Mar2026 10:34:29.288] [Server thread/INFO] [net.minecraft.server.MinecraftServer/]: Saving players
[10Mar2026 10:34:29.310] [Server thread/INFO] [net.minecraft.server.network.ServerGamePacketListenerImpl/]: CAMILO lost connection: Server closed
[10Mar2026 10:34:29.310] [Server thread/INFO] [net.minecraft.server.MinecraftServer/]: CAMILO left the game
[10Mar2026 10:34:29.335] [Server thread/INFO] [net.minecraft.server.MinecraftServer/]: Saving worlds
[10Mar2026 10:34:29.754] [Server thread/INFO] [net.minecraft.server.MinecraftServer/]: Saving chunks for level 'ServerLevel[world]'/minecraft:overworld
[10Mar2026 10:34:30.016] [Server thread/INFO] [net.minecraft.server.MinecraftServer/]: Saving chunks for level 'ServerLevel[world]'/minecraft:the_end
[10Mar2026 10:34:30.017] [Server thread/INFO] [net.minecraft.server.MinecraftServer/]: Saving chunks for level 'ServerLevel[world]'/aether:the_aether
[10Mar2026 10:34:30.018] [Server thread/INFO] [net.minecraft.server.MinecraftServer/]: Saving chunks for level 'ServerLevel[world]'/minecraft:the_nether
[10Mar2026 10:34:30.023] [Server thread/DEBUG] [net.minecraftforge.common.ForgeHooks/WP]: Gathering id map for writing to world save world
[10Mar2026 10:34:30.031] [Server thread/DEBUG] [net.minecraftforge.common.ForgeHooks/WP]: ID Map collection complete world
[10Mar2026 10:34:30.044] [Server thread/INFO] [net.minecraft.server.MinecraftServer/]: ThreadedAnvilChunkStorage (world): All chunks are saved
[10Mar2026 10:34:30.045] [Server thread/INFO] [net.minecraft.server.MinecraftServer/]: ThreadedAnvilChunkStorage (DIM1): All chunks are saved
[10Mar2026 10:34:30.045] [Server thread/INFO] [net.minecraft.server.MinecraftServer/]: ThreadedAnvilChunkStorage (the_aether): All chunks are saved
[10Mar2026 10:34:30.045] [Server thread/INFO] [net.minecraft.server.MinecraftServer/]: ThreadedAnvilChunkStorage (DIM-1): All chunks are saved
[10Mar2026 10:34:30.045] [Server thread/INFO] [net.minecraft.server.MinecraftServer/]: ThreadedAnvilChunkStorage: All dimensions are saved
[10Mar2026 10:34:30.074] [Server thread/INFO] [Framework/]: Unloading server configs...
[10Mar2026 10:34:30.076] [Server thread/DEBUG] [Framework/]: Stopped watching config: /workspaces/Mine-cra/servidor_minecraft/config/refurbished_furniture.server.toml
[10Mar2026 10:34:30.076] [Server thread/INFO] [Framework/]: Sending config unload event for refurbished_furniture.server.toml
[10Mar2026 10:34:30.078] [Server thread/INFO] [Framework/]: Finished unloading server configs
[10Mar2026 10:34:30.078] [Server thread/DEBUG] [Framework/]: Stopping config watcher
[10Mar2026 10:34:30.079] [Server thread/DEBUG] [net.minecraftforge.fml.config.ConfigTracker/CONFIG]: Unloading configs type SERVER
[10Mar2026 10:34:30.080] [Server thread/INFO] [journeymap/]: Loading JourneyMap Forge Configs
